Exercise ID,Exercise Name,Main Category,Body Region,Movement Pattern,Primary Muscle,Secondary Muscles,Equipment,Setup / Angle,Grip / Stance,Laterality,Difficulty,Load Type,Track By,Primary Use,Progression Family,App Tags,Notes
EX-0001,Barbell Bench Press,Strength,Upper Push,Horizontal Push,Chest,Triceps; Front Delts,Barbell,Flat,Standard,Bilateral,Intermediate,External Load,Sets x Reps x Load,Strength / Hypertrophy,Bench Press,chest;press;barbell,
EX-0002,Paused Barbell Bench Press,Strength,Upper Push,Horizontal Push,Chest,Triceps; Front Delts,Barbell,Flat,Standard,Bilateral,Intermediate,External Load,Sets x Reps x Load,Strength / Hypertrophy,Bench Press,chest;press;barbell,
EX-0003,Tempo Barbell Bench Press,Strength,Upper Push,Horizontal Push,Chest,Triceps; Front Delts,Barbell,Flat,Standard,Bilateral,Intermediate,External Load,Sets x Reps x Load,Strength / Hypertrophy,Bench Press,chest;press;barbell,
EX-0004,Close-Grip Bench Press,Strength,Upper Push,Horizontal Push,Chest,Triceps; Front Delts,Barbell,Flat,Close grip,Bilateral,Intermediate,External Load,Sets x Reps x Load,Strength / Hypertrophy,Bench Press,chest;press;barbell,
EX-0005,Wide-Grip Bench Press,Strength,Upper Push,Horizontal Push,Chest,Triceps; Front Delts,Barbell,Flat,Wide grip,Bilateral,Intermediate,External Load,Sets x Reps x Load,Strength / Hypertrophy,Bench Press,chest;press;barbell,
EX-0006,Incline Barbell Bench Press,Strength,Upper Push,Horizontal Push,Chest,Triceps; Front Delts,Barbell,Incline,Standard,Bilateral,Intermediate,External Load,Sets x Reps x Load,Strength / Hypertrophy,Bench Press,chest;press;barbell,
EX-0007,Decline Barbell Bench Press,Strength,Upper Push,Horizontal Push,Chest,Triceps; Front Delts,Barbell,Decline,Standard,Bilateral,Intermediate,External Load,Sets x Reps x Load,Strength / Hypertrophy,Bench Press,chest;press;barbell,
EX-0008,Spoto Press,Strength,Upper Push,Horizontal Push,Chest,Triceps; Front Delts,Barbell,Flat,Standard,Bilateral,Advanced,External Load,Sets x Reps x Load,Strength / Hypertrophy,Bench Press,chest;press;barbell,
EX-0009,Larsen Press,Strength,Upper Push,Horizontal Push,Chest,Triceps; Front Delts,Barbell,Flat,Standard,Bilateral,Advanced,External Load,Sets x Reps x Load,Strength / Hypertrophy,Bench Press,chest;press;barbell,
EX-0010,Barbell Floor Press,Strength,Upper Push,Horizontal Push,Chest,Triceps; Front Delts,Barbell,Floor,Standard,Bilateral,Intermediate,External Load,Sets x Reps x Load,Strength / Hypertrophy,Bench Press,chest;press;barbell,
EX-0011,Board Press,Strength,Upper Push,Horizontal Push,Chest,Triceps; Front Delts,Barbell,Flat,Standard,Bilateral,Advanced,External Load,Sets x Reps x Load,Strength / Hypertrophy,Bench Press,chest;press;barbell,
EX-0012,Pin Press Bench Press,Strength,Upper Push,Horizontal Push,Chest,Triceps; Front Delts,Barbell,Flat / Rack,Standard,Bilateral,Advanced,External Load,Sets x Reps x Load,Strength / Hypertrophy,Bench Press,chest;press;barbell,
EX-0013,Guillotine Press,Strength,Upper Push,Horizontal Push,Chest,Triceps; Front Delts,Barbell,Flat,Wide grip,Bilateral,Advanced,External Load,Sets x Reps x Load,Strength / Hypertrophy,Bench Press,chest;press;barbell,
EX-0014,Dumbbell Bench Press,Strength,Upper Push,Horizontal Push,Chest,Triceps; Front Delts,Dumbbells,Flat,Standard,Bilateral,Beginner,External Load,Sets x Reps x Load,Hypertrophy / Strength,Dumbbell Press / Fly,chest;dumbbell,
EX-0015,Incline Dumbbell Bench Press,Strength,Upper Push,Horizontal Push,Chest,Triceps; Front Delts,Dumbbells,Incline,Standard,Bilateral,Beginner,External Load,Sets x Reps x Load,Hypertrophy / Strength,Dumbbell Press / Fly,chest;dumbbell,
EX-0016,Decline Dumbbell Bench Press,Strength,Upper Push,Horizontal Push,Chest,Triceps; Front Delts,Dumbbells,Decline,Standard,Bilateral,Beginner,External Load,Sets x Reps x Load,Hypertrophy / Strength,Dumbbell Press / Fly,chest;dumbbell,
EX-0017,Neutral-Grip Dumbbell Bench Press,Strength,Upper Push,Horizontal Push,Chest,Triceps; Front Delts,Dumbbells,Flat,Neutral grip,Bilateral,Beginner,External Load,Sets x Reps x Load,Hypertrophy / Strength,Dumbbell Press / Fly,chest;dumbbell,
EX-0018,Alternating Dumbbell Bench Press,Strength,Upper Push,Horizontal Push,Chest,Triceps; Front Delts,Dumbbells,Flat,Alternating,Unilateral-capable,Beginner,External Load,Sets x Reps x Load,Hypertrophy / Strength,Dumbbell Press / Fly,chest;dumbbell,
EX-0019,Single-Arm Dumbbell Bench Press,Strength,Upper Push,Horizontal Push,Chest,Triceps; Front Delts,Dumbbells,Flat,Single-arm,Unilateral-capable,Beginner,External Load,Sets x Reps x Load,Hypertrophy / Strength,Dumbbell Press / Fly,chest;dumbbell,
EX-0020,Dumbbell Floor Press,Strength,Upper Push,Horizontal Push,Chest,Triceps; Front Delts,Dumbbells,Floor,Neutral/standard,Bilateral,Intermediate,External Load,Sets x Reps x Load,Hypertrophy / Strength,Dumbbell Press / Fly,chest;dumbbell,
EX-0021,Dumbbell Squeeze Press,Strength,Upper Push,Horizontal Push,Chest,Triceps; Front Delts,Dumbbells,Flat,Neutral crush grip,Bilateral,Intermediate,External Load,Sets x Reps x Load,Hypertrophy / Strength,Dumbbell Press / Fly,chest;dumbbell,
EX-0022,Dumbbell Fly,Strength,Upper Push,Chest Isolation,Chest,Triceps; Front Delts,Dumbbells,Flat,Neutral,Bilateral,Intermediate,External Load,Sets x Reps x Load,Hypertrophy / Strength,Dumbbell Press / Fly,chest;dumbbell,
EX-0023,Incline Dumbbell Fly,Strength,Upper Push,Chest Isolation,Chest,Triceps; Front Delts,Dumbbells,Incline,Neutral,Bilateral,Intermediate,External Load,Sets x Reps x Load,Hypertrophy / Strength,Dumbbell Press / Fly,chest;dumbbell,
EX-0024,Decline Dumbbell Fly,Strength,Upper Push,Chest Isolation,Chest,Triceps; Front Delts,Dumbbells,Decline,Neutral,Bilateral,Intermediate,External Load,Sets x Reps x Load,Hypertrophy / Strength,Dumbbell Press / Fly,chest;dumbbell,
EX-0025,Dumbbell Pullover,Strength,Upper Push,Pullover,Lats / Chest,Triceps; Front Delts,Dumbbell,Bench,Neutral,Bilateral,Intermediate,External Load,Sets x Reps x Load,Hypertrophy / Strength,Dumbbell Press / Fly,chest;dumbbell,
EX-0026,Dumbbell Around-the-World,Strength,Upper Push,Chest Isolation,Chest,Triceps; Front Delts,Dumbbells,Flat,Wide arc,Bilateral,Intermediate,External Load,Sets x Reps x Load,Hypertrophy / Strength,Dumbbell Press / Fly,chest;dumbbell,
EX-0027,Hex Press,Strength,Upper Push,Horizontal Push,Chest,Triceps; Front Delts,Dumbbells,Flat,Neutral crush grip,Bilateral,Intermediate,External Load,Sets x Reps x Load,Hypertrophy / Strength,Dumbbell Press / Fly,chest;dumbbell,
EX-0028,Machine Chest Press,Strength,Upper Push,Horizontal Push,Chest,Triceps; Front Delts,Machine,Seated,Neutral/standard,Bilateral,Beginner,Machine / External Load,Sets x Reps x Load,Hypertrophy / Strength,Machine Chest,chest;machine,
EX-0029,Plate-Loaded Chest Press,Strength,Upper Push,Horizontal Push,Chest,Triceps; Front Delts,Plate-loaded machine,Seated,Neutral/standard,Bilateral,Beginner,Machine / External Load,Sets x Reps x Load,Hypertrophy / Strength,Machine Chest,chest;machine,
EX-0030,Incline Machine Chest Press,Strength,Upper Push,Horizontal Push,Chest,Triceps; Front Delts,Machine,Incline,Neutral/standard,Bilateral,Beginner,Machine / External Load,Sets x Reps x Load,Hypertrophy / Strength,Machine Chest,chest;machine,
EX-0031,Decline Machine Chest Press,Strength,Upper Push,Horizontal Push,Chest,Triceps; Front Delts,Machine,Decline,Neutral/standard,Bilateral,Beginner,Machine / External Load,Sets x Reps x Load,Hypertrophy / Strength,Machine Chest,chest;machine,
EX-0032,Smith Machine Bench Press,Strength,Upper Push,Horizontal Push,Chest,Triceps; Front Delts,Smith machine,Flat,Standard,Bilateral,Beginner,Machine / External Load,Sets x Reps x Load,Hypertrophy / Strength,Machine Chest,chest;machine,
EX-0033,Smith Machine Incline Bench Press,Strength,Upper Push,Horizontal Push,Chest,Triceps; Front Delts,Smith machine,Incline,Standard,Bilateral,Beginner,Machine / External Load,Sets x Reps x Load,Hypertrophy / Strength,Machine Chest,chest;machine,
EX-0034,Smith Machine Decline Bench Press,Strength,Upper Push,Horizontal Push,Chest,Triceps; Front Delts,Smith machine,Decline,Standard,Bilateral,Beginner,Machine / External Load,Sets x Reps x Load,Hypertrophy / Strength,Machine Chest,chest;machine,
EX-0035,Pec Deck Fly,Strength,Upper Push,Chest Isolation,Chest,Triceps; Front Delts,Machine,Seated,Bent-arm,Bilateral,Beginner,Machine / External Load,Sets x Reps x Load,Hypertrophy / Strength,Machine Chest,chest;machine,
EX-0036,Machine Chest Fly,Strength,Upper Push,Chest Isolation,Chest,Triceps; Front Delts,Machine,Seated,Straight/bent arm,Bilateral,Beginner,Machine / External Load,Sets x Reps x Load,Hypertrophy / Strength,Machine Chest,chest;machine,
EX-0037,Standing Machine Fly,Strength,Upper Push,Chest Isolation,Chest,Triceps; Front Delts,Machine,Standing,Handles,Bilateral,Beginner,Machine / External Load,Sets x Reps x Load,Hypertrophy / Strength,Machine Chest,chest;machine,
EX-0038,Cable Chest Press,Strength,Upper Push,Horizontal Push,Chest,Triceps; Front Delts,Cable,Standing,Dual handles,Bilateral,Beginner,Cable Load,Sets x Reps x Load,Hypertrophy,Cable Chest,chest;cable,
EX-0039,Incline Cable Chest Press,Strength,Upper Push,Horizontal Push,Chest,Triceps; Front Delts,Cable,Incline bench,Dual handles,Bilateral,Beginner,Cable Load,Sets x Reps x Load,Hypertrophy,Cable Chest,chest;cable,
EX-0040,Single-Arm Cable Chest Press,Strength,Upper Push,Horizontal Push,Chest,Triceps; Front Delts,Cable,Standing,Single handle,Unilateral-capable,Beginner,Cable Load,Sets x Reps x Load,Hypertrophy,Cable Chest,chest;cable,
EX-0041,Cable Fly,Strength,Upper Push,Chest Isolation,Chest,Triceps; Front Delts,Cable,Mid pulley,Dual handles,Bilateral,Beginner,Cable Load,Sets x Reps x Load,Hypertrophy,Cable Chest,chest;cable,
EX-0042,High-to-Low Cable Fly,Strength,Upper Push,Chest Isolation,Chest,Triceps; Front Delts,Cable,High pulley,Dual handles,Bilateral,Beginner,Cable Load,Sets x Reps x Load,Hypertrophy,Cable Chest,chest;cable,
EX-0043,Low-to-High Cable Fly,Strength,Upper Push,Chest Isolation,Chest,Triceps; Front Delts,Cable,Low pulley,Dual handles,Bilateral,Beginner,Cable Load,Sets x Reps x Load,Hypertrophy,Cable Chest,chest;cable,
EX-0044,Incline Cable Fly,Strength,Upper Push,Chest Isolation,Chest,Triceps; Front Delts,Cable,Incline bench,Dual handles,Bilateral,Beginner,Cable Load,Sets x Reps x Load,Hypertrophy,Cable Chest,chest;cable,
EX-0045,Single-Arm Cable Fly,Strength,Upper Push,Chest Isolation,Chest,Triceps; Front Delts,Cable,Standing,Single handle,Unilateral-capable,Beginner,Cable Load,Sets x Reps x Load,Hypertrophy,Cable Chest,chest;cable,
EX-0046,Cable Squeeze Press,Strength,Upper Push,Horizontal Push,Chest,Triceps; Front Delts,Cable,Standing,Dual handles,Bilateral,Beginner,Cable Load,Sets x Reps x Load,Hypertrophy,Cable Chest,chest;cable,
EX-0047,Cable Pullover,Strength,Upper Push,Pullover,Lats / Chest,Triceps; Front Delts,Cable,High pulley,Straight bar/rope,Bilateral,Beginner,Cable Load,Sets x Reps x Load,Hypertrophy,Cable Chest,chest;cable,
EX-0048,Push-Up,Calisthenics,Upper Push,Horizontal Push,Chest,Triceps; Front Delts; Serratus,Bodyweight,Floor,Standard,Bilateral,Beginner,Bodyweight,Sets x Reps,Strength / Hypertrophy / Skill,Push-Up / Dip,chest;bodyweight;push,
EX-0049,Knee Push-Up,Calisthenics,Upper Push,Horizontal Push,Chest,Triceps; Front Delts; Serratus,Bodyweight,Floor,Knees,Bilateral,Beginner,Bodyweight,Sets x Reps,Strength / Hypertrophy / Skill,Push-Up / Dip,chest;bodyweight;push,
EX-0050,Incline Push-Up,Calisthenics,Upper Push,Horizontal Push,Chest,Triceps; Front Delts; Serratus,Bodyweight,Hands elevated,Standard,Bilateral,Beginner,Bodyweight,Sets x Reps,Strength / Hypertrophy / Skill,Push-Up / Dip,chest;bodyweight;push,
EX-0051,Decline Push-Up,Calisthenics,Upper Push,Horizontal Push,Chest,Triceps; Front Delts; Serratus,Bodyweight,Feet elevated,Standard,Bilateral,Intermediate,Bodyweight,Sets x Reps,Strength / Hypertrophy / Skill,Push-Up / Dip,chest;bodyweight;push,
EX-0052,Wide Push-Up,Calisthenics,Upper Push,Horizontal Push,Chest,Triceps; Front Delts; Serratus,Bodyweight,Floor,Wide,Bilateral,Beginner,Bodyweight,Sets x Reps,Strength / Hypertrophy / Skill,Push-Up / Dip,chest;bodyweight;push,
EX-0053,Close-Grip Push-Up,Calisthenics,Upper Push,Horizontal Push,Chest,Triceps; Front Delts; Serratus,Bodyweight,Floor,Close,Bilateral,Intermediate,Bodyweight,Sets x Reps,Strength / Hypertrophy / Skill,Push-Up / Dip,chest;bodyweight;push,
EX-0054,Diamond Push-Up,Calisthenics,Upper Push,Horizontal Push,Chest,Triceps; Front Delts; Serratus,Bodyweight,Floor,Diamond,Bilateral,Intermediate,Bodyweight,Sets x Reps,Strength / Hypertrophy / Skill,Push-Up / Dip,chest;bodyweight;push,
EX-0055,Deficit Push-Up,Calisthenics,Upper Push,Horizontal Push,Chest,Triceps; Front Delts; Serratus,Parallettes / Handles,Floor,Deep ROM,Bilateral,Intermediate,Bodyweight,Sets x Reps,Strength / Hypertrophy / Skill,Push-Up / Dip,chest;bodyweight;push,
EX-0056,Ring Push-Up,Calisthenics,Upper Push,Horizontal Push,Chest,Triceps; Front Delts; Serratus,Gymnastic rings,Suspended,Neutral,Bilateral,Intermediate,Bodyweight,Sets x Reps,Strength / Hypertrophy / Skill,Push-Up / Dip,chest;bodyweight;push,
EX-0057,TRX Push-Up,Calisthenics,Upper Push,Horizontal Push,Chest,Triceps; Front Delts; Serratus,Suspension trainer,Suspended,Neutral,Bilateral,Intermediate,Bodyweight,Sets x Reps,Strength / Hypertrophy / Skill,Push-Up / Dip,chest;bodyweight;push,
EX-0058,Archer Push-Up,Calisthenics,Upper Push,Horizontal Push,Chest,Triceps; Front Delts; Serratus,Bodyweight,Floor,Archer,Bilateral,Advanced,Bodyweight,Sets x Reps,Strength / Hypertrophy / Skill,Push-Up / Dip,chest;bodyweight;push,
EX-0059,Pseudo Planche Push-Up,Calisthenics,Upper Push,Horizontal Push,Chest,Triceps; Front Delts; Serratus,Bodyweight,Floor,Forward lean,Bilateral,Advanced,Bodyweight,Sets x Reps,Strength / Hypertrophy / Skill,Push-Up / Dip,chest;bodyweight;push,
EX-0060,Plyometric Push-Up,Calisthenics,Upper Push,Horizontal Push,Chest,Triceps; Front Delts; Serratus,Bodyweight,Floor,Explosive,Bilateral,Advanced,Bodyweight,Sets x Reps,Strength / Hypertrophy / Skill,Push-Up / Dip,chest;bodyweight;push,
EX-0061,Clap Push-Up,Calisthenics,Upper Push,Horizontal Push,Chest,Triceps; Front Delts; Serratus,Bodyweight,Floor,Explosive,Bilateral,Advanced,Bodyweight,Sets x Reps,Strength / Hypertrophy / Skill,Push-Up / Dip,chest;bodyweight;push,
EX-0062,One-Arm Push-Up,Calisthenics,Upper Push,Horizontal Push,Chest,Triceps; Front Delts; Serratus,Bodyweight,Floor,Single-arm,Unilateral,Advanced,Bodyweight,Sets x Reps,Strength / Hypertrophy / Skill,Push-Up / Dip,chest;bodyweight;push,
EX-0063,Scapular Push-Up,Calisthenics,Upper Push,Horizontal Push,Chest,Triceps; Front Delts; Serratus,Bodyweight,Floor,Scapular,Bilateral,Beginner,Bodyweight,Sets x Reps,Strength / Hypertrophy / Skill,Push-Up / Dip,chest;bodyweight;push,
EX-0064,Chest Dip,Calisthenics,Upper Push,Horizontal Push,Chest,Triceps; Front Delts; Serratus,Dip bars,Leaning,Neutral,Bilateral,Intermediate,Bodyweight,Sets x Reps,Strength / Hypertrophy / Skill,Push-Up / Dip,chest;bodyweight;push,
EX-0065,Assisted Chest Dip,Calisthenics,Upper Push,Horizontal Push,Chest,Triceps; Front Delts; Serratus,Assisted dip machine / Bands,Leaning,Neutral,Bilateral,Beginner,Bodyweight,Sets x Reps,Strength / Hypertrophy / Skill,Push-Up / Dip,chest;bodyweight;push,
EX-0066,Ring Dip,Calisthenics,Upper Push,Horizontal Push,Chest,Triceps; Front Delts; Serratus,Gymnastic rings,Suspended,Neutral,Bilateral,Advanced,Bodyweight,Sets x Reps,Strength / Hypertrophy / Skill,Push-Up / Dip,chest;bodyweight;push,
EX-0067,Band-Resisted Push-Up,Calisthenics,Upper Push,Horizontal Push,Chest,Triceps; Front Delts; Serratus,Resistance band,Floor,Standard,Bilateral,Intermediate,Bodyweight + Band,Sets x Reps,Strength / Hypertrophy / Skill,Push-Up / Dip,chest;bodyweight;push,
EX-0068,Standing Barbell Overhead Press,Strength,Upper Push,Vertical Push,Shoulders,Triceps; Upper Chest; Traps,Barbell,Standing,Standard,Bilateral,Intermediate,External Load,Sets x Reps x Load,Strength / Hypertrophy,Overhead Press,shoulders;barbell,
EX-0069,Seated Barbell Overhead Press,Strength,Upper Push,Vertical Push,Shoulders,Triceps; Upper Chest; Traps,Barbell,Seated,Standard,Bilateral,Intermediate,External Load,Sets x Reps x Load,Strength / Hypertrophy,Overhead Press,shoulders;barbell,
EX-0070,Push Press,Strength,Upper Push,Vertical Push,Shoulders,Triceps; Upper Chest; Traps,Barbell,Standing,Leg drive,Bilateral,Advanced,External Load,Sets x Reps x Load,Strength / Hypertrophy,Overhead Press,shoulders;barbell,
EX-0071,Behind-the-Neck Press,Strength,Upper Push,Vertical Push,Shoulders,Triceps; Upper Chest; Traps,Barbell,Standing/Seated,Wide,Bilateral,Advanced,External Load,Sets x Reps x Load,Strength / Hypertrophy,Overhead Press,shoulders;barbell,
EX-0072,Bradford Press,Strength,Upper Push,Vertical Push,Shoulders,Triceps; Upper Chest; Traps,Barbell,Standing/Seated,Wide,Bilateral,Advanced,External Load,Sets x Reps x Load,Strength / Hypertrophy,Overhead Press,shoulders;barbell,
EX-0073,Z Press,Strength,Upper Push,Vertical Push,Shoulders,Triceps; Upper Chest; Traps,Barbell,Seated on floor,Standard,Bilateral,Advanced,External Load,Sets x Reps x Load,Strength / Hypertrophy,Overhead Press,shoulders;barbell,
EX-0074,Barbell Front Raise,Strength,Upper Push,Shoulder Isolation,Shoulders,Traps; Front Delts,Barbell,Standing,Pronated,Bilateral,Intermediate,External Load,Sets x Reps x Load,Strength / Hypertrophy,Overhead Press,shoulders;barbell,
EX-0075,Barbell Upright Row,Strength,Upper Push,High Pull / Upright Row,Shoulders,Traps; Front Delts,Barbell,Standing,Narrow/medium,Bilateral,Intermediate,External Load,Sets x Reps x Load,Strength / Hypertrophy,Overhead Press,shoulders;barbell,
EX-0076,Dumbbell Shoulder Press,Strength,Upper Push,Vertical Push,Shoulders,Triceps; Upper Chest,Dumbbells,Seated/standing,Standard,Bilateral,Beginner,External Load,Sets x Reps x Load,Hypertrophy / Prehab,Dumbbell Shoulder,shoulders;dumbbell,
EX-0077,Seated Dumbbell Shoulder Press,Strength,Upper Push,Vertical Push,Shoulders,Triceps; Upper Chest,Dumbbells,Seated,Standard,Bilateral,Beginner,External Load,Sets x Reps x Load,Hypertrophy / Prehab,Dumbbell Shoulder,shoulders;dumbbell,
EX-0078,Standing Dumbbell Shoulder Press,Strength,Upper Push,Vertical Push,Shoulders,Triceps; Upper Chest,Dumbbells,Standing,Standard,Bilateral,Intermediate,External Load,Sets x Reps x Load,Hypertrophy / Prehab,Dumbbell Shoulder,shoulders;dumbbell,
EX-0079,Single-Arm Dumbbell Shoulder Press,Strength,Upper Push,Vertical Push,Shoulders,Triceps; Upper Chest,Dumbbell,Standing/seated,Single-arm,Unilateral-capable,Intermediate,External Load,Sets x Reps x Load,Hypertrophy / Prehab,Dumbbell Shoulder,shoulders;dumbbell,
EX-0080,Alternating Dumbbell Shoulder Press,Strength,Upper Push,Vertical Push,Shoulders,Triceps; Upper Chest,Dumbbells,Seated/standing,Alternating,Unilateral-capable,Intermediate,External Load,Sets x Reps x Load,Hypertrophy / Prehab,Dumbbell Shoulder,shoulders;dumbbell,
EX-0081,Arnold Press,Strength,Upper Push,Vertical Push,Shoulders,Triceps; Upper Chest,Dumbbells,Seated/standing,Rotating,Bilateral,Intermediate,External Load,Sets x Reps x Load,Hypertrophy / Prehab,Dumbbell Shoulder,shoulders;dumbbell,
EX-0082,Dumbbell Lateral Raise,Strength,Upper Push,Shoulder Isolation,Shoulders,Traps; Rotator Cuff,Dumbbells,Standing,Neutral,Bilateral,Beginner,External Load,Sets x Reps x Load,Hypertrophy / Prehab,Dumbbell Shoulder,shoulders;dumbbell,
EX-0083,Seated Dumbbell Lateral Raise,Strength,Upper Push,Shoulder Isolation,Shoulders,Traps; Rotator Cuff,Dumbbells,Seated,Neutral,Bilateral,Beginner,External Load,Sets x Reps x Load,Hypertrophy / Prehab,Dumbbell Shoulder,shoulders;dumbbell,
EX-0084,Lean-Away Dumbbell Lateral Raise,Strength,Upper Push,Shoulder Isolation,Shoulders,Traps; Rotator Cuff,Dumbbell,Leaning,Single-arm,Unilateral-capable,Intermediate,External Load,Sets x Reps x Load,Hypertrophy / Prehab,Dumbbell Shoulder,shoulders;dumbbell,
EX-0085,Dumbbell Front Raise,Strength,Upper Push,Shoulder Isolation,Shoulders,Traps; Rotator Cuff,Dumbbells,Standing,Neutral/pronated,Bilateral,Beginner,External Load,Sets x Reps x Load,Hypertrophy / Prehab,Dumbbell Shoulder,shoulders;dumbbell,
EX-0086,Alternating Dumbbell Front Raise,Strength,Upper Push,Shoulder Isolation,Shoulders,Traps; Rotator Cuff,Dumbbells,Standing,Alternating,Unilateral-capable,Beginner,External Load,Sets x Reps x Load,Hypertrophy / Prehab,Dumbbell Shoulder,shoulders;dumbbell,
EX-0087,Dumbbell Rear Delt Fly,Strength,Upper Push,Shoulder Isolation,Shoulders,Traps; Rotator Cuff,Dumbbells,Hinged,Neutral,Bilateral,Beginner,External Load,Sets x Reps x Load,Hypertrophy / Prehab,Dumbbell Shoulder,shoulders;dumbbell,
EX-0088,Incline Dumbbell Rear Delt Fly,Strength,Upper Push,Shoulder Isolation,Shoulders,Traps; Rotator Cuff,Dumbbells,Chest-supported incline,Neutral,Bilateral,Beginner,External Load,Sets x Reps x Load,Hypertrophy / Prehab,Dumbbell Shoulder,shoulders;dumbbell,
EX-0089,Dumbbell Cuban Press,Strength,Upper Push,Vertical Push,Shoulders,Triceps; Upper Chest,Dumbbells,Standing,External rotation,Bilateral,Intermediate,External Load,Sets x Reps x Load,Hypertrophy / Prehab,Dumbbell Shoulder,shoulders;dumbbell,
EX-0090,Dumbbell Y Raise,Strength,Upper Push,Shoulder Isolation,Shoulders,Traps; Rotator Cuff,Dumbbells,Incline/prone,Y angle,Bilateral,Beginner,External Load,Sets x Reps x Load,Hypertrophy / Prehab,Dumbbell Shoulder,shoulders;dumbbell,
EX-0091,Dumbbell Scaption Raise,Strength,Upper Push,Shoulder Isolation,Shoulders,Traps; Rotator Cuff,Dumbbells,Standing,Thumbs up,Bilateral,Beginner,External Load,Sets x Reps x Load,Hypertrophy / Prehab,Dumbbell Shoulder,shoulders;dumbbell,
EX-0092,Dumbbell Shrug,Strength,Upper Push,Shrug / Elevation,Shoulders,Neck; Forearms,Dumbbells,Standing,Neutral,Bilateral,Beginner,External Load,Sets x Reps x Load,Hypertrophy / Prehab,Dumbbell Shoulder,shoulders;dumbbell,
EX-0093,Cable Lateral Raise,Strength,Upper Push/Pull,Shoulder Isolation,Shoulders,Traps; Rear Delts; Scapular Stabilizers,Cable,Low pulley,Single handle,Unilateral-capable,Beginner,Cable Load,Sets x Reps x Load,Hypertrophy / Prehab,Cable Shoulder,shoulders;cable;prehab,
EX-0094,Behind-the-Back Cable Lateral Raise,Strength,Upper Push/Pull,Shoulder Isolation,Shoulders,Traps; Rear Delts; Scapular Stabilizers,Cable,Low pulley behind body,Single handle,Unilateral-capable,Intermediate,Cable Load,Sets x Reps x Load,Hypertrophy / Prehab,Cable Shoulder,shoulders;cable;prehab,
EX-0095,Cable Front Raise,Strength,Upper Push/Pull,Shoulder Isolation,Shoulders,Traps; Rear Delts; Scapular Stabilizers,Cable,Low pulley,Straight bar/rope,Unilateral-capable,Beginner,Cable Load,Sets x Reps x Load,Hypertrophy / Prehab,Cable Shoulder,shoulders;cable;prehab,
EX-0096,Cable Rear Delt Fly,Strength,Upper Push/Pull,Rear Delt / Scapular Pull,Shoulders,Traps; Rear Delts; Scapular Stabilizers,Cable,High/mid pulley,Dual handles,Unilateral-capable,Beginner,Cable Load,Sets x Reps x Load,Hypertrophy / Prehab,Cable Shoulder,shoulders;cable;prehab,
EX-0097,Single-Arm Cable Rear Delt Fly,Strength,Upper Push/Pull,Rear Delt / Scapular Pull,Shoulders,Traps; Rear Delts; Scapular Stabilizers,Cable,High/mid pulley,Single handle,Unilateral-capable,Beginner,Cable Load,Sets x Reps x Load,Hypertrophy / Prehab,Cable Shoulder,shoulders;cable;prehab,
EX-0098,Cable Face Pull,Strength,Upper Push/Pull,Rear Delt / Scapular Pull,Shoulders,Traps; Rear Delts; Scapular Stabilizers,Cable,High pulley,Rope,Unilateral-capable,Beginner,Cable Load,Sets x Reps x Load,Hypertrophy / Prehab,Cable Shoulder,shoulders;cable;prehab,
EX-0099,Cable Upright Row,Strength,Upper Push/Pull,Shoulder Isolation,Shoulders,Traps; Rear Delts; Scapular Stabilizers,Cable,Low pulley,Straight bar/rope,Unilateral-capable,Intermediate,Cable Load,Sets x Reps x Load,Hypertrophy / Prehab,Cable Shoulder,shoulders;cable;prehab,
EX-0100,Cable External Rotation,Strength,Upper Push/Pull,Rotator Cuff,Rotator Cuff,Traps; Rear Delts; Scapular Stabilizers,Cable,Elbow tucked,Single handle,Unilateral-capable,Beginner,Cable Load,Sets x Reps x Load,Hypertrophy / Prehab,Cable Shoulder,shoulders;cable;prehab,
EX-0101,Cable Internal Rotation,Strength,Upper Push/Pull,Rotator Cuff,Rotator Cuff,Traps; Rear Delts; Scapular Stabilizers,Cable,Elbow tucked,Single handle,Unilateral-capable,Beginner,Cable Load,Sets x Reps x Load,Hypertrophy / Prehab,Cable Shoulder,shoulders;cable;prehab,
EX-0102,Cable Y Raise,Strength,Upper Push/Pull,Shoulder Isolation,Shoulders,Traps; Rear Delts; Scapular Stabilizers,Cable,Low pulley,Dual handles,Unilateral-capable,Intermediate,Cable Load,Sets x Reps x Load,Hypertrophy / Prehab,Cable Shoulder,shoulders;cable;prehab,
EX-0103,Machine Shoulder Press,Strength,Upper Push/Pull,Vertical Push,Shoulders,Triceps; Traps,Machine,Seated,Neutral/standard,Bilateral,Beginner,Machine / External Load,Sets x Reps x Load,Hypertrophy / Strength,Machine Shoulder,shoulders;machine,
EX-0104,Plate-Loaded Shoulder Press,Strength,Upper Push/Pull,Vertical Push,Shoulders,Triceps; Traps,Plate-loaded machine,Seated,Neutral/standard,Bilateral,Beginner,Machine / External Load,Sets x Reps x Load,Hypertrophy / Strength,Machine Shoulder,shoulders;machine,
EX-0105,Smith Machine Shoulder Press,Strength,Upper Push/Pull,Vertical Push,Shoulders,Triceps; Traps,Smith machine,Seated/standing,Standard,Bilateral,Beginner,Machine / External Load,Sets x Reps x Load,Hypertrophy / Strength,Machine Shoulder,shoulders;machine,
EX-0106,Machine Lateral Raise,Strength,Upper Push/Pull,Shoulder Isolation,Shoulders,Triceps; Traps,Machine,Seated,Pads,Bilateral,Beginner,Machine / External Load,Sets x Reps x Load,Hypertrophy / Strength,Machine Shoulder,shoulders;machine,
EX-0107,Rear Delt Pec Deck,Strength,Upper Push/Pull,Shoulder Isolation,Rear Delts,Triceps; Traps,Machine,Seated,Reverse fly,Bilateral,Beginner,Machine / External Load,Sets x Reps x Load,Hypertrophy / Strength,Machine Shoulder,shoulders;machine,
EX-0108,Machine Shrug,Strength,Upper Push/Pull,Shrug / Elevation,Shoulders,Triceps; Traps,Machine,Standing/seated,Handles,Bilateral,Beginner,Machine / External Load,Sets x Reps x Load,Hypertrophy / Strength,Machine Shoulder,shoulders;machine,
EX-0109,Pike Push-Up,Calisthenics,Upper Push,Vertical Push / Shoulder Skill,Shoulders,Triceps; Core; Serratus,Bodyweight,Floor,Pike,Bilateral,Intermediate,Bodyweight,Sets x Reps,Strength / Skill / Prehab,Bodyweight Shoulder,shoulders;bodyweight;skill,
EX-0110,Decline Pike Push-Up,Calisthenics,Upper Push,Vertical Push / Shoulder Skill,Shoulders,Triceps; Core; Serratus,Bodyweight,Feet elevated,Pike,Bilateral,Advanced,Bodyweight,Sets x Reps,Strength / Skill / Prehab,Bodyweight Shoulder,shoulders;bodyweight;skill,
EX-0111,Wall Handstand Push-Up,Calisthenics,Upper Push,Vertical Push / Shoulder Skill,Shoulders,Triceps; Core; Serratus,Bodyweight,Wall,Inverted,Bilateral,Advanced,Bodyweight,Sets x Reps,Strength / Skill / Prehab,Bodyweight Shoulder,shoulders;bodyweight;skill,
EX-0112,Strict Handstand Push-Up,Calisthenics,Upper Push,Vertical Push / Shoulder Skill,Shoulders,Triceps; Core; Serratus,Bodyweight,Free/wall,Inverted,Bilateral,Advanced,Bodyweight,Sets x Reps,Strength / Skill / Prehab,Bodyweight Shoulder,shoulders;bodyweight;skill,
EX-0113,Wall Walk,Calisthenics,Upper Push,Vertical Push / Shoulder Skill,Shoulders,Triceps; Core; Serratus,Bodyweight,Wall,Inchworm to handstand,Bilateral,Advanced,Bodyweight,Sets x Reps,Strength / Skill / Prehab,Bodyweight Shoulder,shoulders;bodyweight;skill,
EX-0114,Handstand Hold,Calisthenics,Upper Push,Vertical Push / Shoulder Skill,Shoulders,Triceps; Core; Serratus,Bodyweight,Wall/free,Inverted hold,Bilateral,Advanced,Bodyweight,Sets x Hold Time,Strength / Skill / Prehab,Bodyweight Shoulder,shoulders;bodyweight;skill,
EX-0115,Planche Lean,Calisthenics,Upper Push,Vertical Push / Shoulder Skill,Shoulders,Triceps; Core; Serratus,Bodyweight,Floor/parallettes,Forward lean,Bilateral,Advanced,Bodyweight,Sets x Hold Time,Strength / Skill / Prehab,Bodyweight Shoulder,shoulders;bodyweight;skill,
EX-0116,Scapular Wall Slide,Calisthenics,Upper Push,Vertical Push / Shoulder Skill,Shoulders,Triceps; Core; Serratus,Bodyweight,Wall,Scapular,Bilateral,Beginner,Bodyweight,Sets x Reps,Strength / Skill / Prehab,Bodyweight Shoulder,shoulders;bodyweight;skill,
EX-0117,Half-Kneeling Landmine Press,Strength,Upper Push,Vertical Push,Shoulders,Triceps; Core,Landmine,Half-kneeling,Single-arm,Unilateral-capable,Intermediate,External Load,Sets x Reps x Load,Strength / Stability,Landmine/Kettlebell Press,shoulders;landmine;kettlebell,
EX-0118,Standing Landmine Press,Strength,Upper Push,Vertical Push,Shoulders,Triceps; Core,Landmine,Standing,Single-arm,Unilateral-capable,Intermediate,External Load,Sets x Reps x Load,Strength / Stability,Landmine/Kettlebell Press,shoulders;landmine;kettlebell,
EX-0119,Landmine Shoulder-to-Shoulder Press,Strength,Upper Push,Vertical Push,Shoulders,Triceps; Core,Landmine,Standing,Arc,Unilateral-capable,Intermediate,External Load,Sets x Reps x Load,Strength / Stability,Landmine/Kettlebell Press,shoulders;landmine;kettlebell,
EX-0120,Viking Press,Strength,Upper Push,Vertical Push,Shoulders,Triceps; Core,Viking press / Landmine,Standing,Neutral,Unilateral-capable,Advanced,External Load,Sets x Reps x Load,Strength / Stability,Landmine/Kettlebell Press,shoulders;landmine;kettlebell,
EX-0121,Kettlebell Strict Press,Strength,Upper Push,Vertical Push,Shoulders,Triceps; Core,Kettlebell,Standing,Rack position,Unilateral-capable,Intermediate,External Load,Sets x Reps x Load,Strength / Stability,Landmine/Kettlebell Press,shoulders;landmine;kettlebell,
EX-0122,Kettlebell Push Press,Strength,Upper Push,Vertical Push,Shoulders,Triceps; Core,Kettlebell,Standing,Rack position,Unilateral-capable,Intermediate,External Load,Sets x Reps x Load,Strength / Stability,Landmine/Kettlebell Press,shoulders;landmine;kettlebell,
EX-0123,Bottoms-Up Kettlebell Press,Strength,Upper Push,Vertical Push,Shoulders,Triceps; Core,Kettlebell,Standing,Bottoms-up,Unilateral-capable,Advanced,External Load,Sets x Reps x Load,Strength / Stability,Landmine/Kettlebell Press,shoulders;landmine;kettlebell,
EX-0124,EZ-Bar Skull Crusher,Strength,Upper Push,Elbow Extension,Triceps,Chest; Shoulders,EZ-bar,Lying,Overhand,Bilateral,Intermediate,External Load,Sets x Reps x Load,Hypertrophy / Strength,Triceps Extension,triceps;arms,
EX-0125,Barbell Skull Crusher,Strength,Upper Push,Elbow Extension,Triceps,Chest; Shoulders,Barbell,Lying,Overhand,Bilateral,Intermediate,External Load,Sets x Reps x Load,Hypertrophy / Strength,Triceps Extension,triceps;arms,
EX-0126,Dumbbell Skull Crusher,Strength,Upper Push,Elbow Extension,Triceps,Chest; Shoulders,Dumbbells,Lying,Neutral,Bilateral,Intermediate,External Load,Sets x Reps x Load,Hypertrophy / Strength,Triceps Extension,triceps;arms,
EX-0127,Rolling Dumbbell Triceps Extension,Strength,Upper Push,Elbow Extension,Triceps,Chest; Shoulders,Dumbbells,Lying,Neutral,Bilateral,Intermediate,External Load,Sets x Reps x Load,Hypertrophy / Strength,Triceps Extension,triceps;arms,
EX-0128,Overhead Dumbbell Triceps Extension,Strength,Upper Push,Elbow Extension,Triceps,Chest; Shoulders,Dumbbell,Seated/standing,Two-hand,Bilateral,Beginner,External Load,Sets x Reps x Load,Hypertrophy / Strength,Triceps Extension,triceps;arms,
EX-0129,Single-Arm Overhead Dumbbell Triceps Extension,Strength,Upper Push,Elbow Extension,Triceps,Chest; Shoulders,Dumbbell,Seated/standing,Single-arm,Unilateral-capable,Beginner,External Load,Sets x Reps x Load,Hypertrophy / Strength,Triceps Extension,triceps;arms,
EX-0130,Dumbbell Triceps Kickback,Strength,Upper Push,Elbow Extension,Triceps,Chest; Shoulders,Dumbbells,Hinged,Neutral,Bilateral,Beginner,External Load,Sets x Reps x Load,Hypertrophy / Strength,Triceps Extension,triceps;arms,
EX-0131,Tate Press,Strength,Upper Push,Elbow Extension,Triceps,Chest; Shoulders,Dumbbells,Lying,Elbows out,Bilateral,Intermediate,External Load,Sets x Reps x Load,Hypertrophy / Strength,Triceps Extension,triceps;arms,
EX-0132,JM Press,Strength,Upper Push,Elbow Extension,Triceps,Chest; Shoulders,Barbell,Bench,Close grip,Bilateral,Advanced,External Load,Sets x Reps x Load,Hypertrophy / Strength,Triceps Extension,triceps;arms,
EX-0133,Cable Triceps Pressdown,Strength,Upper Push,Elbow Extension,Triceps,Chest; Shoulders,Cable,High pulley,Straight bar,Bilateral,Beginner,Cable Load,Sets x Reps x Load,Hypertrophy / Strength,Triceps Extension,triceps;arms,
EX-0134,Rope Triceps Pressdown,Strength,Upper Push,Elbow Extension,Triceps,Chest; Shoulders,Cable,High pulley,Rope,Bilateral,Beginner,Cable Load,Sets x Reps x Load,Hypertrophy / Strength,Triceps Extension,triceps;arms,
EX-0135,Reverse-Grip Cable Pressdown,Strength,Upper Push,Elbow Extension,Triceps,Chest; Shoulders,Cable,High pulley,Underhand,Bilateral,Beginner,Cable Load,Sets x Reps x Load,Hypertrophy / Strength,Triceps Extension,triceps;arms,
EX-0136,Single-Arm Cable Pressdown,Strength,Upper Push,Elbow Extension,Triceps,Chest; Shoulders,Cable,High pulley,Single handle,Unilateral-capable,Beginner,Cable Load,Sets x Reps x Load,Hypertrophy / Strength,Triceps Extension,triceps;arms,
EX-0137,Overhead Cable Triceps Extension,Strength,Upper Push,Elbow Extension,Triceps,Chest; Shoulders,Cable,High/low pulley,Rope,Bilateral,Beginner,Cable Load,Sets x Reps x Load,Hypertrophy / Strength,Triceps Extension,triceps;arms,
EX-0138,Cable Cross-Body Triceps Extension,Strength,Upper Push,Elbow Extension,Triceps,Chest; Shoulders,Cable,High pulley,Single handle,Unilateral-capable,Beginner,Cable Load,Sets x Reps x Load,Hypertrophy / Strength,Triceps Extension,triceps;arms,
EX-0139,Machine Triceps Extension,Strength,Upper Push,Elbow Extension,Triceps,Chest; Shoulders,Machine,Seated,Handles,Bilateral,Beginner,External Load,Sets x Reps x Load,Hypertrophy / Strength,Triceps Extension,triceps;arms,
EX-0140,Machine Dip,Strength,Upper Push,Vertical Push,Triceps,Chest; Shoulders,Machine,Seated,Neutral,Bilateral,Beginner,External Load,Sets x Reps x Load,Hypertrophy / Strength,Triceps Extension,triceps;arms,
EX-0141,Bench Dip,Strength,Upper Push,Vertical Push,Triceps,Chest; Shoulders,Bench,Hands on bench,Bodyweight,Bilateral,Beginner,Bodyweight,Sets x Reps,Hypertrophy / Strength,Triceps Extension,triceps;arms,
EX-0142,Assisted Dip,Strength,Upper Push,Vertical Push,Triceps,Chest; Shoulders,Assisted dip machine,Upright,Neutral,Bilateral,Beginner,External Load,Sets x Reps x Load,Hypertrophy / Strength,Triceps Extension,triceps;arms,
EX-0143,Band Triceps Pressdown,Strength,Upper Push,Elbow Extension,Triceps,Chest; Shoulders,Resistance band,High anchor,Band,Bilateral,Beginner,Band Load,Sets x Reps x Load,Hypertrophy / Strength,Triceps Extension,triceps;arms,
EX-0144,Band Overhead Triceps Extension,Strength,Upper Push,Elbow Extension,Triceps,Chest; Shoulders,Resistance band,Low anchor,Band,Bilateral,Beginner,Band Load,Sets x Reps x Load,Hypertrophy / Strength,Triceps Extension,triceps;arms,
EX-0145,Pull-Up,Strength,Upper Pull,Vertical Pull,Lats,Biceps; Mid Back; Rear Delts,Bodyweight / Pull-up bar,Hanging,Pronated,Bilateral,Intermediate,Bodyweight,Sets x Reps,Strength / Hypertrophy,Vertical Pull,back;lats;pull,
EX-0146,Chin-Up,Strength,Upper Pull,Vertical Pull,Lats,Biceps; Mid Back; Rear Delts,Bodyweight / Pull-up bar,Hanging,Supinated,Bilateral,Intermediate,Bodyweight,Sets x Reps,Strength / Hypertrophy,Vertical Pull,back;lats;pull,
EX-0147,Neutral-Grip Pull-Up,Strength,Upper Pull,Vertical Pull,Lats,Biceps; Mid Back; Rear Delts,Bodyweight / Pull-up bar,Hanging,Neutral,Bilateral,Intermediate,Bodyweight,Sets x Reps,Strength / Hypertrophy,Vertical Pull,back;lats;pull,
EX-0148,Wide-Grip Pull-Up,Strength,Upper Pull,Vertical Pull,Lats,Biceps; Mid Back; Rear Delts,Bodyweight / Pull-up bar,Hanging,Wide pronated,Bilateral,Advanced,Bodyweight,Sets x Reps,Strength / Hypertrophy,Vertical Pull,back;lats;pull,
EX-0149,Close-Grip Pull-Up,Strength,Upper Pull,Vertical Pull,Lats,Biceps; Mid Back; Rear Delts,Bodyweight / Pull-up bar,Hanging,Close,Bilateral,Intermediate,Bodyweight,Sets x Reps,Strength / Hypertrophy,Vertical Pull,back;lats;pull,
EX-0150,Assisted Pull-Up,Strength,Upper Pull,Vertical Pull,Lats,Biceps; Mid Back; Rear Delts,Assisted pull-up machine / Band,Hanging,Any,Bilateral,Beginner,Bodyweight,Sets x Reps,Strength / Hypertrophy,Vertical Pull,back;lats;pull,
EX-0151,Weighted Pull-Up,Strength,Upper Pull,Vertical Pull,Lats,Biceps; Mid Back; Rear Delts,Pull-up bar + belt,Hanging,Pronated,Bilateral,Advanced,Bodyweight,Sets x Reps,Strength / Hypertrophy,Vertical Pull,back;lats;pull,
EX-0152,Weighted Chin-Up,Strength,Upper Pull,Vertical Pull,Lats,Biceps; Mid Back; Rear Delts,Pull-up bar + belt,Hanging,Supinated,Bilateral,Advanced,Bodyweight,Sets x Reps,Strength / Hypertrophy,Vertical Pull,back;lats;pull,
EX-0153,Commando Pull-Up,Strength,Upper Pull,Vertical Pull,Lats,Biceps; Mid Back; Rear Delts,Bodyweight / Pull-up bar,Hanging,Mixed neutral,Bilateral,Advanced,Bodyweight,Sets x Reps,Strength / Hypertrophy,Vertical Pull,back;lats;pull,
EX-0154,Scapular Pull-Up,Strength,Upper Pull,Vertical Pull,Lats,Biceps; Mid Back; Rear Delts,Bodyweight / Pull-up bar,Hanging,Scapular,Bilateral,Beginner,Bodyweight,Sets x Reps,Strength / Hypertrophy,Vertical Pull,back;lats;pull,
EX-0155,Lat Pulldown,Strength,Upper Pull,Vertical Pull,Lats,Biceps; Mid Back; Rear Delts,Cable / Pulldown machine,Seated,Wide/standard,Bilateral,Beginner,Cable Load,Sets x Reps x Load,Strength / Hypertrophy,Vertical Pull,back;lats;pull,
EX-0156,Wide-Grip Lat Pulldown,Strength,Upper Pull,Vertical Pull,Lats,Biceps; Mid Back; Rear Delts,Cable / Pulldown machine,Seated,Wide pronated,Bilateral,Beginner,Cable Load,Sets x Reps x Load,Strength / Hypertrophy,Vertical Pull,back;lats;pull,
EX-0157,Close-Grip Lat Pulldown,Strength,Upper Pull,Vertical Pull,Lats,Biceps; Mid Back; Rear Delts,Cable / Pulldown machine,Seated,Close neutral,Bilateral,Beginner,Cable Load,Sets x Reps x Load,Strength / Hypertrophy,Vertical Pull,back;lats;pull,
EX-0158,Neutral-Grip Lat Pulldown,Strength,Upper Pull,Vertical Pull,Lats,Biceps; Mid Back; Rear Delts,Cable / Pulldown machine,Seated,Neutral,Bilateral,Beginner,Cable Load,Sets x Reps x Load,Strength / Hypertrophy,Vertical Pull,back;lats;pull,
EX-0159,Reverse-Grip Lat Pulldown,Strength,Upper Pull,Vertical Pull,Lats,Biceps; Mid Back; Rear Delts,Cable / Pulldown machine,Seated,Supinated,Bilateral,Beginner,Cable Load,Sets x Reps x Load,Strength / Hypertrophy,Vertical Pull,back;lats;pull,
EX-0160,Single-Arm Lat Pulldown,Strength,Upper Pull,Vertical Pull,Lats,Biceps; Mid Back; Rear Delts,Cable / Pulldown machine,Seated/kneeling,Single handle,Unilateral-capable,Beginner,Cable Load,Sets x Reps x Load,Strength / Hypertrophy,Vertical Pull,back;lats;pull,
EX-0161,Kneeling Cable Lat Pulldown,Strength,Upper Pull,Vertical Pull,Lats,Biceps; Mid Back; Rear Delts,Cable,Kneeling,Dual/single handles,Bilateral,Beginner,Cable Load,Sets x Reps x Load,Strength / Hypertrophy,Vertical Pull,back;lats;pull,
EX-0162,Straight-Arm Pulldown,Strength,Upper Pull,Vertical Pull,Lats,Biceps; Mid Back; Rear Delts,Cable,Standing,Straight bar/rope,Bilateral,Beginner,Cable Load,Sets x Reps x Load,Strength / Hypertrophy,Vertical Pull,back;lats;pull,
EX-0163,Rope Straight-Arm Pulldown,Strength,Upper Pull,Vertical Pull,Lats,Biceps; Mid Back; Rear Delts,Cable,Standing,Rope,Bilateral,Beginner,Cable Load,Sets x Reps x Load,Strength / Hypertrophy,Vertical Pull,back;lats;pull,
EX-0164,Band Lat Pulldown,Strength,Upper Pull,Vertical Pull,Lats,Biceps; Mid Back; Rear Delts,Resistance band,Kneeling/seated,Band,Bilateral,Beginner,Band Load,Sets x Reps x Load,Strength / Hypertrophy,Vertical Pull,back;lats;pull,
EX-0165,Barbell Bent-Over Row,Strength,Upper Pull,Horizontal Pull,Mid Back / Lats,Biceps; Rear Delts; Traps,Barbell,Hinged,Pronated,Bilateral,Intermediate,External Load,Sets x Reps x Load,Strength / Hypertrophy,Horizontal Row,back;row;pull,
EX-0166,Pendlay Row,Strength,Upper Pull,Horizontal Pull,Mid Back / Lats,Biceps; Rear Delts; Traps,Barbell,Floor reset,Pronated,Bilateral,Advanced,External Load,Sets x Reps x Load,Strength / Hypertrophy,Horizontal Row,back;row;pull,
EX-0167,Yates Row,Strength,Upper Pull,Horizontal Pull,Mid Back / Lats,Biceps; Rear Delts; Traps,Barbell,Hinged high torso,Supinated,Bilateral,Intermediate,External Load,Sets x Reps x Load,Strength / Hypertrophy,Horizontal Row,back;row;pull,
EX-0168,Underhand Barbell Row,Strength,Upper Pull,Horizontal Pull,Mid Back / Lats,Biceps; Rear Delts; Traps,Barbell,Hinged,Supinated,Bilateral,Intermediate,External Load,Sets x Reps x Load,Strength / Hypertrophy,Horizontal Row,back;row;pull,
EX-0169,Chest-Supported Barbell Row,Strength,Upper Pull,Horizontal Pull,Mid Back / Lats,Biceps; Rear Delts; Traps,Barbell / Bench,Chest-supported,Pronated,Bilateral,Intermediate,External Load,Sets x Reps x Load,Strength / Hypertrophy,Horizontal Row,back;row;pull,
EX-0170,Seal Row,Strength,Upper Pull,Horizontal Pull,Mid Back / Lats,Biceps; Rear Delts; Traps,Barbell / Bench,Prone elevated,Pronated,Bilateral,Advanced,External Load,Sets x Reps x Load,Strength / Hypertrophy,Horizontal Row,back;row;pull,
EX-0171,T-Bar Row,Strength,Upper Pull,Horizontal Pull,Mid Back / Lats,Biceps; Rear Delts; Traps,T-bar / Landmine,Hinged,Neutral,Bilateral,Intermediate,External Load,Sets x Reps x Load,Strength / Hypertrophy,Horizontal Row,back;row;pull,
EX-0172,Landmine Row,Strength,Upper Pull,Horizontal Pull,Mid Back / Lats,Biceps; Rear Delts; Traps,Landmine,Hinged,Neutral,Bilateral,Intermediate,External Load,Sets x Reps x Load,Strength / Hypertrophy,Horizontal Row,back;row;pull,
EX-0173,Meadows Row,Strength,Upper Pull,Horizontal Pull,Mid Back / Lats,Biceps; Rear Delts; Traps,Landmine,Hinged side-on,Single-arm,Unilateral-capable,Intermediate,External Load,Sets x Reps x Load,Strength / Hypertrophy,Horizontal Row,back;row;pull,
EX-0174,Dumbbell Row,Strength,Upper Pull,Horizontal Pull,Mid Back / Lats,Biceps; Rear Delts; Traps,Dumbbell,Bench-supported,Single-arm,Unilateral-capable,Beginner,External Load,Sets x Reps x Load,Strength / Hypertrophy,Horizontal Row,back;row;pull,
EX-0175,Two-Dumbbell Bent-Over Row,Strength,Upper Pull,Horizontal Pull,Mid Back / Lats,Biceps; Rear Delts; Traps,Dumbbells,Hinged,Neutral/pronated,Bilateral,Beginner,External Load,Sets x Reps x Load,Strength / Hypertrophy,Horizontal Row,back;row;pull,
EX-0176,Chest-Supported Dumbbell Row,Strength,Upper Pull,Horizontal Pull,Mid Back / Lats,Biceps; Rear Delts; Traps,Dumbbells / Incline bench,Chest-supported,Neutral/pronated,Bilateral,Beginner,External Load,Sets x Reps x Load,Strength / Hypertrophy,Horizontal Row,back;row;pull,
EX-0177,Incline Dumbbell Row,Strength,Upper Pull,Horizontal Pull,Mid Back / Lats,Biceps; Rear Delts; Traps,Dumbbells / Incline bench,Chest-supported,Neutral,Bilateral,Beginner,External Load,Sets x Reps x Load,Strength / Hypertrophy,Horizontal Row,back;row;pull,
EX-0178,Dumbbell Renegade Row,Strength,Upper Pull,Horizontal Pull,Mid Back / Lats,Biceps; Rear Delts; Traps,Dumbbells,Plank,Neutral,Bilateral,Advanced,External Load,Sets x Reps x Load,Strength / Hypertrophy,Horizontal Row,back;row;pull,
EX-0179,Kroc Row,Strength,Upper Pull,Horizontal Pull,Mid Back / Lats,Biceps; Rear Delts; Traps,Dumbbell,Bench-supported,Single-arm heavy,Unilateral-capable,Advanced,External Load,Sets x Reps x Load,Strength / Hypertrophy,Horizontal Row,back;row;pull,
EX-0180,Seated Cable Row,Strength,Upper Pull,Horizontal Pull,Mid Back / Lats,Biceps; Rear Delts; Traps,Cable,Seated,Close neutral,Bilateral,Beginner,Cable Load,Sets x Reps x Load,Strength / Hypertrophy,Horizontal Row,back;row;pull,
EX-0181,Wide-Grip Seated Cable Row,Strength,Upper Pull,Horizontal Pull,Mid Back / Lats,Biceps; Rear Delts; Traps,Cable,Seated,Wide bar,Bilateral,Beginner,Cable Load,Sets x Reps x Load,Strength / Hypertrophy,Horizontal Row,back;row;pull,
EX-0182,Single-Arm Cable Row,Strength,Upper Pull,Horizontal Pull,Mid Back / Lats,Biceps; Rear Delts; Traps,Cable,Seated/standing,Single handle,Unilateral-capable,Beginner,Cable Load,Sets x Reps x Load,Strength / Hypertrophy,Horizontal Row,back;row;pull,
EX-0183,Low Cable Row,Strength,Upper Pull,Horizontal Pull,Mid Back / Lats,Biceps; Rear Delts; Traps,Cable,Seated,Low pulley,Bilateral,Beginner,Cable Load,Sets x Reps x Load,Strength / Hypertrophy,Horizontal Row,back;row;pull,
EX-0184,High Cable Row,Strength,Upper Pull,Horizontal Pull,Mid Back / Lats,Biceps; Rear Delts; Traps,Cable,Seated/standing,High pulley,Bilateral,Beginner,Cable Load,Sets x Reps x Load,Strength / Hypertrophy,Horizontal Row,back;row;pull,
EX-0185,Machine Row,Strength,Upper Pull,Horizontal Pull,Mid Back / Lats,Biceps; Rear Delts; Traps,Machine,Seated,Handles,Bilateral,Beginner,External Load,Sets x Reps x Load,Strength / Hypertrophy,Horizontal Row,back;row;pull,
EX-0186,Chest-Supported Machine Row,Strength,Upper Pull,Horizontal Pull,Mid Back / Lats,Biceps; Rear Delts; Traps,Machine,Chest-supported,Handles,Bilateral,Beginner,External Load,Sets x Reps x Load,Strength / Hypertrophy,Horizontal Row,back;row;pull,
EX-0187,Plate-Loaded Row,Strength,Upper Pull,Horizontal Pull,Mid Back / Lats,Biceps; Rear Delts; Traps,Plate-loaded machine,Seated,Handles,Bilateral,Beginner,External Load,Sets x Reps x Load,Strength / Hypertrophy,Horizontal Row,back;row;pull,
EX-0188,Machine High Row,Strength,Upper Pull,Horizontal Pull,Mid Back / Lats,Biceps; Rear Delts; Traps,Machine,Seated,High handles,Bilateral,Beginner,External Load,Sets x Reps x Load,Strength / Hypertrophy,Horizontal Row,back;row;pull,
EX-0189,Machine Low Row,Strength,Upper Pull,Horizontal Pull,Mid Back / Lats,Biceps; Rear Delts; Traps,Machine,Seated,Low handles,Bilateral,Beginner,External Load,Sets x Reps x Load,Strength / Hypertrophy,Horizontal Row,back;row;pull,
EX-0190,Inverted Row,Strength,Upper Pull,Horizontal Pull,Mid Back / Lats,Biceps; Rear Delts; Traps,Bodyweight / Bar,Supine,Pronated,Bilateral,Beginner,Bodyweight,Sets x Reps,Strength / Hypertrophy,Horizontal Row,back;row;pull,
EX-0191,Ring Row,Strength,Upper Pull,Horizontal Pull,Mid Back / Lats,Biceps; Rear Delts; Traps,Gymnastic rings,Suspended,Neutral,Bilateral,Beginner,Bodyweight,Sets x Reps,Strength / Hypertrophy,Horizontal Row,back;row;pull,
EX-0192,TRX Row,Strength,Upper Pull,Horizontal Pull,Mid Back / Lats,Biceps; Rear Delts; Traps,Suspension trainer,Suspended,Neutral,Bilateral,Beginner,Bodyweight,Sets x Reps,Strength / Hypertrophy,Horizontal Row,back;row;pull,
EX-0193,Band Row,Strength,Upper Pull,Horizontal Pull,Mid Back / Lats,Biceps; Rear Delts; Traps,Resistance band,Standing/seated,Band,Bilateral,Beginner,Band Load,Sets x Reps x Load,Strength / Hypertrophy,Horizontal Row,back;row;pull,
EX-0194,Machine Pullover,Strength,Upper Pull,Pullover,Lats,Chest; Triceps Long Head,Machine,Seated,Handles,Bilateral,Beginner,External Load,Sets x Reps x Load,Hypertrophy / Strength,Back Accessory,back;lats;lowerback,
EX-0195,Dumbbell Pullover for Lats,Strength,Upper Pull,Pullover,Lats,Chest; Triceps Long Head,Dumbbell,Bench,Neutral,Bilateral,Beginner,External Load,Sets x Reps x Load,Hypertrophy / Strength,Back Accessory,back;lats;lowerback,
EX-0196,Back Extension,Strength,Upper Pull,Spinal Extension / Hinge,Lower Back / Glutes,Hamstrings,Back extension bench,45-degree/horizontal,Bodyweight/load,Bilateral,Beginner,Bodyweight,Sets x Reps,Hypertrophy / Strength,Back Accessory,back;lats;lowerback,
EX-0197,Weighted Back Extension,Strength,Upper Pull,Spinal Extension / Hinge,Lower Back / Glutes,Hamstrings,Back extension bench,45-degree/horizontal,Plate/dumbbell,Bilateral,Beginner,External Load,Sets x Reps x Load,Hypertrophy / Strength,Back Accessory,back;lats;lowerback,
EX-0198,Reverse Hyperextension,Strength,Upper Pull,Spinal Extension / Hinge,Lower Back / Glutes,Hamstrings,Reverse hyper machine,Prone,Machine,Bilateral,Beginner,External Load,Sets x Reps,Hypertrophy / Strength,Back Accessory,back;lats;lowerback,
EX-0199,Bird Dog Row,Strength,Upper Pull,Horizontal Pull + Anti-Rotation,Mid Back / Core,Lats; Core,Dumbbell,Quadruped bench,Single-arm,Unilateral-capable,Beginner,External Load,Sets x Reps x Load,Hypertrophy / Strength,Back Accessory,back;lats;lowerback,
EX-0200,Barbell Curl,Strength,Arms,Elbow Flexion,Biceps,Forearms; Brachialis,Barbell,Standing,Supinated,Bilateral,Beginner,External Load,Sets x Reps x Load,Hypertrophy,Curl,biceps;arms,
EX-0201,EZ-Bar Curl,Strength,Arms,Elbow Flexion,Biceps,Forearms; Brachialis,EZ-bar,Standing,Semi-supinated,Bilateral,Beginner,External Load,Sets x Reps x Load,Hypertrophy,Curl,biceps;arms,
EX-0202,Close-Grip EZ-Bar Curl,Strength,Arms,Elbow Flexion,Biceps,Forearms; Brachialis,EZ-bar,Standing,Close,Bilateral,Beginner,External Load,Sets x Reps x Load,Hypertrophy,Curl,biceps;arms,
EX-0203,Wide-Grip EZ-Bar Curl,Strength,Arms,Elbow Flexion,Biceps,Forearms; Brachialis,EZ-bar,Standing,Wide,Bilateral,Beginner,External Load,Sets x Reps x Load,Hypertrophy,Curl,biceps;arms,
EX-0204,Preacher Curl,Strength,Arms,Elbow Flexion,Biceps,Forearms; Brachialis,EZ-bar / Machine,Preacher bench,Supinated,Bilateral,Beginner,External Load,Sets x Reps x Load,Hypertrophy,Curl,biceps;arms,
EX-0205,Barbell Preacher Curl,Strength,Arms,Elbow Flexion,Biceps,Forearms; Brachialis,Barbell,Preacher bench,Supinated,Bilateral,Intermediate,External Load,Sets x Reps x Load,Hypertrophy,Curl,biceps;arms,
EX-0206,Spider Curl,Strength,Arms,Elbow Flexion,Biceps,Forearms; Brachialis,Barbell / EZ-bar,Incline prone,Supinated,Bilateral,Intermediate,External Load,Sets x Reps x Load,Hypertrophy,Curl,biceps;arms,
EX-0207,Drag Curl,Strength,Arms,Elbow Flexion,Biceps,Forearms; Brachialis,Barbell,Standing,Supinated,Bilateral,Intermediate,External Load,Sets x Reps x Load,Hypertrophy,Curl,biceps;arms,
EX-0208,Reverse Curl,Strength,Arms,Elbow Flexion,Brachialis / Forearms,Biceps; Forearms,Barbell / EZ-bar,Standing,Pronated,Bilateral,Beginner,External Load,Sets x Reps x Load,Hypertrophy,Curl,biceps;arms,
EX-0209,Dumbbell Curl,Strength,Arms,Elbow Flexion,Biceps,Forearms; Brachialis,Dumbbells,Standing/seated,Supinated,Unilateral-capable,Beginner,External Load,Sets x Reps x Load,Hypertrophy,Curl,biceps;arms,
EX-0210,Alternating Dumbbell Curl,Strength,Arms,Elbow Flexion,Biceps,Forearms; Brachialis,Dumbbells,Standing/seated,Alternating,Unilateral-capable,Beginner,External Load,Sets x Reps x Load,Hypertrophy,Curl,biceps;arms,
EX-0211,Incline Dumbbell Curl,Strength,Arms,Elbow Flexion,Biceps,Forearms; Brachialis,Dumbbells,Incline bench,Supinated,Unilateral-capable,Beginner,External Load,Sets x Reps x Load,Hypertrophy,Curl,biceps;arms,
EX-0212,Hammer Curl,Strength,Arms,Elbow Flexion,Brachialis / Forearms,Biceps; Forearms,Dumbbells,Standing/seated,Neutral,Bilateral,Beginner,External Load,Sets x Reps x Load,Hypertrophy,Curl,biceps;arms,
EX-0213,Cross-Body Hammer Curl,Strength,Arms,Elbow Flexion,Brachialis / Forearms,Biceps; Forearms,Dumbbells,Standing,Neutral cross-body,Bilateral,Beginner,External Load,Sets x Reps x Load,Hypertrophy,Curl,biceps;arms,
EX-0214,Concentration Curl,Strength,Arms,Elbow Flexion,Biceps,Forearms; Brachialis,Dumbbell,Seated,Supinated,Unilateral-capable,Beginner,External Load,Sets x Reps x Load,Hypertrophy,Curl,biceps;arms,
EX-0215,Dumbbell Preacher Curl,Strength,Arms,Elbow Flexion,Biceps,Forearms; Brachialis,Dumbbell,Preacher bench,Single-arm,Unilateral-capable,Beginner,External Load,Sets x Reps x Load,Hypertrophy,Curl,biceps;arms,
EX-0216,Zottman Curl,Strength,Arms,Elbow Flexion,Biceps,Forearms; Brachialis,Dumbbells,Standing/seated,Supinate up/pronate down,Bilateral,Intermediate,External Load,Sets x Reps x Load,Hypertrophy,Curl,biceps;arms,
EX-0217,Bayesian Cable Curl,Strength,Arms,Elbow Flexion,Biceps,Forearms; Brachialis,Cable,Behind body,Single handle,Bilateral,Intermediate,Cable Load,Sets x Reps x Load,Hypertrophy,Curl,biceps;arms,
EX-0218,Cable Curl,Strength,Arms,Elbow Flexion,Biceps,Forearms; Brachialis,Cable,Low pulley,Straight bar,Bilateral,Beginner,Cable Load,Sets x Reps x Load,Hypertrophy,Curl,biceps;arms,
EX-0219,Rope Cable Curl,Strength,Arms,Elbow Flexion,Biceps,Forearms; Brachialis,Cable,Low pulley,Rope/neutral,Bilateral,Beginner,Cable Load,Sets x Reps x Load,Hypertrophy,Curl,biceps;arms,
EX-0220,Single-Arm Cable Curl,Strength,Arms,Elbow Flexion,Biceps,Forearms; Brachialis,Cable,Low pulley,Single handle,Unilateral-capable,Beginner,Cable Load,Sets x Reps x Load,Hypertrophy,Curl,biceps;arms,
EX-0221,High Cable Curl,Strength,Arms,Elbow Flexion,Biceps,Forearms; Brachialis,Cable,High pulleys,Dual handles,Bilateral,Beginner,Cable Load,Sets x Reps x Load,Hypertrophy,Curl,biceps;arms,
EX-0222,Machine Biceps Curl,Strength,Arms,Elbow Flexion,Biceps,Forearms; Brachialis,Machine,Seated,Handles,Bilateral,Beginner,External Load,Sets x Reps x Load,Hypertrophy,Curl,biceps;arms,
EX-0223,Band Curl,Strength,Arms,Elbow Flexion,Biceps,Forearms; Brachialis,Resistance band,Standing,Band,Bilateral,Beginner,Band Load,Sets x Reps x Load,Hypertrophy,Curl,biceps;arms,
EX-0224,Seated Wrist Curl,Strength,Arms / Grip,Grip / Wrist,Forearms,Hands; Traps; Core,Barbell / Dumbbells,Seated,Supinated,Bilateral,Beginner,External Load,Sets x Reps x Load,Grip / Hypertrophy / Prehab,Grip & Forearm,forearms;grip,
EX-0225,Seated Reverse Wrist Curl,Strength,Arms / Grip,Grip / Wrist,Forearms,Hands; Traps; Core,Barbell / Dumbbells,Seated,Pronated,Bilateral,Beginner,External Load,Sets x Reps x Load,Grip / Hypertrophy / Prehab,Grip & Forearm,forearms;grip,
EX-0226,Behind-the-Back Wrist Curl,Strength,Arms / Grip,Grip / Wrist,Forearms,Hands; Traps; Core,Barbell,Standing,Supinated,Bilateral,Beginner,External Load,Sets x Reps x Load,Grip / Hypertrophy / Prehab,Grip & Forearm,forearms;grip,
EX-0227,Dumbbell Wrist Curl,Strength,Arms / Grip,Grip / Wrist,Forearms,Hands; Traps; Core,Dumbbell,Seated,Single-arm,Unilateral-capable,Beginner,External Load,Sets x Reps x Load,Grip / Hypertrophy / Prehab,Grip & Forearm,forearms;grip,
EX-0228,Dumbbell Reverse Wrist Curl,Strength,Arms / Grip,Grip / Wrist,Forearms,Hands; Traps; Core,Dumbbell,Seated,Single-arm,Unilateral-capable,Beginner,External Load,Sets x Reps x Load,Grip / Hypertrophy / Prehab,Grip & Forearm,forearms;grip,
EX-0229,Wrist Roller,Strength,Arms / Grip,Grip / Wrist,Forearms,Hands; Traps; Core,Wrist roller,Standing,Roller,Bilateral,Beginner,External Load,Sets x Reps x Load,Grip / Hypertrophy / Prehab,Grip & Forearm,forearms;grip,
EX-0230,Plate Pinch Hold,Strength,Arms / Grip,Grip / Wrist,Forearms,Hands; Traps; Core,Weight plates,Standing,Pinch,Bilateral,Beginner,External Load,Sets x Hold Time,Grip / Hypertrophy / Prehab,Grip & Forearm,forearms;grip,
EX-0231,Farmer's Carry,Strength,Arms / Grip,Grip / Wrist,Forearms,Hands; Traps; Core,Dumbbells / Kettlebells / Trap bar,Walking,Neutral,Bilateral,Beginner,External Load,Sets x Distance x Load,Grip / Hypertrophy / Prehab,Grip & Forearm,forearms;grip,
EX-0232,Suitcase Carry,Strength,Arms / Grip,Grip / Wrist,Forearms,Hands; Traps; Core,Dumbbell / Kettlebell,Walking,Single-arm,Unilateral-capable,Beginner,External Load,Sets x Distance x Load,Grip / Hypertrophy / Prehab,Grip & Forearm,forearms;grip,
EX-0233,Dead Hang,Strength,Arms / Grip,Grip / Wrist,Forearms,Hands; Traps; Core,Pull-up bar,Hanging,Overhand,Bilateral,Beginner,Bodyweight,Sets x Hold Time,Grip / Hypertrophy / Prehab,Grip & Forearm,forearms;grip,
EX-0234,Towel Dead Hang,Strength,Arms / Grip,Grip / Wrist,Forearms,Hands; Traps; Core,Towel / Pull-up bar,Hanging,Towel grip,Bilateral,Beginner,Bodyweight,Sets x Hold Time,Grip / Hypertrophy / Prehab,Grip & Forearm,forearms;grip,
EX-0235,Gripper Squeeze,Strength,Arms / Grip,Grip / Wrist,Forearms,Hands; Traps; Core,Hand gripper,Seated/standing,Crush,Bilateral,Beginner,External Load,Sets x Reps x Load,Grip / Hypertrophy / Prehab,Grip & Forearm,forearms;grip,
EX-0236,Hammer Pronation,Strength,Arms / Grip,Grip / Wrist,Forearms,Hands; Traps; Core,Hammer / Dumbbell,Seated,Lever,Unilateral-capable,Beginner,External Load,Sets x Reps x Load,Grip / Hypertrophy / Prehab,Grip & Forearm,forearms;grip,
EX-0237,Hammer Supination,Strength,Arms / Grip,Grip / Wrist,Forearms,Hands; Traps; Core,Hammer / Dumbbell,Seated,Lever,Unilateral-capable,Beginner,External Load,Sets x Reps x Load,Grip / Hypertrophy / Prehab,Grip & Forearm,forearms;grip,
EX-0238,Radial Deviation Raise,Strength,Arms / Grip,Grip / Wrist,Forearms,Hands; Traps; Core,Dumbbell / Hammer,Seated,Thumb-up,Unilateral-capable,Beginner,External Load,Sets x Reps x Load,Grip / Hypertrophy / Prehab,Grip & Forearm,forearms;grip,
EX-0239,Ulnar Deviation Raise,Strength,Arms / Grip,Grip / Wrist,Forearms,Hands; Traps; Core,Dumbbell / Hammer,Seated,Pinky-up,Unilateral-capable,Beginner,External Load,Sets x Reps x Load,Grip / Hypertrophy / Prehab,Grip & Forearm,forearms;grip,
EX-0240,Back Squat,Strength,Lower Body,Squat / Knee Dominant,Quads,Glutes; Adductors; Core; Hamstrings,Barbell,Back rack,Standard,Bilateral,Intermediate,External Load,Sets x Reps x Load,Strength / Hypertrophy,Squat / Leg Press,legs;quads;squat,
EX-0241,High-Bar Back Squat,Strength,Lower Body,Squat / Knee Dominant,Quads,Glutes; Adductors; Core; Hamstrings,Barbell,High-bar,Standard,Bilateral,Intermediate,External Load,Sets x Reps x Load,Strength / Hypertrophy,Squat / Leg Press,legs;quads;squat,
EX-0242,Low-Bar Back Squat,Strength,Lower Body,Squat / Knee Dominant,Quads,Glutes; Adductors; Core; Hamstrings,Barbell,Low-bar,Standard,Bilateral,Intermediate,External Load,Sets x Reps x Load,Strength / Hypertrophy,Squat / Leg Press,legs;quads;squat,
EX-0243,Front Squat,Strength,Lower Body,Squat / Knee Dominant,Quads,Glutes; Adductors; Core; Hamstrings,Barbell,Front rack,Clean/cross-arm,Bilateral,Intermediate,External Load,Sets x Reps x Load,Strength / Hypertrophy,Squat / Leg Press,legs;quads;squat,
EX-0244,Paused Back Squat,Strength,Lower Body,Squat / Knee Dominant,Quads,Glutes; Adductors; Core; Hamstrings,Barbell,Back rack,Pause,Bilateral,Intermediate,External Load,Sets x Reps x Load,Strength / Hypertrophy,Squat / Leg Press,legs;quads;squat,
EX-0245,Tempo Back Squat,Strength,Lower Body,Squat / Knee Dominant,Quads,Glutes; Adductors; Core; Hamstrings,Barbell,Back rack,Tempo,Bilateral,Intermediate,External Load,Sets x Reps x Load,Strength / Hypertrophy,Squat / Leg Press,legs;quads;squat,
EX-0246,Box Squat,Strength,Lower Body,Squat / Knee Dominant,Quads,Glutes; Adductors; Core; Hamstrings,Barbell / Box,Box,Sit-back,Bilateral,Intermediate,External Load,Sets x Reps x Load,Strength / Hypertrophy,Squat / Leg Press,legs;quads;squat,
EX-0247,Pin Squat,Strength,Lower Body,Squat / Knee Dominant,Quads,Glutes; Adductors; Core; Hamstrings,Barbell / Rack,Pins,Dead-stop,Bilateral,Advanced,External Load,Sets x Reps x Load,Strength / Hypertrophy,Squat / Leg Press,legs;quads;squat,
EX-0248,Zercher Squat,Strength,Lower Body,Squat / Knee Dominant,Quads,Glutes; Adductors; Core; Hamstrings,Barbell,Elbow cradle,Zercher,Bilateral,Advanced,External Load,Sets x Reps x Load,Strength / Hypertrophy,Squat / Leg Press,legs;quads;squat,
EX-0249,Overhead Squat,Strength,Lower Body,Squat / Knee Dominant,Quads,Glutes; Adductors; Core; Hamstrings,Barbell,Overhead,Snatch grip,Bilateral,Advanced,External Load,Sets x Reps x Load,Strength / Hypertrophy,Squat / Leg Press,legs;quads;squat,
EX-0250,Safety Bar Squat,Strength,Lower Body,Squat / Knee Dominant,Quads,Glutes; Adductors; Core; Hamstrings,Safety squat bar,Back rack,Handles,Bilateral,Intermediate,External Load,Sets x Reps x Load,Strength / Hypertrophy,Squat / Leg Press,legs;quads;squat,
EX-0251,Goblet Squat,Strength,Lower Body,Squat / Knee Dominant,Quads,Glutes; Adductors; Core; Hamstrings,Dumbbell / Kettlebell,Front hold,Goblet,Bilateral,Beginner,External Load,Sets x Reps x Load,Strength / Hypertrophy,Squat / Leg Press,legs;quads;squat,
EX-0252,Double Kettlebell Front Squat,Strength,Lower Body,Squat / Knee Dominant,Quads,Glutes; Adductors; Core; Hamstrings,Kettlebells,Front rack,Neutral,Bilateral,Intermediate,External Load,Sets x Reps x Load,Strength / Hypertrophy,Squat / Leg Press,legs;quads;squat,
EX-0253,Dumbbell Squat,Strength,Lower Body,Squat / Knee Dominant,Quads,Glutes; Adductors; Core; Hamstrings,Dumbbells,Side/front hold,Neutral,Bilateral,Beginner,External Load,Sets x Reps x Load,Strength / Hypertrophy,Squat / Leg Press,legs;quads;squat,
EX-0254,Smith Machine Squat,Strength,Lower Body,Squat / Knee Dominant,Quads,Glutes; Adductors; Core; Hamstrings,Smith machine,Back rack,Standard,Bilateral,Beginner,Machine / External Load,Sets x Reps x Load,Strength / Hypertrophy,Squat / Leg Press,legs;quads;squat,
EX-0255,Hack Squat,Strength,Lower Body,Squat / Knee Dominant,Quads,Glutes; Adductors; Core; Hamstrings,Hack squat machine,Machine,Platform,Bilateral,Beginner,Machine / External Load,Sets x Reps x Load,Strength / Hypertrophy,Squat / Leg Press,legs;quads;squat,
EX-0256,Pendulum Squat,Strength,Lower Body,Squat / Knee Dominant,Quads,Glutes; Adductors; Core; Hamstrings,Pendulum squat machine,Machine,Platform,Bilateral,Beginner,Machine / External Load,Sets x Reps x Load,Strength / Hypertrophy,Squat / Leg Press,legs;quads;squat,
EX-0257,Belt Squat,Strength,Lower Body,Squat / Knee Dominant,Quads,Glutes; Adductors; Core; Hamstrings,Belt squat machine,Belt,Platform,Bilateral,Beginner,Machine / External Load,Sets x Reps x Load,Strength / Hypertrophy,Squat / Leg Press,legs;quads;squat,
EX-0258,Leg Press,Strength,Lower Body,Squat / Knee Dominant,Quads,Glutes; Adductors; Core; Hamstrings,Leg press machine,Machine,Standard stance,Bilateral,Beginner,Machine / External Load,Sets x Reps x Load,Strength / Hypertrophy,Squat / Leg Press,legs;quads;squat,
EX-0259,High-Foot Leg Press,Strength,Lower Body,Squat / Knee Dominant,Quads,Glutes; Adductors; Core; Hamstrings,Leg press machine,Machine,High stance,Bilateral,Beginner,Machine / External Load,Sets x Reps x Load,Strength / Hypertrophy,Squat / Leg Press,legs;quads;squat,
EX-0260,Low-Foot Leg Press,Strength,Lower Body,Squat / Knee Dominant,Quads,Glutes; Adductors; Core; Hamstrings,Leg press machine,Machine,Low stance,Bilateral,Beginner,Machine / External Load,Sets x Reps x Load,Strength / Hypertrophy,Squat / Leg Press,legs;quads;squat,
EX-0261,Wide-Stance Leg Press,Strength,Lower Body,Squat / Knee Dominant,Quads,Glutes; Adductors; Core; Hamstrings,Leg press machine,Machine,Wide stance,Bilateral,Beginner,Machine / External Load,Sets x Reps x Load,Strength / Hypertrophy,Squat / Leg Press,legs;quads;squat,
EX-0262,Single-Leg Press,Strength,Lower Body,Squat / Knee Dominant,Quads,Glutes; Adductors; Core; Hamstrings,Leg press machine,Machine,Single-leg,Unilateral,Beginner,Machine / External Load,Sets x Reps x Load,Strength / Hypertrophy,Squat / Leg Press,legs;quads;squat,
EX-0263,Machine Squat Press,Strength,Lower Body,Squat / Knee Dominant,Quads,Glutes; Adductors; Core; Hamstrings,Machine,Machine,Platform,Bilateral,Beginner,Machine / External Load,Sets x Reps x Load,Strength / Hypertrophy,Squat / Leg Press,legs;quads;squat,
EX-0264,Sissy Squat,Strength,Lower Body,Squat / Knee Dominant,Quads,Glutes; Adductors; Core; Hamstrings,Sissy squat / Bodyweight,Standing,Knee-dominant,Bilateral,Intermediate,External Load,Sets x Reps,Strength / Hypertrophy,Squat / Leg Press,legs;quads;squat,
EX-0265,Spanish Squat,Strength,Lower Body,Squat / Knee Dominant,Quads,Glutes; Adductors; Core; Hamstrings,Resistance band / Strap,Standing,Band behind knees,Bilateral,Beginner,External Load,Sets x Reps x Load,Strength / Hypertrophy,Squat / Leg Press,legs;quads;squat,
EX-0266,Wall Sit,Strength,Lower Body,Squat / Knee Dominant,Quads,Glutes; Adductors; Core; Hamstrings,Bodyweight,Wall,Isometric,Bilateral,Beginner,Bodyweight,Sets x Hold Time,Strength / Hypertrophy,Squat / Leg Press,legs;quads;squat,
EX-0267,Cossack Squat,Strength,Lower Body,Squat / Knee Dominant,Quads,Glutes; Adductors; Core; Hamstrings,Bodyweight / Load,Lateral,Wide stance,Bilateral,Intermediate,External Load,Sets x Reps x Load,Strength / Hypertrophy,Squat / Leg Press,legs;quads;squat,
EX-0268,Pistol Squat,Strength,Lower Body,Squat / Knee Dominant,Quads,Glutes; Adductors; Core; Hamstrings,Bodyweight,Single-leg,Single-leg,Unilateral,Advanced,Bodyweight,Sets x Reps,Strength / Hypertrophy,Squat / Leg Press,legs;quads;squat,
EX-0269,Assisted Pistol Squat,Strength,Lower Body,Squat / Knee Dominant,Quads,Glutes; Adductors; Core; Hamstrings,Bodyweight / Support,Single-leg,Assisted,Unilateral,Intermediate,External Load,Sets x Reps,Strength / Hypertrophy,Squat / Leg Press,legs;quads;squat,
EX-0270,Shrimp Squat,Strength,Lower Body,Squat / Knee Dominant,Quads,Glutes; Adductors; Core; Hamstrings,Bodyweight,Single-leg,Single-leg,Unilateral,Advanced,Bodyweight,Sets x Reps,Strength / Hypertrophy,Squat / Leg Press,legs;quads;squat,
EX-0271,Forward Lunge,Strength,Lower Body,Single-Leg Squat / Lunge,Quads / Glutes,Hamstrings; Adductors; Calves; Core,Dumbbells / Bodyweight,Standing,Alternating,Unilateral,Beginner,External Load,Sets x Reps x Load,Strength / Hypertrophy / Balance,Lunge / Split Squat,legs;single-leg;lunge,
EX-0272,Reverse Lunge,Strength,Lower Body,Single-Leg Squat / Lunge,Quads / Glutes,Hamstrings; Adductors; Calves; Core,Dumbbells / Bodyweight,Standing,Alternating,Unilateral,Beginner,External Load,Sets x Reps x Load,Strength / Hypertrophy / Balance,Lunge / Split Squat,legs;single-leg;lunge,
EX-0273,Walking Lunge,Strength,Lower Body,Single-Leg Squat / Lunge,Quads / Glutes,Hamstrings; Adductors; Calves; Core,Dumbbells / Bodyweight,Walking,Alternating,Unilateral,Beginner,External Load,Sets x Reps x Load,Strength / Hypertrophy / Balance,Lunge / Split Squat,legs;single-leg;lunge,
EX-0274,Static Lunge,Strength,Lower Body,Single-Leg Squat / Lunge,Quads / Glutes,Hamstrings; Adductors; Calves; Core,Dumbbells / Bodyweight,Split stance,Static,Unilateral,Beginner,External Load,Sets x Reps x Load,Strength / Hypertrophy / Balance,Lunge / Split Squat,legs;single-leg;lunge,
EX-0275,Barbell Lunge,Strength,Lower Body,Single-Leg Squat / Lunge,Quads / Glutes,Hamstrings; Adductors; Calves; Core,Barbell,Back rack,Alternating/static,Unilateral,Intermediate,External Load,Sets x Reps x Load,Strength / Hypertrophy / Balance,Lunge / Split Squat,legs;single-leg;lunge,
EX-0276,Dumbbell Lunge,Strength,Lower Body,Single-Leg Squat / Lunge,Quads / Glutes,Hamstrings; Adductors; Calves; Core,Dumbbells,Standing,Alternating/static,Unilateral,Beginner,External Load,Sets x Reps x Load,Strength / Hypertrophy / Balance,Lunge / Split Squat,legs;single-leg;lunge,
EX-0277,Deficit Reverse Lunge,Strength,Lower Body,Single-Leg Squat / Lunge,Quads / Glutes,Hamstrings; Adductors; Calves; Core,Dumbbells / Platform,Deficit,Alternating,Unilateral,Intermediate,External Load,Sets x Reps x Load,Strength / Hypertrophy / Balance,Lunge / Split Squat,legs;single-leg;lunge,
EX-0278,Lateral Lunge,Strength,Lower Body,Single-Leg Squat / Lunge,Quads / Glutes,Hamstrings; Adductors; Calves; Core,Dumbbells / Bodyweight,Lateral,Side step,Unilateral,Beginner,External Load,Sets x Reps x Load,Strength / Hypertrophy / Balance,Lunge / Split Squat,legs;single-leg;lunge,
EX-0279,Curtsy Lunge,Strength,Lower Body,Single-Leg Squat / Lunge,Quads / Glutes,Hamstrings; Adductors; Calves; Core,Dumbbells / Bodyweight,Cross-behind,Curtsy,Unilateral,Intermediate,External Load,Sets x Reps x Load,Strength / Hypertrophy / Balance,Lunge / Split Squat,legs;single-leg;lunge,
EX-0280,Bulgarian Split Squat,Strength,Lower Body,Single-Leg Squat / Lunge,Quads / Glutes,Hamstrings; Adductors; Calves; Core,Dumbbells / Barbell,Rear-foot elevated,Split stance,Unilateral,Intermediate,External Load,Sets x Reps x Load,Strength / Hypertrophy / Balance,Lunge / Split Squat,legs;single-leg;lunge,
EX-0281,Front-Foot Elevated Split Squat,Strength,Lower Body,Single-Leg Squat / Lunge,Quads / Glutes,Hamstrings; Adductors; Calves; Core,Dumbbells / Platform,Front-foot elevated,Split stance,Unilateral,Intermediate,External Load,Sets x Reps x Load,Strength / Hypertrophy / Balance,Lunge / Split Squat,legs;single-leg;lunge,
EX-0282,Rear-Foot Elevated Split Squat,Strength,Lower Body,Single-Leg Squat / Lunge,Quads / Glutes,Hamstrings; Adductors; Calves; Core,Dumbbells / Bench,Rear-foot elevated,Split stance,Unilateral,Intermediate,External Load,Sets x Reps x Load,Strength / Hypertrophy / Balance,Lunge / Split Squat,legs;single-leg;lunge,
EX-0283,Step-Up,Strength,Lower Body,Single-Leg Squat / Lunge,Quads / Glutes,Hamstrings; Adductors; Calves; Core,Dumbbells / Box,Box,Step,Unilateral,Beginner,External Load,Sets x Reps x Load,Strength / Hypertrophy / Balance,Lunge / Split Squat,legs;single-leg;lunge,
EX-0284,High Step-Up,Strength,Lower Body,Single-Leg Squat / Lunge,Quads / Glutes,Hamstrings; Adductors; Calves; Core,Dumbbells / Box,High box,Step,Unilateral,Intermediate,External Load,Sets x Reps x Load,Strength / Hypertrophy / Balance,Lunge / Split Squat,legs;single-leg;lunge,
EX-0285,Lateral Step-Up,Strength,Lower Body,Single-Leg Squat / Lunge,Quads / Glutes,Hamstrings; Adductors; Calves; Core,Dumbbells / Box,Side-on box,Lateral,Unilateral,Beginner,External Load,Sets x Reps x Load,Strength / Hypertrophy / Balance,Lunge / Split Squat,legs;single-leg;lunge,
EX-0286,Box Step-Down,Strength,Lower Body,Single-Leg Squat / Lunge,Quads / Glutes,Hamstrings; Adductors; Calves; Core,Bodyweight / Box,Box,Controlled eccentric,Unilateral,Beginner,Bodyweight / External Load,Sets x Reps x Load,Strength / Hypertrophy / Balance,Lunge / Split Squat,legs;single-leg;lunge,
EX-0287,Conventional Deadlift,Strength,Lower Body,Hip Hinge,Posterior Chain,Lower Back; Traps; Core; Forearms,Barbell,Floor,Double overhand/mixed,Bilateral,Intermediate,External Load,Sets x Reps x Load,Strength / Hypertrophy / Power,Deadlift / Hinge,legs;hinge;posterior-chain,
EX-0288,Sumo Deadlift,Strength,Lower Body,Hip Hinge,Posterior Chain,Lower Back; Traps; Core; Forearms,Barbell,Floor,Wide stance,Bilateral,Intermediate,External Load,Sets x Reps x Load,Strength / Hypertrophy / Power,Deadlift / Hinge,legs;hinge;posterior-chain,
EX-0289,Trap Bar Deadlift,Strength,Lower Body,Hip Hinge,Posterior Chain,Lower Back; Traps; Core; Forearms,Trap bar,Floor,Neutral handles,Bilateral,Beginner,External Load,Sets x Reps x Load,Strength / Hypertrophy / Power,Deadlift / Hinge,legs;hinge;posterior-chain,
EX-0290,Romanian Deadlift,Strength,Lower Body,Hip Hinge,Hamstrings / Glutes,Lower Back; Traps; Core; Forearms,Barbell,Standing,Hip hinge,Bilateral,Intermediate,External Load,Sets x Reps x Load,Strength / Hypertrophy / Power,Deadlift / Hinge,legs;hinge;posterior-chain,
EX-0291,Stiff-Leg Deadlift,Strength,Lower Body,Hip Hinge,Posterior Chain,Lower Back; Traps; Core; Forearms,Barbell,Standing,Straight-leg,Bilateral,Intermediate,External Load,Sets x Reps x Load,Strength / Hypertrophy / Power,Deadlift / Hinge,legs;hinge;posterior-chain,
EX-0292,Deficit Deadlift,Strength,Lower Body,Hip Hinge,Posterior Chain,Lower Back; Traps; Core; Forearms,Barbell / Platform,Deficit,Standard/sumo,Bilateral,Advanced,External Load,Sets x Reps x Load,Strength / Hypertrophy / Power,Deadlift / Hinge,legs;hinge;posterior-chain,
EX-0293,Rack Pull,Strength,Lower Body,Hip Hinge,Hamstrings / Glutes,Lower Back; Traps; Core; Forearms,Barbell / Rack,Rack height,Standard,Bilateral,Advanced,External Load,Sets x Reps x Load,Strength / Hypertrophy / Power,Deadlift / Hinge,legs;hinge;posterior-chain,
EX-0294,Block Pull,Strength,Lower Body,Hip Hinge,Hamstrings / Glutes,Lower Back; Traps; Core; Forearms,Barbell / Blocks,Blocks,Standard,Bilateral,Advanced,External Load,Sets x Reps x Load,Strength / Hypertrophy / Power,Deadlift / Hinge,legs;hinge;posterior-chain,
EX-0295,Snatch-Grip Deadlift,Strength,Lower Body,Hip Hinge,Posterior Chain,Lower Back; Traps; Core; Forearms,Barbell,Floor,Wide grip,Bilateral,Advanced,External Load,Sets x Reps x Load,Strength / Hypertrophy / Power,Deadlift / Hinge,legs;hinge;posterior-chain,
EX-0296,Dumbbell Romanian Deadlift,Strength,Lower Body,Hip Hinge,Hamstrings / Glutes,Lower Back; Traps; Core; Forearms,Dumbbells,Standing,Neutral,Bilateral,Beginner,External Load,Sets x Reps x Load,Strength / Hypertrophy / Power,Deadlift / Hinge,legs;hinge;posterior-chain,
EX-0297,Single-Leg Romanian Deadlift,Strength,Lower Body,Hip Hinge,Hamstrings / Glutes,Lower Back; Traps; Core; Forearms,Dumbbell / Kettlebell,Single-leg,Single-leg,Unilateral,Intermediate,External Load,Sets x Reps x Load,Strength / Hypertrophy / Power,Deadlift / Hinge,legs;hinge;posterior-chain,
EX-0298,Kettlebell Deadlift,Strength,Lower Body,Hip Hinge,Posterior Chain,Lower Back; Traps; Core; Forearms,Kettlebell,Floor,Neutral,Bilateral,Beginner,External Load,Sets x Reps x Load,Strength / Hypertrophy / Power,Deadlift / Hinge,legs;hinge;posterior-chain,
EX-0299,Kettlebell Swing,Strength,Lower Body,Hip Hinge,Hamstrings / Glutes,Lower Back; Traps; Core; Forearms,Kettlebell,Standing,Two-hand,Bilateral,Intermediate,External Load,Sets x Reps x Load,Strength / Hypertrophy / Power,Deadlift / Hinge,legs;hinge;posterior-chain,
EX-0300,Single-Arm Kettlebell Swing,Strength,Lower Body,Hip Hinge,Hamstrings / Glutes,Lower Back; Traps; Core; Forearms,Kettlebell,Standing,Single-arm,Unilateral,Intermediate,External Load,Sets x Reps x Load,Strength / Hypertrophy / Power,Deadlift / Hinge,legs;hinge;posterior-chain,
EX-0301,Barbell Good Morning,Strength,Lower Body,Hip Hinge,Hamstrings / Glutes,Lower Back; Traps; Core; Forearms,Barbell,Back rack,Hip hinge,Bilateral,Advanced,External Load,Sets x Reps x Load,Strength / Hypertrophy / Power,Deadlift / Hinge,legs;hinge;posterior-chain,
EX-0302,Seated Good Morning,Strength,Lower Body,Hip Hinge,Hamstrings / Glutes,Lower Back; Traps; Core; Forearms,Barbell,Seated,Hip hinge,Bilateral,Advanced,External Load,Sets x Reps x Load,Strength / Hypertrophy / Power,Deadlift / Hinge,legs;hinge;posterior-chain,
EX-0303,Cable Pull-Through,Strength,Lower Body,Hip Hinge,Hamstrings / Glutes,Lower Back; Traps; Core; Forearms,Cable,Low pulley,Rope,Bilateral,Beginner,External Load,Sets x Reps x Load,Strength / Hypertrophy / Power,Deadlift / Hinge,legs;hinge;posterior-chain,
EX-0304,Hip Hinge Drill,Strength,Lower Body,Hip Hinge,Hamstrings / Glutes,Lower Back; Traps; Core; Forearms,Dowel / Bodyweight,Standing,Patterning,Bilateral,Beginner,Bodyweight,Sets x Reps x Load,Strength / Hypertrophy / Power,Deadlift / Hinge,legs;hinge;posterior-chain,
EX-0305,Lying Leg Curl,Strength,Lower Body,Knee Flexion,Hamstrings,Calves; Glutes,Machine,Lying,Pads,Bilateral,Beginner,Machine / External Load,Sets x Reps x Load,Hypertrophy / Injury Prevention,Leg Curl,hamstrings;posterior-chain,
EX-0306,Seated Leg Curl,Strength,Lower Body,Knee Flexion,Hamstrings,Calves; Glutes,Machine,Seated,Pads,Bilateral,Beginner,Machine / External Load,Sets x Reps x Load,Hypertrophy / Injury Prevention,Leg Curl,hamstrings;posterior-chain,
EX-0307,Standing Single-Leg Curl,Strength,Lower Body,Knee Flexion,Hamstrings,Calves; Glutes,Machine,Standing,Single-leg,Unilateral-capable,Beginner,Machine / External Load,Sets x Reps x Load,Hypertrophy / Injury Prevention,Leg Curl,hamstrings;posterior-chain,
EX-0308,Nordic Hamstring Curl,Strength,Lower Body,Knee Flexion,Hamstrings,Calves; Glutes,Bodyweight / Anchor,Kneeling,Eccentric,Bilateral,Advanced,Bodyweight / External Load,Sets x Reps,Hypertrophy / Injury Prevention,Leg Curl,hamstrings;posterior-chain,
EX-0309,Assisted Nordic Hamstring Curl,Strength,Lower Body,Knee Flexion,Hamstrings,Calves; Glutes,Bodyweight / Band,Kneeling,Assisted,Bilateral,Intermediate,Bodyweight / External Load,Sets x Reps,Hypertrophy / Injury Prevention,Leg Curl,hamstrings;posterior-chain,
EX-0310,Glute-Ham Raise,Strength,Lower Body,Knee Flexion,Hamstrings,Calves; Glutes,GHD,Kneeling,Bodyweight/load,Bilateral,Advanced,Bodyweight / External Load,Sets x Reps,Hypertrophy / Injury Prevention,Leg Curl,hamstrings;posterior-chain,
EX-0311,Razor Curl,Strength,Lower Body,Knee Flexion,Hamstrings,Calves; Glutes,GHD / Partner,Kneeling,Bodyweight,Bilateral,Advanced,Bodyweight / External Load,Sets x Reps,Hypertrophy / Injury Prevention,Leg Curl,hamstrings;posterior-chain,
EX-0312,Slider Leg Curl,Strength,Lower Body,Knee Flexion,Hamstrings,Calves; Glutes,Sliders,Supine,Heels on sliders,Bilateral,Beginner,Bodyweight / External Load,Sets x Reps,Hypertrophy / Injury Prevention,Leg Curl,hamstrings;posterior-chain,
EX-0313,Swiss Ball Leg Curl,Strength,Lower Body,Knee Flexion,Hamstrings,Calves; Glutes,Swiss ball,Supine,Heels on ball,Bilateral,Beginner,Bodyweight / External Load,Sets x Reps,Hypertrophy / Injury Prevention,Leg Curl,hamstrings;posterior-chain,
EX-0314,Cable Leg Curl,Strength,Lower Body,Knee Flexion,Hamstrings,Calves; Glutes,Cable,Standing/prone,Ankle strap,Unilateral-capable,Beginner,Bodyweight / External Load,Sets x Reps x Load,Hypertrophy / Injury Prevention,Leg Curl,hamstrings;posterior-chain,
EX-0315,Band Leg Curl,Strength,Lower Body,Knee Flexion,Hamstrings,Calves; Glutes,Resistance band,Prone/seated,Band,Unilateral-capable,Beginner,Band Load,Sets x Reps,Hypertrophy / Injury Prevention,Leg Curl,hamstrings;posterior-chain,
EX-0316,Barbell Hip Thrust,Strength,Lower Body,Hip Extension,Glutes,Hamstrings; Core; Adductors,Barbell / Bench,Shoulders on bench,Hip extension,Bilateral,Beginner,External Load,Sets x Reps x Load,Hypertrophy / Strength / Prehab,Glute / Hip,glutes;hips,
EX-0317,Paused Barbell Hip Thrust,Strength,Lower Body,Hip Extension,Glutes,Hamstrings; Core; Adductors,Barbell / Bench,Shoulders on bench,Pause,Bilateral,Intermediate,External Load,Sets x Reps x Load,Hypertrophy / Strength / Prehab,Glute / Hip,glutes;hips,
EX-0318,Single-Leg Hip Thrust,Strength,Lower Body,Hip Extension,Glutes,Hamstrings; Core; Adductors,Bodyweight / Dumbbell,Shoulders on bench,Single-leg,Unilateral-capable,Intermediate,External Load,Sets x Reps x Load,Hypertrophy / Strength / Prehab,Glute / Hip,glutes;hips,
EX-0319,Machine Hip Thrust,Strength,Lower Body,Hip Extension,Glutes,Hamstrings; Core; Adductors,Machine,Seated/supine,Machine,Bilateral,Beginner,Machine / External Load,Sets x Reps x Load,Hypertrophy / Strength / Prehab,Glute / Hip,glutes;hips,
EX-0320,Glute Bridge,Strength,Lower Body,Hip Extension,Glutes,Hamstrings; Core; Adductors,Bodyweight,Floor,Hip extension,Bilateral,Beginner,Bodyweight,Sets x Reps x Load,Hypertrophy / Strength / Prehab,Glute / Hip,glutes;hips,
EX-0321,Barbell Glute Bridge,Strength,Lower Body,Hip Extension,Glutes,Hamstrings; Core; Adductors,Barbell,Floor,Hip extension,Bilateral,Beginner,External Load,Sets x Reps x Load,Hypertrophy / Strength / Prehab,Glute / Hip,glutes;hips,
EX-0322,Single-Leg Glute Bridge,Strength,Lower Body,Hip Extension,Glutes,Hamstrings; Core; Adductors,Bodyweight,Floor,Single-leg,Unilateral-capable,Beginner,Bodyweight,Sets x Reps x Load,Hypertrophy / Strength / Prehab,Glute / Hip,glutes;hips,
EX-0323,Frog Pump,Strength,Lower Body,Hip Extension,Glutes,Hamstrings; Core; Adductors,Bodyweight / Band,Floor,Feet together,Bilateral,Beginner,Band Load,Sets x Reps x Load,Hypertrophy / Strength / Prehab,Glute / Hip,glutes;hips,
EX-0324,Cable Glute Kickback,Strength,Lower Body,Hip Extension,Glutes,Hamstrings; Core; Adductors,Cable,Standing,Ankle strap,Unilateral-capable,Beginner,External Load,Sets x Reps x Load,Hypertrophy / Strength / Prehab,Glute / Hip,glutes;hips,
EX-0325,Machine Glute Kickback,Strength,Lower Body,Hip Extension,Glutes,Hamstrings; Core; Adductors,Machine,Standing/kneeling,Pad,Unilateral-capable,Beginner,Machine / External Load,Sets x Reps x Load,Hypertrophy / Strength / Prehab,Glute / Hip,glutes;hips,
EX-0326,Quadruped Hip Extension,Strength,Lower Body,Hip Extension,Glutes,Hamstrings; Core; Adductors,Bodyweight / Band,Quadruped,Kickback,Bilateral,Beginner,Band Load,Sets x Reps x Load,Hypertrophy / Strength / Prehab,Glute / Hip,glutes;hips,
EX-0327,Banded Glute Bridge,Strength,Lower Body,Hip Extension,Glutes,Hamstrings; Core; Adductors,Resistance band,Floor,Band knees,Bilateral,Beginner,Band Load,Sets x Reps x Load,Hypertrophy / Strength / Prehab,Glute / Hip,glutes;hips,
EX-0328,Banded Lateral Walk,Strength,Lower Body,Hip Abduction,Glute Medius / Abductors,Hamstrings; Core; Adductors,Resistance band,Standing,Band knees/ankles,Bilateral,Beginner,Band Load,Sets x Reps x Load,Hypertrophy / Strength / Prehab,Glute / Hip,glutes;hips,
EX-0329,Monster Walk,Strength,Lower Body,Hip Abduction,Glute Medius / Abductors,Hamstrings; Core; Adductors,Resistance band,Standing,Band knees/ankles,Bilateral,Beginner,External Load,Sets x Reps x Load,Hypertrophy / Strength / Prehab,Glute / Hip,glutes;hips,
EX-0330,Hip Abduction Machine,Strength,Lower Body,Hip Abduction,Glute Medius / Abductors,Hamstrings; Core; Adductors,Machine,Seated,Pads,Bilateral,Beginner,Machine / External Load,Sets x Reps x Load,Hypertrophy / Strength / Prehab,Glute / Hip,glutes;hips,
EX-0331,Cable Hip Abduction,Strength,Lower Body,Hip Abduction,Glute Medius / Abductors,Hamstrings; Core; Adductors,Cable,Standing,Ankle strap,Unilateral-capable,Beginner,External Load,Sets x Reps x Load,Hypertrophy / Strength / Prehab,Glute / Hip,glutes;hips,
EX-0332,Cable Hip Adduction,Strength,Lower Body,Hip Adduction,Adductors,Hamstrings; Core; Adductors,Cable,Standing,Ankle strap,Unilateral-capable,Beginner,External Load,Sets x Reps x Load,Hypertrophy / Strength / Prehab,Glute / Hip,glutes;hips,
EX-0333,Adductor Machine,Strength,Lower Body,Hip Adduction,Adductors,Hamstrings; Core; Adductors,Machine,Seated,Pads,Bilateral,Beginner,Machine / External Load,Sets x Reps x Load,Hypertrophy / Strength / Prehab,Glute / Hip,glutes;hips,
EX-0334,Copenhagen Plank,Strength,Lower Body,Hip Adduction,Adductors,Hamstrings; Core; Adductors,Bodyweight / Bench,Side plank,Adduction hold,Bilateral,Intermediate,External Load,Sets x Hold Time,Hypertrophy / Strength / Prehab,Glute / Hip,glutes;hips,
EX-0335,Standing Calf Raise,Strength,Lower Body,Ankle Plantarflexion,Calves,Feet; Achilles,Machine / Barbell / Dumbbells,Standing,Straight knee,Bilateral,Beginner,External Load / Bodyweight,Sets x Reps x Load,Hypertrophy / Prehab / Conditioning,Calf / Tibialis,calves;ankles,
EX-0336,Seated Calf Raise,Strength,Lower Body,Ankle Plantarflexion,Calves,Feet; Achilles,Machine,Seated,Bent knee,Bilateral,Beginner,External Load / Bodyweight,Sets x Reps x Load,Hypertrophy / Prehab / Conditioning,Calf / Tibialis,calves;ankles,
EX-0337,Leg Press Calf Raise,Strength,Lower Body,Ankle Plantarflexion,Calves,Feet; Achilles,Leg press machine,Machine,Straight knee,Bilateral,Beginner,External Load / Bodyweight,Sets x Reps x Load,Hypertrophy / Prehab / Conditioning,Calf / Tibialis,calves;ankles,
EX-0338,Donkey Calf Raise,Strength,Lower Body,Ankle Plantarflexion,Calves,Feet; Achilles,Machine / Partner,Hinged,Straight knee,Bilateral,Beginner,External Load / Bodyweight,Sets x Reps x Load,Hypertrophy / Prehab / Conditioning,Calf / Tibialis,calves;ankles,
EX-0339,Single-Leg Calf Raise,Strength,Lower Body,Ankle Plantarflexion,Calves,Feet; Achilles,Bodyweight / Dumbbell,Standing,Single-leg,Unilateral-capable,Beginner,External Load / Bodyweight,Sets x Reps x Load,Hypertrophy / Prehab / Conditioning,Calf / Tibialis,calves;ankles,
EX-0340,Smith Machine Calf Raise,Strength,Lower Body,Ankle Plantarflexion,Calves,Feet; Achilles,Smith machine,Standing,Straight knee,Bilateral,Beginner,External Load / Bodyweight,Sets x Reps x Load,Hypertrophy / Prehab / Conditioning,Calf / Tibialis,calves;ankles,
EX-0341,Tibialis Raise,Strength,Lower Body,Ankle Dorsiflexion,Tibialis Anterior,Feet; Achilles,Bodyweight / Tib bar,Standing/seated,Dorsiflexion,Bilateral,Beginner,External Load / Bodyweight,Sets x Reps x Load,Hypertrophy / Prehab / Conditioning,Calf / Tibialis,calves;ankles,
EX-0342,Toe Walk,Strength,Lower Body,Ankle Plantarflexion,Calves,Feet; Achilles,Bodyweight / Load,Walking,On toes,Bilateral,Beginner,External Load / Bodyweight,Sets x Distance,Hypertrophy / Prehab / Conditioning,Calf / Tibialis,calves;ankles,
EX-0343,Heel Walk,Strength,Lower Body,Ankle Dorsiflexion,Tibialis Anterior,Feet; Achilles,Bodyweight,Walking,On heels,Bilateral,Beginner,External Load / Bodyweight,Sets x Distance,Hypertrophy / Prehab / Conditioning,Calf / Tibialis,calves;ankles,
EX-0344,Jump Rope Calf Bounce,Strength,Lower Body,Ankle Plantarflexion,Calves,Feet; Achilles,Jump rope,Standing,Rhythm bounce,Bilateral,Beginner,External Load / Bodyweight,Time / Rounds,Hypertrophy / Prehab / Conditioning,Calf / Tibialis,calves;ankles,
EX-0345,Crunch,Core,Core,Core Flexion / Hip Flexion,Abs,Hip Flexors; Lower Back; Shoulders,Bodyweight,Floor,Spinal flexion,Bilateral,Beginner,Bodyweight,Sets x Reps,Core Strength / Stability,Core,core;abs,
EX-0346,Sit-Up,Core,Core,Core Flexion / Hip Flexion,Abs / Hip Flexors,Hip Flexors; Lower Back; Shoulders,Bodyweight,Floor,Spinal flexion,Bilateral,Beginner,Bodyweight,Sets x Reps,Core Strength / Stability,Core,core;abs,
EX-0347,Decline Sit-Up,Core,Core,Core Flexion / Hip Flexion,Abs / Hip Flexors,Hip Flexors; Lower Back; Shoulders,Decline bench,Decline,Spinal flexion,Bilateral,Intermediate,External Load,Sets x Reps,Core Strength / Stability,Core,core;abs,
EX-0348,Cable Crunch,Core,Core,Core Flexion / Hip Flexion,Abs,Hip Flexors; Lower Back; Shoulders,Cable,Kneeling,Rope,Bilateral,Beginner,Cable Load,Sets x Reps x Load,Core Strength / Stability,Core,core;abs,
EX-0349,Machine Crunch,Core,Core,Core Flexion / Hip Flexion,Abs,Hip Flexors; Lower Back; Shoulders,Machine,Seated,Machine,Bilateral,Beginner,External Load,Sets x Reps x Load,Core Strength / Stability,Core,core;abs,
EX-0350,Reverse Crunch,Core,Core,Core Flexion / Hip Flexion,Lower Abs,Hip Flexors; Lower Back; Shoulders,Bodyweight,Floor,Posterior pelvic tilt,Bilateral,Beginner,Bodyweight,Sets x Reps,Core Strength / Stability,Core,core;abs,
EX-0351,Hanging Knee Raise,Core,Core,Core Flexion / Hip Flexion,Abs / Hip Flexors,Hip Flexors; Lower Back; Shoulders,Pull-up bar,Hanging,Knees bent,Bilateral,Intermediate,Bodyweight,Sets x Reps,Core Strength / Stability,Core,core;abs,
EX-0352,Hanging Leg Raise,Core,Core,Core Flexion / Hip Flexion,Abs / Hip Flexors,Hip Flexors; Lower Back; Shoulders,Pull-up bar,Hanging,Straight legs,Bilateral,Advanced,Bodyweight,Sets x Reps,Core Strength / Stability,Core,core;abs,
EX-0353,Captain's Chair Knee Raise,Core,Core,Core Flexion / Hip Flexion,Abs / Hip Flexors,Hip Flexors; Lower Back; Shoulders,Captain chair,Supported,Knees bent,Bilateral,Beginner,External Load,Sets x Reps,Core Strength / Stability,Core,core;abs,
EX-0354,Lying Leg Raise,Core,Core,Core Flexion / Hip Flexion,Abs / Hip Flexors,Hip Flexors; Lower Back; Shoulders,Bodyweight,Floor,Straight legs,Bilateral,Beginner,Bodyweight,Sets x Reps,Core Strength / Stability,Core,core;abs,
EX-0355,Ab Wheel Rollout,Core,Core,Anti-Extension,Abs / Lats,Hip Flexors; Lower Back; Shoulders,Ab wheel,Kneeling/standing,Rollout,Bilateral,Intermediate,External Load,Sets x Reps,Core Strength / Stability,Core,core;abs,
EX-0356,Kneeling Ab Wheel Rollout,Core,Core,Anti-Extension,Abs / Lats,Hip Flexors; Lower Back; Shoulders,Ab wheel,Kneeling,Rollout,Bilateral,Beginner,External Load,Sets x Reps,Core Strength / Stability,Core,core;abs,
EX-0357,Standing Ab Wheel Rollout,Core,Core,Anti-Extension,Abs / Lats,Hip Flexors; Lower Back; Shoulders,Ab wheel,Standing,Rollout,Bilateral,Advanced,External Load,Sets x Reps,Core Strength / Stability,Core,core;abs,
EX-0358,Plank,Core,Core,Anti-Extension,Abs,Hip Flexors; Lower Back; Shoulders,Bodyweight,Floor,Forearm hold,Bilateral,Beginner,Bodyweight,Sets x Hold Time,Core Strength / Stability,Core,core;abs,
EX-0359,High Plank,Core,Core,Anti-Extension,Abs / Shoulders,Hip Flexors; Lower Back; Shoulders,Bodyweight,Floor,Push-up position,Bilateral,Beginner,Bodyweight,Sets x Hold Time,Core Strength / Stability,Core,core;abs,
EX-0360,Side Plank,Core,Core,Anti-Extension,Obliques,Hip Flexors; Lower Back; Shoulders,Bodyweight,Floor,Side hold,Unilateral-capable,Beginner,Bodyweight,Sets x Hold Time,Core Strength / Stability,Core,core;abs,
EX-0361,Weighted Plank,Core,Core,Anti-Extension,Abs,Hip Flexors; Lower Back; Shoulders,Plate / Bodyweight,Floor,Forearm hold,Bilateral,Intermediate,Bodyweight,Sets x Hold Time x Load,Core Strength / Stability,Core,core;abs,
EX-0362,Dead Bug,Core,Core,Anti-Extension,Core,Hip Flexors; Lower Back; Shoulders,Bodyweight,Floor,Anti-extension,Bilateral,Beginner,Bodyweight,Sets x Reps,Core Strength / Stability,Core,core;abs,
EX-0363,Bird Dog,Core,Core,Core Flexion / Hip Flexion,Core / Lower Back,Hip Flexors; Lower Back; Shoulders,Bodyweight,Quadruped,Anti-rotation,Bilateral,Beginner,Bodyweight,Sets x Reps,Core Strength / Stability,Core,core;abs,
EX-0364,Hollow Body Hold,Core,Core,Anti-Extension,Abs,Hip Flexors; Lower Back; Shoulders,Bodyweight,Floor,Hollow hold,Bilateral,Intermediate,Bodyweight,Sets x Hold Time,Core Strength / Stability,Core,core;abs,
EX-0365,Hollow Rock,Core,Core,Anti-Extension,Abs,Hip Flexors; Lower Back; Shoulders,Bodyweight,Floor,Hollow rocking,Bilateral,Intermediate,Bodyweight,Sets x Reps,Core Strength / Stability,Core,core;abs,
EX-0366,V-Up,Core,Core,Core Flexion / Hip Flexion,Abs / Hip Flexors,Hip Flexors; Lower Back; Shoulders,Bodyweight,Floor,Jackknife,Bilateral,Intermediate,Bodyweight,Sets x Reps,Core Strength / Stability,Core,core;abs,
EX-0367,Russian Twist,Core,Core,Rotation,Obliques,Hip Flexors; Lower Back; Shoulders,Bodyweight / Medicine ball,Seated,Rotation,Bilateral,Beginner,Bodyweight,Sets x Reps x Load,Core Strength / Stability,Core,core;abs,
EX-0368,Cable Wood Chop,Core,Core,Rotation,Obliques,Hip Flexors; Lower Back; Shoulders,Cable,Standing,High-to-low rotation,Unilateral-capable,Beginner,Cable Load,Sets x Reps x Load,Core Strength / Stability,Core,core;abs,
EX-0369,Low-to-High Cable Chop,Core,Core,Core Flexion / Hip Flexion,Obliques,Hip Flexors; Lower Back; Shoulders,Cable,Standing,Low-to-high rotation,Unilateral-capable,Beginner,Cable Load,Sets x Reps x Load,Core Strength / Stability,Core,core;abs,
EX-0370,Pallof Press,Core,Core,Anti-Rotation / Anti-Lateral Flexion,Obliques / Core,Hip Flexors; Lower Back; Shoulders,Cable / Band,Standing/kneeling,Anti-rotation,Unilateral-capable,Beginner,Cable Load,Sets x Reps x Load,Core Strength / Stability,Core,core;abs,
EX-0371,Pallof Press Hold,Core,Core,Anti-Rotation / Anti-Lateral Flexion,Obliques / Core,Hip Flexors; Lower Back; Shoulders,Cable / Band,Standing/kneeling,Anti-rotation hold,Unilateral-capable,Beginner,Cable Load,Sets x Hold Time x Load,Core Strength / Stability,Core,core;abs,
EX-0372,Landmine Rotation,Core,Core,Rotation,Obliques / Core,Hip Flexors; Lower Back; Shoulders,Landmine,Standing,Arc rotation,Bilateral,Intermediate,External Load,Sets x Reps x Load,Core Strength / Stability,Core,core;abs,
EX-0373,Windshield Wiper,Core,Core,Rotation,Obliques / Abs,Hip Flexors; Lower Back; Shoulders,Bodyweight / Pull-up bar,Hanging/floor,Rotation,Bilateral,Advanced,Bodyweight,Sets x Reps,Core Strength / Stability,Core,core;abs,
EX-0374,Dragon Flag,Core,Core,Core Flexion / Hip Flexion,Abs,Hip Flexors; Lower Back; Shoulders,Bench,Supine,Lever,Bilateral,Advanced,Bodyweight,Sets x Reps,Core Strength / Stability,Core,core;abs,
EX-0375,Cable Anti-Lateral Flexion Hold,Core,Core,Anti-Rotation / Anti-Lateral Flexion,Obliques,Hip Flexors; Lower Back; Shoulders,Cable,Standing,Side pull hold,Bilateral,Intermediate,Cable Load,Sets x Hold Time x Load,Core Strength / Stability,Core,core;abs,
EX-0376,Turkish Get-Up,Core,Core,Core Flexion / Hip Flexion,Core / Shoulders,Hip Flexors; Lower Back; Shoulders,Kettlebell,Floor to stand,Get-up,Unilateral-capable,Advanced,External Load,Sets x Reps x Load,Core Strength / Stability,Core,core;abs,
EX-0377,Power Clean,Power,Full Body,Olympic Lift / Power,Full Body Power,Glutes; Hamstrings; Quads; Traps; Shoulders; Core,Barbell,Floor,Clean grip,Bilateral,Advanced,External Load,Sets x Reps x Load,Power / Athleticism,Olympic / Ballistic,power;olympic;explosive,
EX-0378,Hang Power Clean,Power,Full Body,Olympic Lift / Power,Full Body Power,Glutes; Hamstrings; Quads; Traps; Shoulders; Core,Barbell,Hang,Clean grip,Bilateral,Advanced,External Load,Sets x Reps x Load,Power / Athleticism,Olympic / Ballistic,power;olympic;explosive,
EX-0379,Clean Pull,Power,Full Body,Olympic Lift / Power,Full Body Power,Glutes; Hamstrings; Quads; Traps; Shoulders; Core,Barbell,Floor,Clean grip,Bilateral,Advanced,External Load,Sets x Reps x Load,Power / Athleticism,Olympic / Ballistic,power;olympic;explosive,
EX-0380,Clean and Jerk,Power,Full Body,Olympic Lift / Power,Full Body Power,Glutes; Hamstrings; Quads; Traps; Shoulders; Core,Barbell,Floor to overhead,Clean + jerk,Bilateral,Advanced,External Load,Sets x Reps x Load,Power / Athleticism,Olympic / Ballistic,power;olympic;explosive,
EX-0381,Power Snatch,Power,Full Body,Olympic Lift / Power,Full Body Power,Glutes; Hamstrings; Quads; Traps; Shoulders; Core,Barbell,Floor,Snatch grip,Bilateral,Advanced,External Load,Sets x Reps x Load,Power / Athleticism,Olympic / Ballistic,power;olympic;explosive,
EX-0382,Hang Power Snatch,Power,Full Body,Olympic Lift / Power,Full Body Power,Glutes; Hamstrings; Quads; Traps; Shoulders; Core,Barbell,Hang,Snatch grip,Bilateral,Advanced,External Load,Sets x Reps x Load,Power / Athleticism,Olympic / Ballistic,power;olympic;explosive,
EX-0383,Snatch Pull,Power,Full Body,Olympic Lift / Power,Full Body Power,Glutes; Hamstrings; Quads; Traps; Shoulders; Core,Barbell,Floor,Snatch grip,Bilateral,Advanced,External Load,Sets x Reps x Load,Power / Athleticism,Olympic / Ballistic,power;olympic;explosive,
EX-0384,High Pull,Power,Full Body,Olympic Lift / Power,Full Body Power,Glutes; Hamstrings; Quads; Traps; Shoulders; Core,Barbell,Floor/hang,Clean/snatch grip,Bilateral,Advanced,External Load,Sets x Reps x Load,Power / Athleticism,Olympic / Ballistic,power;olympic;explosive,
EX-0385,Push Jerk,Power,Full Body,Olympic Lift / Power,Full Body Power,Glutes; Hamstrings; Quads; Traps; Shoulders; Core,Barbell,Front rack,Jerk dip/drive,Bilateral,Advanced,External Load,Sets x Reps x Load,Power / Athleticism,Olympic / Ballistic,power;olympic;explosive,
EX-0386,Split Jerk,Power,Full Body,Olympic Lift / Power,Full Body Power,Glutes; Hamstrings; Quads; Traps; Shoulders; Core,Barbell,Front rack,Split stance,Bilateral,Advanced,External Load,Sets x Reps x Load,Power / Athleticism,Olympic / Ballistic,power;olympic;explosive,
EX-0387,Dumbbell Snatch,Power,Full Body,Olympic Lift / Power,Full Body Power,Glutes; Hamstrings; Quads; Traps; Shoulders; Core,Dumbbell,Floor/hang,Single-arm,Unilateral-capable,Intermediate,External Load,Sets x Reps x Load,Power / Athleticism,Olympic / Ballistic,power;olympic;explosive,
EX-0388,Kettlebell Clean,Power,Full Body,Olympic Lift / Power,Full Body Power,Glutes; Hamstrings; Quads; Traps; Shoulders; Core,Kettlebell,Floor/hang,Single/double,Unilateral-capable,Intermediate,External Load,Sets x Reps x Load,Power / Athleticism,Olympic / Ballistic,power;olympic;explosive,
EX-0389,Kettlebell Snatch,Power,Full Body,Olympic Lift / Power,Full Body Power,Glutes; Hamstrings; Quads; Traps; Shoulders; Core,Kettlebell,Swing to overhead,Single-arm,Unilateral-capable,Intermediate,External Load,Sets x Reps x Load,Power / Athleticism,Olympic / Ballistic,power;olympic;explosive,
EX-0390,Kettlebell Clean and Press,Power,Full Body,Olympic Lift / Power,Full Body Power,Glutes; Hamstrings; Quads; Traps; Shoulders; Core,Kettlebell,Clean to press,Single/double,Unilateral-capable,Intermediate,External Load,Sets x Reps x Load,Power / Athleticism,Olympic / Ballistic,power;olympic;explosive,
EX-0391,Box Jump,Power,Full Body,Plyometric / Jump,Lower Body Power,Calves; Quads; Glutes; Core; Shoulders,Plyo box,Standing,Jump,Bilateral,Beginner,Bodyweight / External Load,Sets x Reps,Power / Athleticism,Plyometrics,plyo;athleticism;power,
EX-0392,Seated Box Jump,Power,Full Body,Plyometric / Jump,Lower Body Power,Calves; Quads; Glutes; Core; Shoulders,Plyo box/bench,Seated start,Jump,Bilateral,Intermediate,Bodyweight / External Load,Sets x Reps,Power / Athleticism,Plyometrics,plyo;athleticism;power,
EX-0393,Depth Jump,Power,Full Body,Plyometric / Jump,Lower Body Power,Calves; Quads; Glutes; Core; Shoulders,Plyo box,Drop to jump,Reactive,Bilateral,Advanced,Bodyweight / External Load,Sets x Reps,Power / Athleticism,Plyometrics,plyo;athleticism;power,
EX-0394,Depth Drop,Power,Full Body,Plyometric / Jump,Lower Body Power,Calves; Quads; Glutes; Core; Shoulders,Plyo box,Drop landing,Landing,Bilateral,Intermediate,Bodyweight / External Load,Sets x Reps,Power / Athleticism,Plyometrics,plyo;athleticism;power,
EX-0395,Vertical Jump,Power,Full Body,Plyometric / Jump,Lower Body Power,Calves; Quads; Glutes; Core; Shoulders,Bodyweight,Standing,Jump,Bilateral,Beginner,Bodyweight / External Load,Sets x Reps,Power / Athleticism,Plyometrics,plyo;athleticism;power,
EX-0396,Approach Jump,Power,Full Body,Plyometric / Jump,Lower Body Power,Calves; Quads; Glutes; Core; Shoulders,Bodyweight,Run-up,Jump,Bilateral,Intermediate,Bodyweight / External Load,Sets x Reps,Power / Athleticism,Plyometrics,plyo;athleticism;power,
EX-0397,Broad Jump,Power,Full Body,Plyometric / Jump,Lower Body Power,Calves; Quads; Glutes; Core; Shoulders,Bodyweight,Standing,Horizontal jump,Bilateral,Beginner,Bodyweight / External Load,Sets x Reps,Power / Athleticism,Plyometrics,plyo;athleticism;power,
EX-0398,Tuck Jump,Power,Full Body,Plyometric / Jump,Lower Body Power,Calves; Quads; Glutes; Core; Shoulders,Bodyweight,Standing,Jump,Bilateral,Intermediate,Bodyweight / External Load,Sets x Reps,Power / Athleticism,Plyometrics,plyo;athleticism;power,
EX-0399,Squat Jump,Power,Full Body,Plyometric / Jump,Lower Body Power,Calves; Quads; Glutes; Core; Shoulders,Bodyweight / Load,Standing,Jump,Bilateral,Beginner,Bodyweight / External Load,Sets x Reps,Power / Athleticism,Plyometrics,plyo;athleticism;power,
EX-0400,Loaded Jump Squat,Power,Full Body,Plyometric / Jump,Lower Body Power,Calves; Quads; Glutes; Core; Shoulders,Dumbbells / Trap bar,Standing,Jump,Bilateral,Advanced,Bodyweight / External Load,Sets x Reps,Power / Athleticism,Plyometrics,plyo;athleticism;power,
EX-0401,Split Squat Jump,Power,Full Body,Plyometric / Jump,Lower Body Power,Calves; Quads; Glutes; Core; Shoulders,Bodyweight,Split stance,Jump,Bilateral,Intermediate,Bodyweight / External Load,Sets x Reps,Power / Athleticism,Plyometrics,plyo;athleticism;power,
EX-0402,Lateral Skater Jump,Power,Full Body,Plyometric / Jump,Lower Body Power,Calves; Quads; Glutes; Core; Shoulders,Bodyweight,Lateral,Bound,Bilateral,Beginner,Bodyweight / External Load,Sets x Reps,Power / Athleticism,Plyometrics,plyo;athleticism;power,
EX-0403,Pogo Jump,Power,Full Body,Plyometric / Jump,Lower Body Power,Calves; Quads; Glutes; Core; Shoulders,Bodyweight,Ankle bounce,Stiff ankle,Bilateral,Beginner,Bodyweight / External Load,Sets x Reps,Power / Athleticism,Plyometrics,plyo;athleticism;power,
EX-0404,Single-Leg Pogo Jump,Power,Full Body,Plyometric / Jump,Lower Body Power,Calves; Quads; Glutes; Core; Shoulders,Bodyweight,Single-leg,Stiff ankle,Unilateral,Intermediate,Bodyweight / External Load,Sets x Reps,Power / Athleticism,Plyometrics,plyo;athleticism;power,
EX-0405,Hurdle Hop,Power,Full Body,Plyometric / Jump,Lower Body Power,Calves; Quads; Glutes; Core; Shoulders,Hurdles,Repeated hops,Reactive,Bilateral,Intermediate,Bodyweight / External Load,Sets x Reps,Power / Athleticism,Plyometrics,plyo;athleticism;power,
EX-0406,Lateral Bound,Power,Full Body,Plyometric / Jump,Lower Body Power,Calves; Quads; Glutes; Core; Shoulders,Bodyweight,Lateral,Bound,Bilateral,Intermediate,Bodyweight / External Load,Sets x Reps,Power / Athleticism,Plyometrics,plyo;athleticism;power,
EX-0407,Medicine Ball Slam,Power,Full Body,Medicine Ball Power,Full Body Power,Calves; Quads; Glutes; Core; Shoulders,Medicine ball,Standing,Slam,Bilateral,Beginner,Bodyweight / External Load,Sets x Reps x Load,Power / Athleticism,Plyometrics,plyo;athleticism;power,
EX-0408,Medicine Ball Chest Pass,Power,Full Body,Medicine Ball Power,Full Body Power,Calves; Quads; Glutes; Core; Shoulders,Medicine ball,Standing/wall,Explosive pass,Bilateral,Beginner,Bodyweight / External Load,Sets x Reps x Load,Power / Athleticism,Plyometrics,plyo;athleticism;power,
EX-0409,Medicine Ball Rotational Throw,Power,Full Body,Medicine Ball Power,Full Body Power,Calves; Quads; Glutes; Core; Shoulders,Medicine ball,Standing/wall,Rotation,Bilateral,Intermediate,Bodyweight / External Load,Sets x Reps x Load,Power / Athleticism,Plyometrics,plyo;athleticism;power,
EX-0410,Medicine Ball Overhead Throw,Power,Full Body,Medicine Ball Power,Full Body Power,Calves; Quads; Glutes; Core; Shoulders,Medicine ball,Standing,Overhead,Bilateral,Intermediate,Bodyweight / External Load,Sets x Reps x Load,Power / Athleticism,Plyometrics,plyo;athleticism;power,
EX-0411,Wall Ball Shot,Power,Full Body,Medicine Ball Power,Full Body Power,Calves; Quads; Glutes; Core; Shoulders,Medicine ball / Wall,Squat to throw,Wall ball,Bilateral,Intermediate,Bodyweight / External Load,Sets x Reps x Load,Power / Athleticism,Plyometrics,plyo;athleticism;power,
EX-0412,Treadmill Walk,Conditioning,Full Body,Cardio / Conditioning,Cardiovascular System,Legs; Core; Upper Back; Shoulders,Treadmill,Cardio machine,Walk,Bilateral,Beginner,Bodyweight / External Load,Time / Distance / Speed,Conditioning / Work Capacity,Conditioning / Carry,conditioning;strongman;cardio,
EX-0413,Treadmill Incline Walk,Conditioning,Full Body,Cardio / Conditioning,Cardiovascular System,Legs; Core; Upper Back; Shoulders,Treadmill,Cardio machine,Incline walk,Bilateral,Beginner,Bodyweight / External Load,Time / Distance / Speed / Incline,Conditioning / Work Capacity,Conditioning / Carry,conditioning;strongman;cardio,
EX-0414,Treadmill Run,Conditioning,Full Body,Cardio / Conditioning,Cardiovascular System,Legs; Core; Upper Back; Shoulders,Treadmill,Cardio machine,Run,Bilateral,Beginner,Bodyweight / External Load,Time / Distance / Speed,Conditioning / Work Capacity,Conditioning / Carry,conditioning;strongman;cardio,
EX-0415,Treadmill Sprint,Conditioning,Full Body,Cardio / Conditioning,Cardiovascular System,Legs; Core; Upper Back; Shoulders,Treadmill,Cardio machine,Sprint,Bilateral,Intermediate,Bodyweight / External Load,Intervals / Time / Speed,Conditioning / Work Capacity,Conditioning / Carry,conditioning;strongman;cardio,
EX-0416,Stationary Bike,Conditioning,Full Body,Cardio / Conditioning,Cardiovascular System,Legs; Core; Upper Back; Shoulders,Bike,Cardio machine,Cycle,Bilateral,Beginner,Bodyweight / External Load,Time / Distance / Resistance,Conditioning / Work Capacity,Conditioning / Carry,conditioning;strongman;cardio,
EX-0417,Assault Bike,Conditioning,Full Body,Cardio / Conditioning,Cardiovascular System,Legs; Core; Upper Back; Shoulders,Assault bike,Cardio machine,Air bike,Bilateral,Intermediate,Bodyweight / External Load,Time / Calories / Watts,Conditioning / Work Capacity,Conditioning / Carry,conditioning;strongman;cardio,
EX-0418,Rowing Machine,Conditioning,Full Body,Cardio / Conditioning,Cardiovascular System,Legs; Core; Upper Back; Shoulders,Rower,Cardio machine,Row,Bilateral,Beginner,Bodyweight / External Load,Time / Distance / Pace,Conditioning / Work Capacity,Conditioning / Carry,conditioning;strongman;cardio,
EX-0419,SkiErg,Conditioning,Full Body,Cardio / Conditioning,Cardiovascular System,Legs; Core; Upper Back; Shoulders,SkiErg,Cardio machine,Ski pull,Bilateral,Intermediate,Bodyweight / External Load,Time / Distance / Pace,Conditioning / Work Capacity,Conditioning / Carry,conditioning;strongman;cardio,
EX-0420,Stair Climber,Conditioning,Full Body,Cardio / Conditioning,Cardiovascular System,Legs; Core; Upper Back; Shoulders,Stair climber,Cardio machine,Climb,Bilateral,Beginner,Bodyweight / External Load,Time / Floors / Speed,Conditioning / Work Capacity,Conditioning / Carry,conditioning;strongman;cardio,
EX-0421,Elliptical,Conditioning,Full Body,Cardio / Conditioning,Cardiovascular System,Legs; Core; Upper Back; Shoulders,Elliptical,Cardio machine,Stride,Bilateral,Beginner,Bodyweight / External Load,Time / Distance / Resistance,Conditioning / Work Capacity,Conditioning / Carry,conditioning;strongman;cardio,
EX-0422,Jump Rope,Conditioning,Full Body,Cardio / Conditioning,Cardiovascular System,Legs; Core; Upper Back; Shoulders,Jump rope,Standing,Skip,Bilateral,Beginner,Bodyweight / External Load,Time / Rounds,Conditioning / Work Capacity,Conditioning / Carry,conditioning;strongman;cardio,
EX-0423,Battle Rope Waves,Conditioning,Full Body,Cardio / Conditioning,Cardiovascular System,Legs; Core; Upper Back; Shoulders,Battle ropes,Standing,Alternating waves,Bilateral,Intermediate,Bodyweight / External Load,Intervals / Time,Conditioning / Work Capacity,Conditioning / Carry,conditioning;strongman;cardio,
EX-0424,Battle Rope Slams,Conditioning,Full Body,Cardio / Conditioning,Cardiovascular System,Legs; Core; Upper Back; Shoulders,Battle ropes,Standing,Slams,Bilateral,Intermediate,Bodyweight / External Load,Intervals / Time,Conditioning / Work Capacity,Conditioning / Carry,conditioning;strongman;cardio,
EX-0425,Burpee,Conditioning,Full Body,Cardio / Conditioning,Cardiovascular System,Legs; Core; Upper Back; Shoulders,Bodyweight,Floor/standing,Full body,Bilateral,Intermediate,Bodyweight / External Load,Sets x Reps / Time,Conditioning / Work Capacity,Conditioning / Carry,conditioning;strongman;cardio,
EX-0426,Mountain Climber,Conditioning,Full Body,Cardio / Conditioning,Cardiovascular System,Legs; Core; Upper Back; Shoulders,Bodyweight,Plank,Alternating knees,Bilateral,Beginner,Bodyweight / External Load,Time / Reps,Conditioning / Work Capacity,Conditioning / Carry,conditioning;strongman;cardio,
EX-0427,Sled Push,Conditioning,Full Body,Sled / Strongman,Full Body Conditioning,Legs; Core; Upper Back; Shoulders,Sled,Turf,Push,Bilateral,Intermediate,Bodyweight / External Load,Distance x Load,Conditioning / Work Capacity,Conditioning / Carry,conditioning;strongman;cardio,
EX-0428,Sled Pull,Conditioning,Full Body,Sled / Strongman,Full Body Conditioning,Legs; Core; Upper Back; Shoulders,Sled,Turf,Backward/forward pull,Bilateral,Intermediate,Bodyweight / External Load,Distance x Load,Conditioning / Work Capacity,Conditioning / Carry,conditioning;strongman;cardio,
EX-0429,Backward Sled Drag,Conditioning,Full Body,Sled / Strongman,Full Body Conditioning,Legs; Core; Upper Back; Shoulders,Sled,Turf,Backward drag,Bilateral,Beginner,Bodyweight / External Load,Distance x Load,Conditioning / Work Capacity,Conditioning / Carry,conditioning;strongman;cardio,
EX-0430,Lateral Sled Drag,Conditioning,Full Body,Sled / Strongman,Full Body Conditioning,Legs; Core; Upper Back; Shoulders,Sled,Turf,Lateral drag,Bilateral,Intermediate,Bodyweight / External Load,Distance x Load,Conditioning / Work Capacity,Conditioning / Carry,conditioning;strongman;cardio,
EX-0431,Prowler Sprint,Conditioning,Full Body,Sled / Strongman,Full Body Conditioning,Legs; Core; Upper Back; Shoulders,Prowler sled,Turf,Sprint push,Bilateral,Advanced,Bodyweight / External Load,Distance x Load,Conditioning / Work Capacity,Conditioning / Carry,conditioning;strongman;cardio,
EX-0432,Sandbag Carry,Loaded Carry,Full Body,Loaded Carry,Grip / Traps / Core,Legs; Core; Upper Back; Shoulders,Sandbag,Walking,Bear hug/shoulder,Bilateral,Intermediate,Bodyweight / External Load,Distance x Load,Conditioning / Work Capacity,Conditioning / Carry,conditioning;strongman;cardio,
EX-0433,Sandbag Clean,Conditioning,Full Body,Sled / Strongman,Full Body Conditioning,Legs; Core; Upper Back; Shoulders,Sandbag,Floor to shoulder,Clean,Bilateral,Intermediate,Bodyweight / External Load,Sets x Reps x Load,Conditioning / Work Capacity,Conditioning / Carry,conditioning;strongman;cardio,
EX-0434,Sandbag Shouldering,Conditioning,Full Body,Sled / Strongman,Full Body Conditioning,Legs; Core; Upper Back; Shoulders,Sandbag,Floor to shoulder,Alternating shoulder,Bilateral,Intermediate,Bodyweight / External Load,Sets x Reps x Load,Conditioning / Work Capacity,Conditioning / Carry,conditioning;strongman;cardio,
EX-0435,Yoke Walk,Loaded Carry,Full Body,Loaded Carry,Grip / Traps / Core,Legs; Core; Upper Back; Shoulders,Yoke,Walking,Carry,Bilateral,Advanced,Bodyweight / External Load,Distance x Load,Conditioning / Work Capacity,Conditioning / Carry,conditioning;strongman;cardio,
EX-0436,Farmer's Walk,Loaded Carry,Full Body,Loaded Carry,Grip / Traps / Core,Legs; Core; Upper Back; Shoulders,Farmer handles / Dumbbells,Walking,Carry,Bilateral,Intermediate,Bodyweight / External Load,Distance x Load,Conditioning / Work Capacity,Conditioning / Carry,conditioning;strongman;cardio,
EX-0437,Trap Bar Carry,Loaded Carry,Full Body,Loaded Carry,Grip / Traps / Core,Legs; Core; Upper Back; Shoulders,Trap bar,Walking,Carry,Bilateral,Intermediate,Bodyweight / External Load,Distance x Load,Conditioning / Work Capacity,Conditioning / Carry,conditioning;strongman;cardio,
EX-0438,Overhead Carry,Loaded Carry,Full Body,Loaded Carry,Grip / Traps / Core,Legs; Core; Upper Back; Shoulders,Dumbbells / Kettlebells / Barbell,Walking,Overhead,Bilateral,Advanced,Bodyweight / External Load,Distance x Load,Conditioning / Work Capacity,Conditioning / Carry,conditioning;strongman;cardio,
EX-0439,Front Rack Carry,Loaded Carry,Full Body,Loaded Carry,Grip / Traps / Core,Legs; Core; Upper Back; Shoulders,Kettlebells / Barbell,Walking,Front rack,Bilateral,Intermediate,Bodyweight / External Load,Distance x Load,Conditioning / Work Capacity,Conditioning / Carry,conditioning;strongman;cardio,
EX-0440,Band Pull-Apart,Mobility / Prehab,Mobility / Prehab,Mobility / Activation,Rear Delts / Upper Back,Stabilizers; Connective Tissue,Resistance band,Standing,Overhand,Unilateral-capable,Beginner,Bodyweight / Band / Light Load,Sets x Reps,Warm-up / Prehab / Recovery,Mobility / Prehab,mobility;prehab;warmup,Keep loads light and controlled unless programmed otherwise.
EX-0441,Band Dislocate,Mobility / Prehab,Mobility / Prehab,Mobility / Activation,Shoulder Mobility,Stabilizers; Connective Tissue,Resistance band / PVC,Standing,Wide grip,Unilateral-capable,Beginner,Bodyweight / Band / Light Load,Sets x Reps,Warm-up / Prehab / Recovery,Mobility / Prehab,mobility;prehab;warmup,Keep loads light and controlled unless programmed otherwise.
EX-0442,Shoulder External Rotation with Band,Mobility / Prehab,Mobility / Prehab,Mobility / Activation,Rotator Cuff,Stabilizers; Connective Tissue,Resistance band,Elbow tucked,External rotation,Unilateral-capable,Beginner,Bodyweight / Band / Light Load,Sets x Reps,Warm-up / Prehab / Recovery,Mobility / Prehab,mobility;prehab;warmup,Keep loads light and controlled unless programmed otherwise.
EX-0443,Shoulder Internal Rotation with Band,Mobility / Prehab,Mobility / Prehab,Mobility / Activation,Rotator Cuff,Stabilizers; Connective Tissue,Resistance band,Elbow tucked,Internal rotation,Unilateral-capable,Beginner,Bodyweight / Band / Light Load,Sets x Reps,Warm-up / Prehab / Recovery,Mobility / Prehab,mobility;prehab;warmup,Keep loads light and controlled unless programmed otherwise.
EX-0444,Face Pull to External Rotation,Mobility / Prehab,Mobility / Prehab,Mobility / Activation,Rear Delts / Rotator Cuff,Stabilizers; Connective Tissue,Cable / Band,High anchor,Rope/band,Unilateral-capable,Beginner,Bodyweight / Band / Light Load,Sets x Reps,Warm-up / Prehab / Recovery,Mobility / Prehab,mobility;prehab;warmup,Keep loads light and controlled unless programmed otherwise.
EX-0445,Wall Slide,Mobility / Prehab,Mobility / Prehab,Mobility / Activation,Serratus / Shoulder Mobility,Stabilizers; Connective Tissue,Bodyweight,Wall,Scapular upward rotation,Unilateral-capable,Beginner,Bodyweight / Band / Light Load,Sets x Reps,Warm-up / Prehab / Recovery,Mobility / Prehab,mobility;prehab;warmup,Keep loads light and controlled unless programmed otherwise.
EX-0446,Serratus Wall Slide,Mobility / Prehab,Mobility / Prehab,Mobility / Activation,Serratus,Stabilizers; Connective Tissue,Bodyweight / Foam roller,Wall,Forearms on roller,Unilateral-capable,Beginner,Bodyweight / Band / Light Load,Sets x Reps,Warm-up / Prehab / Recovery,Mobility / Prehab,mobility;prehab;warmup,Keep loads light and controlled unless programmed otherwise.
EX-0447,Scapular Clock,Mobility / Prehab,Mobility / Prehab,Mobility / Activation,Scapular Stabilizers,Stabilizers; Connective Tissue,Bodyweight / Band,Wall/floor,Scapular control,Unilateral-capable,Beginner,Bodyweight / Band / Light Load,Sets x Reps,Warm-up / Prehab / Recovery,Mobility / Prehab,mobility;prehab;warmup,Keep loads light and controlled unless programmed otherwise.
EX-0448,Prone Y Raise,Mobility / Prehab,Mobility / Prehab,Mobility / Activation,Lower Traps,Stabilizers; Connective Tissue,Bodyweight / Light DB,Prone,Y,Unilateral-capable,Beginner,Bodyweight / Band / Light Load,Sets x Reps,Warm-up / Prehab / Recovery,Mobility / Prehab,mobility;prehab;warmup,Keep loads light and controlled unless programmed otherwise.
EX-0449,Prone T Raise,Mobility / Prehab,Mobility / Prehab,Mobility / Activation,Rear Delts / Mid Traps,Stabilizers; Connective Tissue,Bodyweight / Light DB,Prone,T,Unilateral-capable,Beginner,Bodyweight / Band / Light Load,Sets x Reps,Warm-up / Prehab / Recovery,Mobility / Prehab,mobility;prehab;warmup,Keep loads light and controlled unless programmed otherwise.
EX-0450,Prone W Raise,Mobility / Prehab,Mobility / Prehab,Mobility / Activation,Rotator Cuff / Traps,Stabilizers; Connective Tissue,Bodyweight / Light DB,Prone,W,Unilateral-capable,Beginner,Bodyweight / Band / Light Load,Sets x Reps,Warm-up / Prehab / Recovery,Mobility / Prehab,mobility;prehab;warmup,Keep loads light and controlled unless programmed otherwise.
EX-0451,Ankle Dorsiflexion Rock,Mobility / Prehab,Mobility / Prehab,Mobility / Activation,Ankle Mobility,Stabilizers; Connective Tissue,Bodyweight,Half-kneeling,Knee-over-toe,Unilateral-capable,Beginner,Bodyweight / Band / Light Load,Sets x Reps,Warm-up / Prehab / Recovery,Mobility / Prehab,mobility;prehab;warmup,Keep loads light and controlled unless programmed otherwise.
EX-0452,Calf Stretch,Mobility / Prehab,Mobility / Prehab,Mobility / Activation,Calves,Stabilizers; Connective Tissue,Bodyweight,Wall/floor,Straight knee,Unilateral-capable,Beginner,Bodyweight / Band / Light Load,Hold Time,Warm-up / Prehab / Recovery,Mobility / Prehab,mobility;prehab;warmup,Keep loads light and controlled unless programmed otherwise.
EX-0453,Soleus Stretch,Mobility / Prehab,Mobility / Prehab,Mobility / Activation,Soleus,Stabilizers; Connective Tissue,Bodyweight,Wall/floor,Bent knee,Unilateral-capable,Beginner,Bodyweight / Band / Light Load,Hold Time,Warm-up / Prehab / Recovery,Mobility / Prehab,mobility;prehab;warmup,Keep loads light and controlled unless programmed otherwise.
EX-0454,Hip Flexor Stretch,Mobility / Prehab,Mobility / Prehab,Mobility / Activation,Hip Flexors,Stabilizers; Connective Tissue,Bodyweight,Half-kneeling,Posterior tilt,Unilateral-capable,Beginner,Bodyweight / Band / Light Load,Hold Time,Warm-up / Prehab / Recovery,Mobility / Prehab,mobility;prehab;warmup,Keep loads light and controlled unless programmed otherwise.
EX-0455,Couch Stretch,Mobility / Prehab,Mobility / Prehab,Mobility / Activation,Hip Flexors / Quads,Stabilizers; Connective Tissue,Bodyweight,Wall/bench,Knee flexed,Unilateral-capable,Intermediate,Bodyweight / Band / Light Load,Hold Time,Warm-up / Prehab / Recovery,Mobility / Prehab,mobility;prehab;warmup,Keep loads light and controlled unless programmed otherwise.
EX-0456,Pigeon Stretch,Mobility / Prehab,Mobility / Prehab,Mobility / Activation,Glutes / Hip Mobility,Stabilizers; Connective Tissue,Bodyweight,Floor,Hip external rotation,Unilateral-capable,Beginner,Bodyweight / Band / Light Load,Hold Time,Warm-up / Prehab / Recovery,Mobility / Prehab,mobility;prehab;warmup,Keep loads light and controlled unless programmed otherwise.
EX-0457,90/90 Hip Switch,Mobility / Prehab,Mobility / Prehab,Mobility / Activation,Hip Mobility,Stabilizers; Connective Tissue,Bodyweight,Floor,Hip rotation,Unilateral-capable,Beginner,Bodyweight / Band / Light Load,Sets x Reps,Warm-up / Prehab / Recovery,Mobility / Prehab,mobility;prehab;warmup,Keep loads light and controlled unless programmed otherwise.
EX-0458,Adductor Rockback,Mobility / Prehab,Mobility / Prehab,Mobility / Activation,Adductors,Stabilizers; Connective Tissue,Bodyweight,Quadruped,Hip hinge,Unilateral-capable,Beginner,Bodyweight / Band / Light Load,Sets x Reps,Warm-up / Prehab / Recovery,Mobility / Prehab,mobility;prehab;warmup,Keep loads light and controlled unless programmed otherwise.
EX-0459,Deep Squat Pry,Mobility / Prehab,Mobility / Prehab,Mobility / Activation,Hips / Ankles,Stabilizers; Connective Tissue,Bodyweight / Kettlebell,Deep squat,Pry,Unilateral-capable,Beginner,Bodyweight / Band / Light Load,Hold Time,Warm-up / Prehab / Recovery,Mobility / Prehab,mobility;prehab;warmup,Keep loads light and controlled unless programmed otherwise.
EX-0460,Thoracic Open Book,Mobility / Prehab,Mobility / Prehab,Mobility / Activation,Thoracic Mobility,Stabilizers; Connective Tissue,Bodyweight,Side-lying,T-spine rotation,Unilateral-capable,Beginner,Bodyweight / Band / Light Load,Sets x Reps,Warm-up / Prehab / Recovery,Mobility / Prehab,mobility;prehab;warmup,Keep loads light and controlled unless programmed otherwise.
EX-0461,Thoracic Extension on Foam Roller,Mobility / Prehab,Mobility / Prehab,Mobility / Activation,Thoracic Mobility,Stabilizers; Connective Tissue,Foam roller,Supine,Extension,Unilateral-capable,Beginner,Bodyweight / Band / Light Load,Sets x Reps,Warm-up / Prehab / Recovery,Mobility / Prehab,mobility;prehab;warmup,Keep loads light and controlled unless programmed otherwise.
EX-0462,Cat-Cow,Mobility / Prehab,Mobility / Prehab,Mobility / Activation,Spine Mobility,Stabilizers; Connective Tissue,Bodyweight,Quadruped,Spinal flex/extend,Unilateral-capable,Beginner,Bodyweight / Band / Light Load,Sets x Reps,Warm-up / Prehab / Recovery,Mobility / Prehab,mobility;prehab;warmup,Keep loads light and controlled unless programmed otherwise.
EX-0463,World's Greatest Stretch,Mobility / Prehab,Mobility / Prehab,Mobility / Activation,Hips / T-Spine,Stabilizers; Connective Tissue,Bodyweight,Lunge position,Multi-mobility,Unilateral-capable,Beginner,Bodyweight / Band / Light Load,Sets x Reps,Warm-up / Prehab / Recovery,Mobility / Prehab,mobility;prehab;warmup,Keep loads light and controlled unless programmed otherwise.
EX-0464,Hamstring Floss,Mobility / Prehab,Mobility / Prehab,Mobility / Activation,Hamstrings,Stabilizers; Connective Tissue,Bodyweight / Band,Supine/standing,Nerve glide,Unilateral-capable,Beginner,Bodyweight / Band / Light Load,Sets x Reps,Warm-up / Prehab / Recovery,Mobility / Prehab,mobility;prehab;warmup,Keep loads light and controlled unless programmed otherwise.
EX-0465,Terminal Knee Extension,Mobility / Prehab,Mobility / Prehab,Mobility / Activation,Quads / Knee Prehab,Stabilizers; Connective Tissue,Resistance band,Standing,TKE,Unilateral-capable,Beginner,Bodyweight / Band / Light Load,Sets x Reps,Warm-up / Prehab / Recovery,Mobility / Prehab,mobility;prehab;warmup,Keep loads light and controlled unless programmed otherwise.
EX-0466,Banded Spanish Squat Hold,Mobility / Prehab,Mobility / Prehab,Mobility / Activation,Quads / Knees,Stabilizers; Connective Tissue,Resistance band,Standing,Isometric,Unilateral-capable,Beginner,Bodyweight / Band / Light Load,Hold Time,Warm-up / Prehab / Recovery,Mobility / Prehab,mobility;prehab;warmup,Keep loads light and controlled unless programmed otherwise.
EX-0467,Wrist Flexor Stretch,Mobility / Prehab,Mobility / Prehab,Mobility / Activation,Wrist Mobility,Stabilizers; Connective Tissue,Bodyweight,Standing/kneeling,Palm up/down,Unilateral-capable,Beginner,Bodyweight / Band / Light Load,Hold Time,Warm-up / Prehab / Recovery,Mobility / Prehab,mobility;prehab;warmup,Keep loads light and controlled unless programmed otherwise.
EX-0468,Wrist Extensor Stretch,Mobility / Prehab,Mobility / Prehab,Mobility / Activation,Wrist Mobility,Stabilizers; Connective Tissue,Bodyweight,Standing/kneeling,Palm down,Unilateral-capable,Beginner,Bodyweight / Band / Light Load,Hold Time,Warm-up / Prehab / Recovery,Mobility / Prehab,mobility;prehab;warmup,Keep loads light and controlled unless programmed otherwise.
EX-0469,Wrist CARs,Mobility / Prehab,Mobility / Prehab,Mobility / Activation,Wrist Mobility,Stabilizers; Connective Tissue,Bodyweight,Standing/seated,Controlled rotation,Unilateral-capable,Beginner,Bodyweight / Band / Light Load,Sets x Reps,Warm-up / Prehab / Recovery,Mobility / Prehab,mobility;prehab;warmup,Keep loads light and controlled unless programmed otherwise.
EX-0470,Neck Flexion Isometric,Mobility / Prehab,Mobility / Prehab,Mobility / Activation,Neck,Stabilizers; Connective Tissue,Bodyweight / Band,Seated/standing,Isometric,Unilateral-capable,Beginner,Bodyweight / Band / Light Load,Hold Time,Warm-up / Prehab / Recovery,Mobility / Prehab,mobility;prehab;warmup,Keep loads light and controlled unless programmed otherwise.
EX-0471,Neck Extension Isometric,Mobility / Prehab,Mobility / Prehab,Mobility / Activation,Neck,Stabilizers; Connective Tissue,Bodyweight / Band,Seated/standing,Isometric,Unilateral-capable,Beginner,Bodyweight / Band / Light Load,Hold Time,Warm-up / Prehab / Recovery,Mobility / Prehab,mobility;prehab;warmup,Keep loads light and controlled unless programmed otherwise.
EX-0472,Neck Lateral Flexion Isometric,Mobility / Prehab,Mobility / Prehab,Mobility / Activation,Neck,Stabilizers; Connective Tissue,Bodyweight / Band,Seated/standing,Isometric,Unilateral-capable,Beginner,Bodyweight / Band / Light Load,Hold Time,Warm-up / Prehab / Recovery,Mobility / Prehab,mobility;prehab;warmup,Keep loads light and controlled unless programmed otherwise.
EX-0473,Smith Machine Romanian Deadlift,Strength,Lower Body,Hip Hinge,Hamstrings / Glutes,Lower Back; Core,Smith machine,Standing,Hip hinge,Bilateral,Intermediate,Bodyweight / External Load,Sets x Reps x Load,Strength / Hypertrophy / Skill,Hip Hinge,extra;variant,
EX-0474,Smith Machine Split Squat,Strength,Lower Body,Single-Leg Squat / Lunge,Quads / Glutes,Hamstrings; Core,Smith machine,Split stance,Split stance,Bilateral,Intermediate,Bodyweight / External Load,Sets x Reps x Load,Strength / Hypertrophy / Skill,Single-Leg Squat / Lunge,extra;variant,
EX-0475,Cable Squat,Strength,Lower Body,Squat / Knee Dominant,Quads / Glutes,Core,Cable,Low pulley,Handles,Bilateral,Intermediate,Bodyweight / External Load,Sets x Reps x Load,Strength / Hypertrophy / Skill,Squat / Knee Dominant,extra;variant,
EX-0476,Cable Reverse Lunge,Strength,Lower Body,Single-Leg Squat / Lunge,Quads / Glutes,Core,Cable,Low pulley,Handles,Bilateral,Intermediate,Bodyweight / External Load,Sets x Reps x Load,Strength / Hypertrophy / Skill,Single-Leg Squat / Lunge,extra;variant,
EX-0477,Landmine Squat,Strength,Lower Body,Squat / Knee Dominant,Quads / Glutes,Core,Landmine,Standing,Goblet-like,Bilateral,Intermediate,Bodyweight / External Load,Sets x Reps x Load,Strength / Hypertrophy / Skill,Squat / Knee Dominant,extra;variant,
EX-0478,Landmine Hack Squat,Strength,Lower Body,Squat / Knee Dominant,Quads,Glutes,Landmine,Shoulder/back loaded,Angled,Bilateral,Intermediate,Bodyweight / External Load,Sets x Reps x Load,Strength / Hypertrophy / Skill,Squat / Knee Dominant,extra;variant,
EX-0479,Landmine Romanian Deadlift,Strength,Lower Body,Hip Hinge,Hamstrings / Glutes,Lower Back,Landmine,Standing,Hip hinge,Bilateral,Intermediate,Bodyweight / External Load,Sets x Reps x Load,Strength / Hypertrophy / Skill,Hip Hinge,extra;variant,
EX-0480,Landmine Single-Leg Romanian Deadlift,Strength,Lower Body,Hip Hinge,Hamstrings / Glutes,Core,Landmine,Single-leg,Single-arm/landmine,Unilateral-capable,Intermediate,Bodyweight / External Load,Sets x Reps x Load,Strength / Hypertrophy / Skill,Hip Hinge,extra;variant,
EX-0481,Cable Romanian Deadlift,Strength,Lower Body,Hip Hinge,Hamstrings / Glutes,Lower Back,Cable,Low pulley,Handles/rope,Bilateral,Intermediate,Bodyweight / External Load,Sets x Reps x Load,Strength / Hypertrophy / Skill,Hip Hinge,extra;variant,
EX-0482,Machine Back Extension,Strength,Lower Body,Spinal Extension / Hinge,Lower Back,Glutes; Hamstrings,Machine,Seated,Pad,Bilateral,Intermediate,Bodyweight / External Load,Sets x Reps x Load,Strength / Hypertrophy / Skill,Spinal Extension / Hinge,extra;variant,
EX-0483,GHD Sit-Up,Strength,Core,Core Flexion / Hip Flexion,Abs / Hip Flexors,Quads,GHD,GHD bench,Full ROM,Bilateral,Intermediate,Bodyweight / External Load,Sets x Reps x Load,Strength / Hypertrophy / Skill,Core Flexion / Hip Flexion,extra;variant,
EX-0484,Reverse Sled Drag,Strength,Full Body,Sled / Strongman,Quads / Conditioning,Core,Sled,Turf,Backward drag,Bilateral,Intermediate,Bodyweight / External Load,Sets x Reps x Load,Strength / Hypertrophy / Skill,Sled / Strongman,extra;variant,
EX-0485,Rope Climb,Calisthenics,Upper Pull,Vertical Pull,Lats / Grip,Biceps; Core,Rope,Hanging/climbing,Rope grip,Bilateral,Advanced,Bodyweight / External Load,Sets x Reps,Strength / Hypertrophy / Skill,Vertical Pull,extra;variant,
EX-0486,Assisted Rope Climb,Calisthenics,Upper Pull,Vertical Pull,Lats / Grip,Biceps; Core,Rope / Feet support,Climbing,Rope grip,Bilateral,Advanced,Bodyweight / External Load,Sets x Reps,Strength / Hypertrophy / Skill,Vertical Pull,extra;variant,
EX-0487,Ring Pull-Up,Calisthenics,Upper Pull,Vertical Pull,Lats,Biceps; Core,Gymnastic rings,Hanging,Neutral/rotating,Bilateral,Intermediate,Bodyweight / External Load,Sets x Reps,Strength / Hypertrophy / Skill,Vertical Pull,extra;variant,
EX-0488,Ring Chin-Up,Calisthenics,Upper Pull,Vertical Pull,Lats / Biceps,Core,Gymnastic rings,Hanging,Supinated/rotating,Bilateral,Intermediate,Bodyweight / External Load,Sets x Reps,Strength / Hypertrophy / Skill,Vertical Pull,extra;variant,
EX-0489,Ring Face Pull,Calisthenics,Upper Pull,Rear Delt / Scapular Pull,Rear Delts / Upper Back,Rotator cuff,Gymnastic rings,Suspended,Rings,Bilateral,Intermediate,Bodyweight / External Load,Sets x Reps,Strength / Hypertrophy / Skill,Rear Delt / Scapular Pull,extra;variant,
EX-0490,Ring Biceps Curl,Calisthenics,Arms,Elbow Flexion,Biceps,Forearms,Gymnastic rings,Suspended,Rings,Bilateral,Intermediate,Bodyweight / External Load,Sets x Reps,Strength / Hypertrophy / Skill,Elbow Flexion,extra;variant,
EX-0491,TRX Biceps Curl,Calisthenics,Arms,Elbow Flexion,Biceps,Forearms,Suspension trainer,Suspended,Handles,Bilateral,Intermediate,Bodyweight / External Load,Sets x Reps,Strength / Hypertrophy / Skill,Elbow Flexion,extra;variant,
EX-0492,TRX Triceps Extension,Calisthenics,Arms,Elbow Extension,Triceps,Core,Suspension trainer,Suspended,Handles,Bilateral,Intermediate,Bodyweight / External Load,Sets x Reps,Strength / Hypertrophy / Skill,Elbow Extension,extra;variant,
EX-0493,Ring Triceps Extension,Calisthenics,Arms,Elbow Extension,Triceps,Core,Gymnastic rings,Suspended,Rings,Bilateral,Intermediate,Bodyweight / External Load,Sets x Reps,Strength / Hypertrophy / Skill,Elbow Extension,extra;variant,
EX-0494,Bodyweight Skull Crusher,Calisthenics,Arms,Elbow Extension,Triceps,Shoulders,Bar / Suspension trainer,Incline body,Overhand,Bilateral,Intermediate,Bodyweight / External Load,Sets x Reps,Strength / Hypertrophy / Skill,Elbow Extension,extra;variant,
EX-0495,Inverted Row Feet Elevated,Calisthenics,Upper Pull,Horizontal Pull,Mid Back / Lats,Biceps,Bodyweight / Bar,Supine feet elevated,Pronated,Bilateral,Intermediate,Bodyweight / External Load,Sets x Reps,Strength / Hypertrophy / Skill,Horizontal Pull,extra;variant,
EX-0496,Archer Row,Calisthenics,Upper Pull,Horizontal Pull,Mid Back / Lats,Biceps; Rear Delts,Bodyweight / Rings,Suspended,Archer,Unilateral-capable,Advanced,Bodyweight / External Load,Sets x Reps,Strength / Hypertrophy / Skill,Horizontal Pull,extra;variant,
EX-0497,Muscle-Up,Calisthenics,Full Body,Skill / Pull + Push,Lats / Chest / Triceps,Core,Pull-up bar / Rings,Hanging,Pull to dip,Bilateral,Advanced,Bodyweight / External Load,Sets x Reps,Strength / Hypertrophy / Skill,Skill / Pull + Push,extra;variant,
EX-0498,Assisted Muscle-Up,Calisthenics,Full Body,Skill / Pull + Push,Lats / Chest / Triceps,Core,Bands / Rings / Bar,Hanging,Assisted,Bilateral,Advanced,Bodyweight / External Load,Sets x Reps,Strength / Hypertrophy / Skill,Skill / Pull + Push,extra;variant,
