food_id,factor_key,raw_value,numeric_value,value_qualifier
13-145,edible_proportion,N,,present_amount_unknown
13-145,glycerol_conversion_factor,0.800,0.8,measured_or_calculated
13-146,edible_proportion,1.00,1.0,measured_or_calculated
13-147,edible_proportion,1.00,1.0,measured_or_calculated
13-148,edible_proportion,1.00,1.0,measured_or_calculated
13-801,edible_proportion,1.00,1.0,measured_or_calculated
14-870,edible_proportion,1.00,1.0,measured_or_calculated
14-870,nitrogen_conversion_factor,5.18,5.18,measured_or_calculated
14-870,glycerol_conversion_factor,0.956,0.956,measured_or_calculated
14-897,edible_proportion,1,1.0,measured_or_calculated
14-897,nitrogen_conversion_factor,5.18,5.18,measured_or_calculated
14-897,glycerol_conversion_factor,0.956,0.956,measured_or_calculated
14-898,edible_proportion,0.37,0.37,measured_or_calculated
14-898,nitrogen_conversion_factor,5.18,5.18,measured_or_calculated
14-898,glycerol_conversion_factor,0.956,0.956,measured_or_calculated
14-896,edible_proportion,1,1.0,measured_or_calculated
14-896,nitrogen_conversion_factor,5.18,5.18,measured_or_calculated
14-896,glycerol_conversion_factor,0.956,0.956,measured_or_calculated
13-150,edible_proportion,1.00,1.0,measured_or_calculated
13-149,edible_proportion,0.89,0.89,measured_or_calculated
14-001,edible_proportion,0.89,0.89,measured_or_calculated
16-448,edible_proportion,0.74,0.74,measured_or_calculated
16-448,nitrogen_conversion_factor,6.25,6.25,measured_or_calculated
16-448,glycerol_conversion_factor,0.900,0.9,measured_or_calculated
13-802,edible_proportion,1.00,1.0,measured_or_calculated
14-272,edible_proportion,1.00,1.0,measured_or_calculated
14-331,edible_proportion,1.00,1.0,measured_or_calculated
14-331,nitrogen_conversion_factor,6.25,6.25,measured_or_calculated
17-851,edible_proportion,1.00,1.0,measured_or_calculated
14-344,edible_proportion,1.00,1.0,measured_or_calculated
14-344,nitrogen_conversion_factor,6.25,6.25,measured_or_calculated
14-344,glycerol_conversion_factor,0.800,0.8,measured_or_calculated
14-345,edible_proportion,0.84,0.84,measured_or_calculated
14-345,nitrogen_conversion_factor,6.25,6.25,measured_or_calculated
14-345,glycerol_conversion_factor,0.800,0.8,measured_or_calculated
14-342,edible_proportion,1.00,1.0,measured_or_calculated
14-342,nitrogen_conversion_factor,6.25,6.25,measured_or_calculated
14-342,glycerol_conversion_factor,0.800,0.8,measured_or_calculated
14-343,edible_proportion,0.84,0.84,measured_or_calculated
14-343,nitrogen_conversion_factor,6.25,6.25,measured_or_calculated
14-343,glycerol_conversion_factor,0.800,0.8,measured_or_calculated
14-362,edible_proportion,1.00,1.0,measured_or_calculated
14-362,nitrogen_conversion_factor,6.25,6.25,measured_or_calculated
14-363,edible_proportion,0.73,0.73,measured_or_calculated
14-363,nitrogen_conversion_factor,6.25,6.25,measured_or_calculated
14-332,edible_proportion,1.00,1.0,measured_or_calculated
14-332,nitrogen_conversion_factor,6.25,6.25,measured_or_calculated
14-320,edible_proportion,1.00,1.0,measured_or_calculated
14-320,nitrogen_conversion_factor,6.25,6.25,measured_or_calculated
14-016,edible_proportion,1.00,1.0,measured_or_calculated
14-319,edible_proportion,1,1.0,measured_or_calculated
14-319,nitrogen_conversion_factor,6.25,6.25,measured_or_calculated
14-346,edible_proportion,0.87,0.87,measured_or_calculated
14-346,nitrogen_conversion_factor,6.25,6.25,measured_or_calculated
14-346,glycerol_conversion_factor,0.800,0.8,measured_or_calculated
14-031,edible_proportion,1.00,1.0,measured_or_calculated
14-032,edible_proportion,1.00,1.0,measured_or_calculated
14-033,edible_proportion,1.00,1.0,measured_or_calculated
14-025,edible_proportion,1.00,1.0,measured_or_calculated
14-025,nitrogen_conversion_factor,6.25,6.25,measured_or_calculated
14-026,edible_proportion,0.92,0.92,measured_or_calculated
14-392,edible_proportion,1,1.0,measured_or_calculated
14-392,nitrogen_conversion_factor,6.25,6.25,measured_or_calculated
14-392,glycerol_conversion_factor,0.8,0.8,measured_or_calculated
14-027,edible_proportion,1.00,1.0,measured_or_calculated
14-028,edible_proportion,0.93,0.93,measured_or_calculated
14-029,edible_proportion,1.00,1.0,measured_or_calculated
14-030,edible_proportion,0.93,0.93,measured_or_calculated
13-152,edible_proportion,1.00,1.0,measured_or_calculated
13-151,edible_proportion,0.81,0.81,measured_or_calculated
11-001,edible_proportion,1.00,1.0,measured_or_calculated
11-001,nitrogen_conversion_factor,5.70,5.7,measured_or_calculated
13-155,edible_proportion,1.00,1.0,measured_or_calculated
13-154,edible_proportion,0.43,0.43,measured_or_calculated
13-153,edible_proportion,0.43,0.43,measured_or_calculated
13-156,edible_proportion,1.00,1.0,measured_or_calculated
13-803,edible_proportion,1.00,1.0,measured_or_calculated
13-639,edible_proportion,1,1.0,measured_or_calculated
13-639,nitrogen_conversion_factor,6.25,6.25,measured_or_calculated
13-639,glycerol_conversion_factor,0.8,0.8,measured_or_calculated
13-157,edible_proportion,0.75,0.75,measured_or_calculated
13-157,nitrogen_conversion_factor,6.25,6.25,measured_or_calculated
13-640,edible_proportion,1,1.0,measured_or_calculated
13-640,nitrogen_conversion_factor,6.25,6.25,measured_or_calculated
13-640,glycerol_conversion_factor,0.956,0.956,measured_or_calculated
13-638,edible_proportion,1,1.0,measured_or_calculated
13-638,nitrogen_conversion_factor,6.25,6.25,measured_or_calculated
13-638,glycerol_conversion_factor,0.8,0.8,measured_or_calculated
13-651,edible_proportion,1,1.0,measured_or_calculated
13-651,nitrogen_conversion_factor,6.25,6.25,measured_or_calculated
13-651,glycerol_conversion_factor,0.8,0.8,measured_or_calculated
13-669,edible_proportion,1,1.0,measured_or_calculated
13-669,nitrogen_conversion_factor,6.25,6.25,measured_or_calculated
13-669,glycerol_conversion_factor,0.956,0.956,measured_or_calculated
13-412,edible_proportion,1.00,1.0,measured_or_calculated
13-162,edible_proportion,1.00,1.0,measured_or_calculated
13-162,nitrogen_conversion_factor,6.25,6.25,measured_or_calculated
13-577,edible_proportion,1.00,1.0,measured_or_calculated
13-577,nitrogen_conversion_factor,6.25,6.25,measured_or_calculated
13-577,glycerol_conversion_factor,0.956,0.956,measured_or_calculated
13-161,edible_proportion,0.96,0.96,measured_or_calculated
13-161,nitrogen_conversion_factor,6.25,6.25,measured_or_calculated
15-001,edible_proportion,1.00,1.0,measured_or_calculated
15-662,edible_proportion,1.00,1.0,measured_or_calculated
15-663,edible_proportion,1.00,1.0,measured_or_calculated
14-039,edible_proportion,1.00,1.0,measured_or_calculated
14-040,edible_proportion,0.71,0.71,measured_or_calculated
14-386,edible_proportion,1,1.0,measured_or_calculated
14-386,nitrogen_conversion_factor,6.25,6.25,measured_or_calculated
14-386,glycerol_conversion_factor,0.956,0.956,measured_or_calculated
14-387,edible_proportion,0.69,0.69,measured_or_calculated
14-387,nitrogen_conversion_factor,6.25,6.25,measured_or_calculated
14-387,glycerol_conversion_factor,0.956,0.956,measured_or_calculated
16-001,edible_proportion,N,,present_amount_unknown
14-043,edible_proportion,0.98,0.98,measured_or_calculated
16-169,edible_proportion,N,,present_amount_unknown
19-644,edible_proportion,1.00,1.0,measured_or_calculated
19-644,glycerol_conversion_factor,0.910,0.91,measured_or_calculated
19-645,edible_proportion,1.00,1.0,measured_or_calculated
19-498,edible_proportion,1.00,1.0,measured_or_calculated
19-498,nitrogen_conversion_factor,6.25,6.25,measured_or_calculated
19-499,edible_proportion,1.00,1.0,measured_or_calculated
19-499,nitrogen_conversion_factor,6.25,6.25,measured_or_calculated
19-646,edible_proportion,1.00,1.0,measured_or_calculated
19-500,edible_proportion,1.00,1.0,measured_or_calculated
19-500,nitrogen_conversion_factor,6.25,6.25,measured_or_calculated
19-500,glycerol_conversion_factor,0.910,0.91,measured_or_calculated
19-501,edible_proportion,1.00,1.0,measured_or_calculated
19-501,nitrogen_conversion_factor,6.25,6.25,measured_or_calculated
19-502,edible_proportion,1.00,1.0,measured_or_calculated
19-502,nitrogen_conversion_factor,6.25,6.25,measured_or_calculated
19-497,edible_proportion,0.97,0.97,measured_or_calculated
19-497,nitrogen_conversion_factor,6.25,6.25,measured_or_calculated
19-497,glycerol_conversion_factor,0.930,0.93,measured_or_calculated
19-009,edible_proportion,1.00,1.0,measured_or_calculated
19-659,edible_proportion,1.00,1.0,measured_or_calculated
19-647,edible_proportion,1.00,1.0,measured_or_calculated
19-660,edible_proportion,1.00,1.0,measured_or_calculated
19-648,edible_proportion,1.00,1.0,measured_or_calculated
19-648,glycerol_conversion_factor,0.960,0.96,measured_or_calculated
19-503,edible_proportion,1.00,1.0,measured_or_calculated
19-503,nitrogen_conversion_factor,6.25,6.25,measured_or_calculated
19-503,glycerol_conversion_factor,0.910,0.91,measured_or_calculated
19-649,edible_proportion,0.92,0.92,measured_or_calculated
19-649,glycerol_conversion_factor,0.910,0.91,measured_or_calculated
19-504,edible_proportion,1.00,1.0,measured_or_calculated
19-504,nitrogen_conversion_factor,6.25,6.25,measured_or_calculated
19-018,edible_proportion,1,1.0,measured_or_calculated
19-018,glycerol_conversion_factor,0.910,0.91,measured_or_calculated
19-016,edible_proportion,0.91,0.91,measured_or_calculated
19-016,glycerol_conversion_factor,0.910,0.91,measured_or_calculated
19-537,edible_proportion,1.00,1.0,measured_or_calculated
19-650,edible_proportion,1.00,1.0,measured_or_calculated
19-650,nitrogen_conversion_factor,6.25,6.25,measured_or_calculated
11-970,edible_proportion,1.00,1.0,measured_or_calculated
11-970,nitrogen_conversion_factor,6.25,6.25,measured_or_calculated
11-970,glycerol_conversion_factor,0.956,0.956,measured_or_calculated
13-578,edible_proportion,1.00,1.0,measured_or_calculated
13-578,nitrogen_conversion_factor,6.25,6.25,measured_or_calculated
13-578,glycerol_conversion_factor,0.800,0.8,measured_or_calculated
13-532,edible_proportion,1.00,1.0,measured_or_calculated
13-532,nitrogen_conversion_factor,6.25,6.25,measured_or_calculated
13-532,glycerol_conversion_factor,0.800,0.8,measured_or_calculated
13-535,edible_proportion,1.00,1.0,measured_or_calculated
13-535,nitrogen_conversion_factor,6.25,6.25,measured_or_calculated
13-579,edible_proportion,1.00,1.0,measured_or_calculated
13-579,nitrogen_conversion_factor,6.25,6.25,measured_or_calculated
12-500,edible_proportion,1.00,1.0,measured_or_calculated
12-500,nitrogen_conversion_factor,6.25,6.25,measured_or_calculated
12-500,glycerol_conversion_factor,0.956,0.956,measured_or_calculated
17-355,edible_proportion,1.00,1.0,measured_or_calculated
11-1029,edible_proportion,1.00,1.0,measured_or_calculated
12-556,edible_proportion,1.00,1.0,measured_or_calculated
14-318,edible_proportion,1,1.0,measured_or_calculated
14-318,nitrogen_conversion_factor,6.25,6.25,measured_or_calculated
14-347,edible_proportion,0.63,0.63,measured_or_calculated
14-347,nitrogen_conversion_factor,6.25,6.25,measured_or_calculated
14-347,glycerol_conversion_factor,0.800,0.8,measured_or_calculated
11-1030,edible_proportion,1.00,1.0,measured_or_calculated
11-951,edible_proportion,1.00,1.0,measured_or_calculated
17-705,edible_proportion,1.00,1.0,measured_or_calculated
17-769,edible_proportion,1.00,1.0,measured_or_calculated
14-804,edible_proportion,1.00,1.0,measured_or_calculated
14-805,edible_proportion,0.62,0.62,measured_or_calculated
17-844,edible_proportion,1.00,1.0,measured_or_calculated
17-844,nitrogen_conversion_factor,6.25,6.25,measured_or_calculated
17-743,edible_proportion,1.00,1.0,measured_or_calculated
17-743,nitrogen_conversion_factor,6.25,6.25,measured_or_calculated
11-003,edible_proportion,1.00,1.0,measured_or_calculated
11-003,nitrogen_conversion_factor,5.83,5.83,measured_or_calculated
11-002,edible_proportion,1.00,1.0,measured_or_calculated
11-002,nitrogen_conversion_factor,5.83,5.83,measured_or_calculated
13-805,edible_proportion,1.00,1.0,measured_or_calculated
13-804,edible_proportion,1.00,1.0,measured_or_calculated
13-804,nitrogen_conversion_factor,6.25,6.25,measured_or_calculated
16-386,edible_proportion,0.88,0.88,measured_or_calculated
16-386,nitrogen_conversion_factor,6.25,6.25,measured_or_calculated
16-386,glycerol_conversion_factor,0.900,0.9,measured_or_calculated
16-463,edible_proportion,0.89,0.89,measured_or_calculated
16-463,nitrogen_conversion_factor,6.25,6.25,measured_or_calculated
16-463,glycerol_conversion_factor,0.900,0.9,measured_or_calculated
16-385,edible_proportion,0.63,0.63,measured_or_calculated
16-385,nitrogen_conversion_factor,6.25,6.25,measured_or_calculated
16-385,glycerol_conversion_factor,0.900,0.9,measured_or_calculated
16-464,edible_proportion,0.86,0.86,measured_or_calculated
16-464,nitrogen_conversion_factor,6.25,6.25,measured_or_calculated
16-464,glycerol_conversion_factor,0.900,0.9,measured_or_calculated
13-806,edible_proportion,1.00,1.0,measured_or_calculated
15-664,edible_proportion,1.00,1.0,measured_or_calculated
15-665,edible_proportion,1.00,1.0,measured_or_calculated
15-666,edible_proportion,1.00,1.0,measured_or_calculated
15-667,edible_proportion,1.00,1.0,measured_or_calculated
15-668,edible_proportion,1.00,1.0,measured_or_calculated
13-042,edible_proportion,1.00,1.0,measured_or_calculated
13-041,edible_proportion,1.00,1.0,measured_or_calculated
13-049,edible_proportion,0.88,0.88,measured_or_calculated
13-063,edible_proportion,1.00,1.0,measured_or_calculated
13-062,edible_proportion,1.00,1.0,measured_or_calculated
13-067,edible_proportion,1.00,1.0,measured_or_calculated
13-648,edible_proportion,1,1.0,measured_or_calculated
13-648,nitrogen_conversion_factor,6.25,6.25,measured_or_calculated
13-648,glycerol_conversion_factor,0.8,0.8,measured_or_calculated
13-064,edible_proportion,0.23,0.23,measured_or_calculated
13-559,edible_proportion,0.57,0.57,measured_or_calculated
13-559,nitrogen_conversion_factor,6.25,6.25,measured_or_calculated
13-559,glycerol_conversion_factor,0.800,0.8,measured_or_calculated
13-663,edible_proportion,1,1.0,measured_or_calculated
13-663,nitrogen_conversion_factor,6.25,6.25,measured_or_calculated
13-663,glycerol_conversion_factor,0.8,0.8,measured_or_calculated
13-070,edible_proportion,1.00,1.0,measured_or_calculated
13-666,edible_proportion,0.66,0.66,measured_or_calculated
13-666,nitrogen_conversion_factor,6.25,6.25,measured_or_calculated
13-666,glycerol_conversion_factor,0.8,0.8,measured_or_calculated
13-670,edible_proportion,0.62,0.62,measured_or_calculated
13-670,nitrogen_conversion_factor,6.25,6.25,measured_or_calculated
13-670,glycerol_conversion_factor,0.8,0.8,measured_or_calculated
13-077,edible_proportion,1.00,1.0,measured_or_calculated
13-076,edible_proportion,1.00,1.0,measured_or_calculated
13-662,edible_proportion,1,1.0,measured_or_calculated
13-662,nitrogen_conversion_factor,6.25,6.25,measured_or_calculated
13-662,glycerol_conversion_factor,0.8,0.8,measured_or_calculated
13-074,edible_proportion,1.00,1.0,measured_or_calculated
13-080,edible_proportion,0.86,0.86,measured_or_calculated
13-667,edible_proportion,0.51,0.51,measured_or_calculated
13-667,nitrogen_conversion_factor,5.71,5.71,measured_or_calculated
13-667,glycerol_conversion_factor,0.8,0.8,measured_or_calculated
13-515,edible_proportion,1.00,1.0,measured_or_calculated
13-515,nitrogen_conversion_factor,6.25,6.25,measured_or_calculated
13-514,edible_proportion,0.91,0.91,measured_or_calculated
13-514,nitrogen_conversion_factor,6.25,6.25,measured_or_calculated
13-665,edible_proportion,0.74,0.74,measured_or_calculated
13-665,nitrogen_conversion_factor,6.25,6.25,measured_or_calculated
13-665,glycerol_conversion_factor,0.8,0.8,measured_or_calculated
13-087,edible_proportion,1.00,1.0,measured_or_calculated
13-086,edible_proportion,1.00,1.0,measured_or_calculated
13-099,edible_proportion,1.00,1.0,measured_or_calculated
13-098,edible_proportion,1.00,1.0,measured_or_calculated
13-664,edible_proportion,1,1.0,measured_or_calculated
13-664,nitrogen_conversion_factor,6.25,6.25,measured_or_calculated
13-664,glycerol_conversion_factor,0.8,0.8,measured_or_calculated
13-096,edible_proportion,1.00,1.0,measured_or_calculated
13-100,edible_proportion,0.88,0.88,measured_or_calculated
13-105,edible_proportion,1.00,1.0,measured_or_calculated
13-104,edible_proportion,1.00,1.0,measured_or_calculated
13-103,edible_proportion,1.00,1.0,measured_or_calculated
13-102,edible_proportion,1.00,1.0,measured_or_calculated
13-107,edible_proportion,1.00,1.0,measured_or_calculated
13-106,edible_proportion,1.00,1.0,measured_or_calculated
13-108,edible_proportion,1.00,1.0,measured_or_calculated
13-660,edible_proportion,0.66,0.66,measured_or_calculated
13-660,nitrogen_conversion_factor,6.25,6.25,measured_or_calculated
13-660,glycerol_conversion_factor,0.8,0.8,measured_or_calculated
13-659,edible_proportion,1,1.0,measured_or_calculated
13-659,nitrogen_conversion_factor,6.25,6.25,measured_or_calculated
13-659,glycerol_conversion_factor,0.8,0.8,measured_or_calculated
13-109,edible_proportion,1.00,1.0,measured_or_calculated
13-109,nitrogen_conversion_factor,6.25,6.25,measured_or_calculated
13-654,edible_proportion,1,1.0,measured_or_calculated
13-654,nitrogen_conversion_factor,6.25,6.25,measured_or_calculated
13-654,glycerol_conversion_factor,0.8,0.8,measured_or_calculated
13-112,edible_proportion,0.86,0.86,measured_or_calculated
13-112,nitrogen_conversion_factor,6.25,6.25,measured_or_calculated
13-116,edible_proportion,1.00,1.0,measured_or_calculated
13-116,nitrogen_conversion_factor,6.25,6.25,measured_or_calculated
13-115,edible_proportion,1.00,1.0,measured_or_calculated
13-115,nitrogen_conversion_factor,6.25,6.25,measured_or_calculated
13-117,edible_proportion,0.98,0.98,measured_or_calculated
13-580,edible_proportion,1.00,1.0,measured_or_calculated
13-580,nitrogen_conversion_factor,6.25,6.25,measured_or_calculated
13-580,glycerol_conversion_factor,0.800,0.8,measured_or_calculated
13-426,edible_proportion,1.00,1.0,measured_or_calculated
13-426,nitrogen_conversion_factor,6.25,6.25,measured_or_calculated
13-426,glycerol_conversion_factor,0.800,0.8,measured_or_calculated
13-567,edible_proportion,1.00,1.0,measured_or_calculated
13-567,nitrogen_conversion_factor,6.25,6.25,measured_or_calculated
13-567,glycerol_conversion_factor,0.956,0.956,measured_or_calculated
19-471,edible_proportion,1.00,1.0,measured_or_calculated
19-548,edible_proportion,1.00,1.0,measured_or_calculated
17-514,edible_proportion,1.00,1.0,measured_or_calculated
17-514,nitrogen_conversion_factor,6.25,6.25,measured_or_calculated
17-514,glycerol_conversion_factor,0.956,0.956,measured_or_calculated
19-588,edible_proportion,1.00,1.0,measured_or_calculated
19-589,edible_proportion,1.00,1.0,measured_or_calculated
19-551,edible_proportion,1.00,1.0,measured_or_calculated
19-552,edible_proportion,1.00,1.0,measured_or_calculated
18-009,edible_proportion,1.00,1.0,measured_or_calculated
18-009,nitrogen_conversion_factor,6.25,6.25,measured_or_calculated
18-009,glycerol_conversion_factor,0.930,0.93,measured_or_calculated
18-008,edible_proportion,1.00,1.0,measured_or_calculated
18-008,nitrogen_conversion_factor,6.25,6.25,measured_or_calculated
18-006,edible_proportion,1.00,1.0,measured_or_calculated
18-007,edible_proportion,0.99,0.99,measured_or_calculated
18-010,edible_proportion,1.00,1.0,measured_or_calculated
18-011,edible_proportion,1.00,1.0,measured_or_calculated
18-014,edible_proportion,1.00,1.0,measured_or_calculated
18-014,glycerol_conversion_factor,0.920,0.92,measured_or_calculated
18-015,edible_proportion,0.98,0.98,measured_or_calculated
18-012,edible_proportion,1.00,1.0,measured_or_calculated
18-013,edible_proportion,0.99,0.99,measured_or_calculated
18-005,edible_proportion,1.00,1.0,measured_or_calculated
18-005,glycerol_conversion_factor,0.950,0.95,measured_or_calculated
18-003,edible_proportion,1.00,1.0,measured_or_calculated
18-003,glycerol_conversion_factor,0.950,0.95,measured_or_calculated
18-004,edible_proportion,1.00,1.0,measured_or_calculated
18-018,edible_proportion,1.00,1.0,measured_or_calculated
18-019,edible_proportion,1.00,1.0,measured_or_calculated
18-022,edible_proportion,1.00,1.0,measured_or_calculated
18-022,glycerol_conversion_factor,0.920,0.92,measured_or_calculated
18-023,edible_proportion,1.00,1.0,measured_or_calculated
18-020,edible_proportion,1.00,1.0,measured_or_calculated
18-021,edible_proportion,1.00,1.0,measured_or_calculated
18-016,edible_proportion,1.00,1.0,measured_or_calculated
18-017,edible_proportion,1.00,1.0,measured_or_calculated
18-026,edible_proportion,1.00,1.0,measured_or_calculated
18-027,edible_proportion,0.98,0.98,measured_or_calculated
18-027,glycerol_conversion_factor,0.930,0.93,measured_or_calculated
18-024,edible_proportion,1.00,1.0,measured_or_calculated
18-025,edible_proportion,1.00,1.0,measured_or_calculated
18-030,edible_proportion,1.00,1.0,measured_or_calculated
18-031,edible_proportion,1.00,1.0,measured_or_calculated
18-032,edible_proportion,0.83,0.83,measured_or_calculated
18-028,edible_proportion,1.00,1.0,measured_or_calculated
18-029,edible_proportion,1.00,1.0,measured_or_calculated
18-033,edible_proportion,1.00,1.0,measured_or_calculated
18-034,edible_proportion,1.00,1.0,measured_or_calculated
18-035,edible_proportion,0.84,0.84,measured_or_calculated
18-468,edible_proportion,1.00,1.0,measured_or_calculated
18-468,nitrogen_conversion_factor,6.25,6.25,measured_or_calculated
18-468,glycerol_conversion_factor,0.916,0.916,measured_or_calculated
18-002,edible_proportion,1.00,1.0,measured_or_calculated
18-042,edible_proportion,1.00,1.0,measured_or_calculated
18-507,edible_proportion,1.00,1.0,measured_or_calculated
18-507,nitrogen_conversion_factor,6.25,6.25,measured_or_calculated
18-507,glycerol_conversion_factor,0.916,0.916,measured_or_calculated
18-039,edible_proportion,1.00,1.0,measured_or_calculated
18-037,edible_proportion,1.00,1.0,measured_or_calculated
18-037,nitrogen_conversion_factor,6.25,6.25,measured_or_calculated
18-037,glycerol_conversion_factor,0.916,0.916,measured_or_calculated
18-469,edible_proportion,1.00,1.0,measured_or_calculated
18-469,nitrogen_conversion_factor,6.25,6.25,measured_or_calculated
18-469,glycerol_conversion_factor,0.916,0.916,measured_or_calculated
18-508,edible_proportion,1.00,1.0,measured_or_calculated
18-508,nitrogen_conversion_factor,6.25,6.25,measured_or_calculated
18-508,glycerol_conversion_factor,0.920,0.92,measured_or_calculated
19-607,edible_proportion,1.00,1.0,measured_or_calculated
18-470,edible_proportion,1.00,1.0,measured_or_calculated
18-470,nitrogen_conversion_factor,6.25,6.25,measured_or_calculated
18-470,glycerol_conversion_factor,0.916,0.916,measured_or_calculated
19-606,edible_proportion,1.00,1.0,measured_or_calculated
19-664,edible_proportion,1.00,1.0,measured_or_calculated
18-045,edible_proportion,1.00,1.0,measured_or_calculated
18-045,nitrogen_conversion_factor,6.25,6.25,measured_or_calculated
18-045,glycerol_conversion_factor,0.916,0.916,measured_or_calculated
18-046,edible_proportion,1.00,1.0,measured_or_calculated
18-472,edible_proportion,1.00,1.0,measured_or_calculated
18-472,nitrogen_conversion_factor,6.25,6.25,measured_or_calculated
18-472,glycerol_conversion_factor,0.916,0.916,measured_or_calculated
18-473,edible_proportion,1.00,1.0,measured_or_calculated
18-473,nitrogen_conversion_factor,6.25,6.25,measured_or_calculated
18-473,glycerol_conversion_factor,0.916,0.916,measured_or_calculated
18-051,edible_proportion,1.00,1.0,measured_or_calculated
18-050,edible_proportion,1.00,1.0,measured_or_calculated
18-050,nitrogen_conversion_factor,6.25,6.25,measured_or_calculated
18-050,glycerol_conversion_factor,0.916,0.916,measured_or_calculated
18-474,edible_proportion,1.00,1.0,measured_or_calculated
18-474,nitrogen_conversion_factor,6.25,6.25,measured_or_calculated
18-474,glycerol_conversion_factor,0.916,0.916,measured_or_calculated
18-043,edible_proportion,1.00,1.0,measured_or_calculated
18-471,edible_proportion,1.00,1.0,measured_or_calculated
18-471,nitrogen_conversion_factor,6.25,6.25,measured_or_calculated
18-471,glycerol_conversion_factor,0.935,0.935,measured_or_calculated
18-052,edible_proportion,1.00,1.0,measured_or_calculated
18-053,edible_proportion,1.00,1.0,measured_or_calculated
18-056,edible_proportion,1.00,1.0,measured_or_calculated
18-057,edible_proportion,1.00,1.0,measured_or_calculated
18-057,glycerol_conversion_factor,0.930,0.93,measured_or_calculated
18-054,edible_proportion,1.00,1.0,measured_or_calculated
18-055,edible_proportion,0.99,0.99,measured_or_calculated
18-060,edible_proportion,1.00,1.0,measured_or_calculated
18-060,nitrogen_conversion_factor,6.25,6.25,measured_or_calculated
18-060,glycerol_conversion_factor,0.916,0.916,measured_or_calculated
18-061,edible_proportion,1.00,1.0,measured_or_calculated
18-058,edible_proportion,1.00,1.0,measured_or_calculated
18-059,edible_proportion,1.00,1.0,measured_or_calculated
18-062,edible_proportion,1.00,1.0,measured_or_calculated
18-063,edible_proportion,1.00,1.0,measured_or_calculated
18-066,edible_proportion,1.00,1.0,measured_or_calculated
18-067,edible_proportion,0.99,0.99,measured_or_calculated
18-074,edible_proportion,1.00,1.0,measured_or_calculated
18-075,edible_proportion,1.00,1.0,measured_or_calculated
18-070,edible_proportion,1.00,1.0,measured_or_calculated
18-070,glycerol_conversion_factor,0.920,0.92,measured_or_calculated
18-071,edible_proportion,0.99,0.99,measured_or_calculated
18-068,edible_proportion,1.00,1.0,measured_or_calculated
18-069,edible_proportion,1.00,1.0,measured_or_calculated
18-072,edible_proportion,1.00,1.0,measured_or_calculated
18-073,edible_proportion,0.99,0.99,measured_or_calculated
18-064,edible_proportion,1.00,1.0,measured_or_calculated
18-065,edible_proportion,1.00,1.0,measured_or_calculated
18-082,edible_proportion,1.00,1.0,measured_or_calculated
18-083,edible_proportion,0.99,0.99,measured_or_calculated
18-078,edible_proportion,1.00,1.0,measured_or_calculated
18-079,edible_proportion,1.00,1.0,measured_or_calculated
18-076,edible_proportion,1.00,1.0,measured_or_calculated
18-076,nitrogen_conversion_factor,6.25,6.25,measured_or_calculated
18-076,glycerol_conversion_factor,0.916,0.916,measured_or_calculated
18-077,edible_proportion,1.00,1.0,measured_or_calculated
18-080,edible_proportion,1.00,1.0,measured_or_calculated
18-080,nitrogen_conversion_factor,6.25,6.25,measured_or_calculated
18-080,glycerol_conversion_factor,0.916,0.916,measured_or_calculated
18-081,edible_proportion,1.00,1.0,measured_or_calculated
18-081,nitrogen_conversion_factor,6.25,6.25,measured_or_calculated
18-081,glycerol_conversion_factor,0.930,0.93,measured_or_calculated
19-530,edible_proportion,1.00,1.0,measured_or_calculated
18-086,edible_proportion,1.00,1.0,measured_or_calculated
18-087,edible_proportion,1.00,1.0,measured_or_calculated
18-084,edible_proportion,1.00,1.0,measured_or_calculated
18-085,edible_proportion,1.00,1.0,measured_or_calculated
18-088,edible_proportion,1.00,1.0,measured_or_calculated
18-088,nitrogen_conversion_factor,6.25,6.25,measured_or_calculated
18-088,glycerol_conversion_factor,0.916,0.916,measured_or_calculated
18-089,edible_proportion,1.00,1.0,measured_or_calculated
18-089,nitrogen_conversion_factor,6.25,6.25,measured_or_calculated
18-089,glycerol_conversion_factor,0.930,0.93,measured_or_calculated
18-090,edible_proportion,1.00,1.0,measured_or_calculated
18-091,edible_proportion,1.00,1.0,measured_or_calculated
17-506,edible_proportion,1.00,1.0,measured_or_calculated
17-506,nitrogen_conversion_factor,6.25,6.25,measured_or_calculated
17-506,glycerol_conversion_factor,0.956,0.956,measured_or_calculated
17-208,edible_proportion,1.00,1.0,measured_or_calculated
17-208,nitrogen_conversion_factor,6.25,6.25,measured_or_calculated
17-748,edible_proportion,1.00,1.0,measured_or_calculated
17-748,nitrogen_conversion_factor,6.25,6.25,measured_or_calculated
13-633,edible_proportion,1,1.0,measured_or_calculated
13-633,nitrogen_conversion_factor,6.25,6.25,measured_or_calculated
13-633,glycerol_conversion_factor,0.8,0.8,measured_or_calculated
13-166,edible_proportion,0.65,0.65,measured_or_calculated
13-166,nitrogen_conversion_factor,6.25,6.25,measured_or_calculated
13-164,edible_proportion,0.80,0.8,measured_or_calculated
13-164,nitrogen_conversion_factor,6.25,6.25,measured_or_calculated
16-003,edible_proportion,N,,present_amount_unknown
13-807,edible_proportion,0.99,0.99,measured_or_calculated
14-806,edible_proportion,1.00,1.0,measured_or_calculated
15-669,edible_proportion,1.00,1.0,measured_or_calculated
15-670,edible_proportion,1.00,1.0,measured_or_calculated
15-672,edible_proportion,1.00,1.0,measured_or_calculated
15-673,edible_proportion,1.00,1.0,measured_or_calculated
15-674,edible_proportion,1.00,1.0,measured_or_calculated
15-397,edible_proportion,1.00,1.0,measured_or_calculated
15-675,edible_proportion,1.00,1.0,measured_or_calculated
15-016,edible_proportion,1.00,1.0,measured_or_calculated
15-671,edible_proportion,1.00,1.0,measured_or_calculated
15-676,edible_proportion,1.00,1.0,measured_or_calculated
15-677,edible_proportion,1.00,1.0,measured_or_calculated
15-679,edible_proportion,1.00,1.0,measured_or_calculated
15-680,edible_proportion,1.00,1.0,measured_or_calculated
15-678,edible_proportion,1.00,1.0,measured_or_calculated
15-021,edible_proportion,1.00,1.0,measured_or_calculated
15-022,edible_proportion,1.00,1.0,measured_or_calculated
15-024,edible_proportion,1.00,1.0,measured_or_calculated
15-025,edible_proportion,1.00,1.0,measured_or_calculated
15-026,edible_proportion,1.00,1.0,measured_or_calculated
15-681,edible_proportion,1.00,1.0,measured_or_calculated
15-683,edible_proportion,1.00,1.0,measured_or_calculated
15-682,edible_proportion,1.00,1.0,measured_or_calculated
15-684,edible_proportion,1.00,1.0,measured_or_calculated
15-685,edible_proportion,1.00,1.0,measured_or_calculated
15-686,edible_proportion,1.00,1.0,measured_or_calculated
15-687,edible_proportion,1.00,1.0,measured_or_calculated
15-688,edible_proportion,1.00,1.0,measured_or_calculated
15-689,edible_proportion,1.00,1.0,measured_or_calculated
15-690,edible_proportion,1.00,1.0,measured_or_calculated
15-691,edible_proportion,1.00,1.0,measured_or_calculated
15-040,edible_proportion,1.00,1.0,measured_or_calculated
15-692,edible_proportion,1.00,1.0,measured_or_calculated
15-693,edible_proportion,1.00,1.0,measured_or_calculated
15-695,edible_proportion,1.00,1.0,measured_or_calculated
15-694,edible_proportion,1.00,1.0,measured_or_calculated
15-697,edible_proportion,1.00,1.0,measured_or_calculated
15-696,edible_proportion,1.00,1.0,measured_or_calculated
15-047,edible_proportion,1.00,1.0,measured_or_calculated
15-048,edible_proportion,1.00,1.0,measured_or_calculated
15-698,edible_proportion,1.00,1.0,measured_or_calculated
15-699,edible_proportion,1.00,1.0,measured_or_calculated
17-356,edible_proportion,1.00,1.0,measured_or_calculated
19-454,edible_proportion,1.00,1.0,measured_or_calculated
19-454,nitrogen_conversion_factor,6.25,6.25,measured_or_calculated
19-454,glycerol_conversion_factor,0.956,0.956,measured_or_calculated
11-821,edible_proportion,1.00,1.0,measured_or_calculated
11-821,nitrogen_conversion_factor,5.70,5.7,measured_or_calculated
11-821,glycerol_conversion_factor,0.956,0.956,measured_or_calculated
11-816,edible_proportion,1.00,1.0,measured_or_calculated
11-816,nitrogen_conversion_factor,5.70,5.7,measured_or_calculated
11-816,glycerol_conversion_factor,0.956,0.956,measured_or_calculated
11-815,edible_proportion,1.00,1.0,measured_or_calculated
11-815,nitrogen_conversion_factor,5.70,5.7,measured_or_calculated
11-815,glycerol_conversion_factor,0.956,0.956,measured_or_calculated
11-807,edible_proportion,1.00,1.0,measured_or_calculated
11-807,nitrogen_conversion_factor,5.70,5.7,measured_or_calculated
11-807,glycerol_conversion_factor,0.956,0.956,measured_or_calculated
11-799,edible_proportion,1.00,1.0,measured_or_calculated
11-799,nitrogen_conversion_factor,5.70,5.7,measured_or_calculated
11-799,glycerol_conversion_factor,0.956,0.956,measured_or_calculated
11-803,edible_proportion,1.00,1.0,measured_or_calculated
11-803,nitrogen_conversion_factor,5.83,5.83,measured_or_calculated
11-803,glycerol_conversion_factor,0.956,0.956,measured_or_calculated
11-809,edible_proportion,1.00,1.0,measured_or_calculated
11-809,nitrogen_conversion_factor,5.70,5.7,measured_or_calculated
11-809,glycerol_conversion_factor,0.956,0.956,measured_or_calculated
11-810,edible_proportion,1.00,1.0,measured_or_calculated
11-810,nitrogen_conversion_factor,5.70,5.7,measured_or_calculated
11-810,glycerol_conversion_factor,0.956,0.956,measured_or_calculated
11-811,edible_proportion,1.00,1.0,measured_or_calculated
11-811,nitrogen_conversion_factor,5.70,5.7,measured_or_calculated
11-811,glycerol_conversion_factor,0.956,0.956,measured_or_calculated
11-798,edible_proportion,1.00,1.0,measured_or_calculated
11-798,nitrogen_conversion_factor,5.70,5.7,measured_or_calculated
11-798,glycerol_conversion_factor,0.956,0.956,measured_or_calculated
11-952,edible_proportion,1.00,1.0,measured_or_calculated
11-808,edible_proportion,1.00,1.0,measured_or_calculated
11-808,nitrogen_conversion_factor,5.70,5.7,measured_or_calculated
11-808,glycerol_conversion_factor,0.956,0.956,measured_or_calculated
11-804,edible_proportion,1.00,1.0,measured_or_calculated
11-804,nitrogen_conversion_factor,5.70,5.7,measured_or_calculated
11-804,glycerol_conversion_factor,0.956,0.956,measured_or_calculated
11-1035,edible_proportion,1.00,1.0,measured_or_calculated
11-1060,edible_proportion,1.00,1.0,measured_or_calculated
11-1032,edible_proportion,1.00,1.0,measured_or_calculated
11-801,edible_proportion,1.00,1.0,measured_or_calculated
11-801,nitrogen_conversion_factor,5.70,5.7,measured_or_calculated
11-801,glycerol_conversion_factor,0.956,0.956,measured_or_calculated
11-813,edible_proportion,1.00,1.0,measured_or_calculated
11-813,nitrogen_conversion_factor,5.70,5.7,measured_or_calculated
11-813,glycerol_conversion_factor,0.956,0.956,measured_or_calculated
11-797,edible_proportion,1.00,1.0,measured_or_calculated
11-797,nitrogen_conversion_factor,5.70,5.7,measured_or_calculated
11-797,glycerol_conversion_factor,0.956,0.956,measured_or_calculated
11-806,edible_proportion,1.00,1.0,measured_or_calculated
11-806,nitrogen_conversion_factor,5.70,5.7,measured_or_calculated
11-806,glycerol_conversion_factor,0.956,0.956,measured_or_calculated
11-796,edible_proportion,1.00,1.0,measured_or_calculated
11-796,nitrogen_conversion_factor,5.70,5.7,measured_or_calculated
11-796,glycerol_conversion_factor,0.956,0.956,measured_or_calculated
11-1034,edible_proportion,1.00,1.0,measured_or_calculated
13-059,edible_proportion,1.00,1.0,measured_or_calculated
13-058,edible_proportion,1.00,1.0,measured_or_calculated
13-061,edible_proportion,1.00,1.0,measured_or_calculated
13-060,edible_proportion,1.00,1.0,measured_or_calculated
13-057,edible_proportion,1.00,1.0,measured_or_calculated
13-056,edible_proportion,1.00,1.0,measured_or_calculated
19-114,edible_proportion,1.00,1.0,measured_or_calculated
19-114,nitrogen_conversion_factor,6.25,6.25,measured_or_calculated
19-113,edible_proportion,1.00,1.0,measured_or_calculated
19-113,glycerol_conversion_factor,0.760,0.76,measured_or_calculated
14-388,edible_proportion,1,1.0,measured_or_calculated
14-388,nitrogen_conversion_factor,6.25,6.25,measured_or_calculated
14-388,glycerol_conversion_factor,0.8,0.8,measured_or_calculated
14-049,edible_proportion,1.00,1.0,measured_or_calculated
14-050,edible_proportion,1.00,1.0,measured_or_calculated
14-050,nitrogen_conversion_factor,6.25,6.25,measured_or_calculated
14-349,edible_proportion,1.00,1.0,measured_or_calculated
14-349,nitrogen_conversion_factor,6.25,6.25,measured_or_calculated
14-364,edible_proportion,1.00,1.0,measured_or_calculated
14-364,nitrogen_conversion_factor,6.25,6.25,measured_or_calculated
17-845,edible_proportion,1.00,1.0,measured_or_calculated
17-845,nitrogen_conversion_factor,6.25,6.25,measured_or_calculated
17-737,edible_proportion,1.00,1.0,measured_or_calculated
17-737,nitrogen_conversion_factor,6.25,6.25,measured_or_calculated
14-053,edible_proportion,0.98,0.98,measured_or_calculated
14-053,nitrogen_conversion_factor,6.25,6.25,measured_or_calculated
14-054,edible_proportion,1.00,1.0,measured_or_calculated
14-055,edible_proportion,1.00,1.0,measured_or_calculated
14-055,nitrogen_conversion_factor,6.25,6.25,measured_or_calculated
12-557,edible_proportion,1.00,1.0,measured_or_calculated
16-170,edible_proportion,1.00,1.0,measured_or_calculated
16-171,edible_proportion,0.65,0.65,measured_or_calculated
14-325,edible_proportion,1.00,1.0,measured_or_calculated
14-325,nitrogen_conversion_factor,6.25,6.25,measured_or_calculated
16-004,edible_proportion,N,,present_amount_unknown
19-476,edible_proportion,1.00,1.0,measured_or_calculated
19-475,edible_proportion,1.00,1.0,measured_or_calculated
16-005,edible_proportion,0.75,0.75,measured_or_calculated
17-764,edible_proportion,1.00,1.0,measured_or_calculated
17-764,nitrogen_conversion_factor,6.25,6.25,measured_or_calculated
17-764,glycerol_conversion_factor,0.960,0.96,measured_or_calculated
17-770,edible_proportion,1.00,1.0,measured_or_calculated
17-766,edible_proportion,1.00,1.0,measured_or_calculated
17-766,nitrogen_conversion_factor,6.25,6.25,measured_or_calculated
17-766,glycerol_conversion_factor,0.960,0.96,measured_or_calculated
18-392,edible_proportion,1.00,1.0,measured_or_calculated
11-906,edible_proportion,1.00,1.0,measured_or_calculated
11-906,nitrogen_conversion_factor,6.31,6.31,measured_or_calculated
11-906,glycerol_conversion_factor,0.820,0.82,measured_or_calculated
11-1036,edible_proportion,1.00,1.0,measured_or_calculated
19-115,edible_proportion,1.00,1.0,measured_or_calculated
14-871,edible_proportion,1.00,1.0,measured_or_calculated
14-871,nitrogen_conversion_factor,5.46,5.46,measured_or_calculated
14-871,glycerol_conversion_factor,0.956,0.956,measured_or_calculated
14-884,edible_proportion,0.46,0.46,measured_or_calculated
11-1038,edible_proportion,1.00,1.0,measured_or_calculated
11-1144,edible_proportion,1.00,1.0,measured_or_calculated
11-1144,nitrogen_conversion_factor,5.70,5.7,measured_or_calculated
11-1144,glycerol_conversion_factor,0.670,0.67,measured_or_calculated
11-983,edible_proportion,1.00,1.0,measured_or_calculated
11-983,nitrogen_conversion_factor,5.70,5.7,measured_or_calculated
11-983,glycerol_conversion_factor,0.670,0.67,measured_or_calculated
11-984,edible_proportion,1.00,1.0,measured_or_calculated
11-984,nitrogen_conversion_factor,5.83,5.83,measured_or_calculated
11-984,glycerol_conversion_factor,0.670,0.67,measured_or_calculated
11-985,edible_proportion,1.00,1.0,measured_or_calculated
11-985,nitrogen_conversion_factor,5.70,5.7,measured_or_calculated
11-985,glycerol_conversion_factor,0.670,0.67,measured_or_calculated
11-1006,edible_proportion,1.00,1.0,measured_or_calculated
11-1006,nitrogen_conversion_factor,5.70,5.7,measured_or_calculated
11-1006,glycerol_conversion_factor,0.670,0.67,measured_or_calculated
11-986,edible_proportion,1.00,1.0,measured_or_calculated
11-986,nitrogen_conversion_factor,5.83,5.83,measured_or_calculated
11-986,glycerol_conversion_factor,0.670,0.67,measured_or_calculated
17-664,edible_proportion,1.00,1.0,measured_or_calculated
17-771,edible_proportion,1.00,1.0,measured_or_calculated
17-772,edible_proportion,1.00,1.0,measured_or_calculated
11-971,edible_proportion,1.00,1.0,measured_or_calculated
11-971,nitrogen_conversion_factor,5.70,5.7,measured_or_calculated
11-971,glycerol_conversion_factor,0.670,0.67,measured_or_calculated
11-1136,edible_proportion,1.00,1.0,measured_or_calculated
11-1136,nitrogen_conversion_factor,5.70,5.7,measured_or_calculated
11-969,edible_proportion,1.00,1.0,measured_or_calculated
11-969,nitrogen_conversion_factor,5.70,5.7,measured_or_calculated
11-937,edible_proportion,1.00,1.0,measured_or_calculated
11-937,nitrogen_conversion_factor,5.70,5.7,measured_or_calculated
11-937,glycerol_conversion_factor,0.945,0.945,measured_or_calculated
11-462,edible_proportion,1.00,1.0,measured_or_calculated
11-462,nitrogen_conversion_factor,5.70,5.7,measured_or_calculated
11-462,glycerol_conversion_factor,0.670,0.67,measured_or_calculated
11-972,edible_proportion,1.00,1.0,measured_or_calculated
11-972,nitrogen_conversion_factor,5.83,5.83,measured_or_calculated
11-972,glycerol_conversion_factor,0.670,0.67,measured_or_calculated
11-910,edible_proportion,1.00,1.0,measured_or_calculated
11-910,nitrogen_conversion_factor,6.25,6.25,measured_or_calculated
11-973,edible_proportion,1.00,1.0,measured_or_calculated
11-973,nitrogen_conversion_factor,5.70,5.7,measured_or_calculated
11-973,glycerol_conversion_factor,0.670,0.67,measured_or_calculated
11-974,edible_proportion,1.00,1.0,measured_or_calculated
11-974,nitrogen_conversion_factor,5.70,5.7,measured_or_calculated
11-974,glycerol_conversion_factor,0.670,0.67,measured_or_calculated
11-947,edible_proportion,1.00,1.0,measured_or_calculated
11-947,nitrogen_conversion_factor,5.70,5.7,measured_or_calculated
11-1117,edible_proportion,1.00,1.0,measured_or_calculated
11-975,edible_proportion,1.00,1.0,measured_or_calculated
11-975,nitrogen_conversion_factor,5.83,5.83,measured_or_calculated
11-975,glycerol_conversion_factor,0.670,0.67,measured_or_calculated
11-1145,edible_proportion,1.00,1.0,measured_or_calculated
11-923,edible_proportion,1.00,1.0,measured_or_calculated
11-923,nitrogen_conversion_factor,5.70,5.7,measured_or_calculated
11-976,edible_proportion,1.00,1.0,measured_or_calculated
11-976,nitrogen_conversion_factor,5.70,5.7,measured_or_calculated
11-976,glycerol_conversion_factor,0.670,0.67,measured_or_calculated
11-977,edible_proportion,1.00,1.0,measured_or_calculated
11-977,nitrogen_conversion_factor,5.70,5.7,measured_or_calculated
11-977,glycerol_conversion_factor,0.670,0.67,measured_or_calculated
11-978,edible_proportion,1.00,1.0,measured_or_calculated
11-978,nitrogen_conversion_factor,5.70,5.7,measured_or_calculated
11-978,glycerol_conversion_factor,0.670,0.67,measured_or_calculated
11-979,edible_proportion,1.00,1.0,measured_or_calculated
11-979,nitrogen_conversion_factor,5.70,5.7,measured_or_calculated
11-979,glycerol_conversion_factor,0.670,0.67,measured_or_calculated
11-980,edible_proportion,1.00,1.0,measured_or_calculated
11-980,nitrogen_conversion_factor,5.70,5.7,measured_or_calculated
11-980,glycerol_conversion_factor,0.670,0.67,measured_or_calculated
11-1137,edible_proportion,1.00,1.0,measured_or_calculated
11-1137,nitrogen_conversion_factor,5.70,5.7,measured_or_calculated
11-1137,glycerol_conversion_factor,0.956,0.956,measured_or_calculated
11-1001,edible_proportion,1.00,1.0,measured_or_calculated
11-1001,nitrogen_conversion_factor,5.70,5.7,measured_or_calculated
11-1001,glycerol_conversion_factor,0.670,0.67,measured_or_calculated
11-1003,edible_proportion,1.00,1.0,measured_or_calculated
11-1003,nitrogen_conversion_factor,5.77,5.77,measured_or_calculated
11-1004,edible_proportion,1.00,1.0,measured_or_calculated
11-1004,nitrogen_conversion_factor,5.77,5.77,measured_or_calculated
11-981,edible_proportion,1.00,1.0,measured_or_calculated
11-981,nitrogen_conversion_factor,5.83,5.83,measured_or_calculated
11-981,glycerol_conversion_factor,0.670,0.67,measured_or_calculated
11-982,edible_proportion,1.00,1.0,measured_or_calculated
11-982,nitrogen_conversion_factor,5.83,5.83,measured_or_calculated
11-982,glycerol_conversion_factor,0.670,0.67,measured_or_calculated
13-168,edible_proportion,1.00,1.0,measured_or_calculated
13-167,edible_proportion,0.71,0.71,measured_or_calculated
14-895,edible_proportion,1.00,1.0,measured_or_calculated
14-895,nitrogen_conversion_factor,5.30,5.3,measured_or_calculated
11-826,edible_proportion,1.00,1.0,measured_or_calculated
11-826,nitrogen_conversion_factor,5.70,5.7,measured_or_calculated
11-826,glycerol_conversion_factor,0.942,0.942,measured_or_calculated
11-763,edible_proportion,1.00,1.0,measured_or_calculated
11-763,nitrogen_conversion_factor,5.83,5.83,measured_or_calculated
11-763,glycerol_conversion_factor,0.720,0.72,measured_or_calculated
11-767,edible_proportion,1.00,1.0,measured_or_calculated
11-767,nitrogen_conversion_factor,6.31,6.31,measured_or_calculated
11-767,glycerol_conversion_factor,0.820,0.82,measured_or_calculated
11-746,edible_proportion,1.00,1.0,measured_or_calculated
11-746,nitrogen_conversion_factor,6.25,6.25,measured_or_calculated
11-746,glycerol_conversion_factor,0.956,0.956,measured_or_calculated
11-742,edible_proportion,1.00,1.0,measured_or_calculated
11-742,nitrogen_conversion_factor,6.25,6.25,measured_or_calculated
11-742,glycerol_conversion_factor,0.670,0.67,measured_or_calculated
11-749,edible_proportion,1.00,1.0,measured_or_calculated
11-749,nitrogen_conversion_factor,6.25,6.25,measured_or_calculated
11-745,edible_proportion,1.00,1.0,measured_or_calculated
11-745,nitrogen_conversion_factor,6.25,6.25,measured_or_calculated
11-938,edible_proportion,1.00,1.0,measured_or_calculated
11-938,nitrogen_conversion_factor,5.83,5.83,measured_or_calculated
11-938,glycerol_conversion_factor,0.956,0.956,measured_or_calculated
11-939,edible_proportion,1.00,1.0,measured_or_calculated
11-939,nitrogen_conversion_factor,5.83,5.83,measured_or_calculated
11-939,glycerol_conversion_factor,0.956,0.956,measured_or_calculated
11-779,edible_proportion,1.00,1.0,measured_or_calculated
11-779,nitrogen_conversion_factor,5.83,5.83,measured_or_calculated
11-779,glycerol_conversion_factor,0.720,0.72,measured_or_calculated
11-755,edible_proportion,1.00,1.0,measured_or_calculated
11-755,nitrogen_conversion_factor,5.83,5.83,measured_or_calculated
11-755,glycerol_conversion_factor,0.940,0.94,measured_or_calculated
11-792,edible_proportion,1.00,1.0,measured_or_calculated
11-792,nitrogen_conversion_factor,5.83,5.83,measured_or_calculated
11-792,glycerol_conversion_factor,0.940,0.94,measured_or_calculated
11-760,edible_proportion,1.00,1.0,measured_or_calculated
11-760,nitrogen_conversion_factor,5.95,5.95,measured_or_calculated
11-760,glycerol_conversion_factor,0.820,0.82,measured_or_calculated
11-761,edible_proportion,1.00,1.0,measured_or_calculated
11-761,nitrogen_conversion_factor,5.83,5.83,measured_or_calculated
11-761,glycerol_conversion_factor,0.720,0.72,measured_or_calculated
11-1019,edible_proportion,1.00,1.0,measured_or_calculated
11-1019,nitrogen_conversion_factor,6.25,6.25,measured_or_calculated
11-795,edible_proportion,1.00,1.0,measured_or_calculated
11-795,nitrogen_conversion_factor,6.38,6.38,measured_or_calculated
11-795,glycerol_conversion_factor,0.945,0.945,measured_or_calculated
11-793,edible_proportion,1.00,1.0,measured_or_calculated
11-793,nitrogen_conversion_factor,6.38,6.38,measured_or_calculated
11-793,glycerol_conversion_factor,0.940,0.94,measured_or_calculated
11-757,edible_proportion,1.00,1.0,measured_or_calculated
11-757,nitrogen_conversion_factor,5.83,5.83,measured_or_calculated
11-757,glycerol_conversion_factor,0.720,0.72,measured_or_calculated
11-756,edible_proportion,1.00,1.0,measured_or_calculated
11-756,nitrogen_conversion_factor,5.83,5.83,measured_or_calculated
11-756,glycerol_conversion_factor,0.720,0.72,measured_or_calculated
11-753,edible_proportion,1.00,1.0,measured_or_calculated
11-753,nitrogen_conversion_factor,5.95,5.95,measured_or_calculated
11-753,glycerol_conversion_factor,0.945,0.945,measured_or_calculated
11-750,edible_proportion,1.00,1.0,measured_or_calculated
11-750,nitrogen_conversion_factor,5.95,5.95,measured_or_calculated
11-750,glycerol_conversion_factor,0.956,0.956,measured_or_calculated
11-754,edible_proportion,1.00,1.0,measured_or_calculated
11-754,nitrogen_conversion_factor,5.95,5.95,measured_or_calculated
11-754,glycerol_conversion_factor,0.820,0.82,measured_or_calculated
11-777,edible_proportion,1.00,1.0,measured_or_calculated
11-777,nitrogen_conversion_factor,5.83,5.83,measured_or_calculated
11-777,glycerol_conversion_factor,0.720,0.72,measured_or_calculated
11-775,edible_proportion,1.00,1.0,measured_or_calculated
11-775,nitrogen_conversion_factor,5.83,5.83,measured_or_calculated
11-775,glycerol_conversion_factor,0.720,0.72,measured_or_calculated
11-778,edible_proportion,1.00,1.0,measured_or_calculated
11-778,nitrogen_conversion_factor,5.83,5.83,measured_or_calculated
11-778,glycerol_conversion_factor,0.956,0.956,measured_or_calculated
11-762,edible_proportion,1.00,1.0,measured_or_calculated
11-762,nitrogen_conversion_factor,5.83,5.83,measured_or_calculated
11-762,glycerol_conversion_factor,0.956,0.956,measured_or_calculated
11-773,edible_proportion,1.00,1.0,measured_or_calculated
11-773,nitrogen_conversion_factor,5.83,5.83,measured_or_calculated
11-773,glycerol_conversion_factor,0.720,0.72,measured_or_calculated
11-774,edible_proportion,1.00,1.0,measured_or_calculated
11-774,nitrogen_conversion_factor,5.83,5.83,measured_or_calculated
16-006,edible_proportion,N,,present_amount_unknown
15-700,edible_proportion,1.00,1.0,measured_or_calculated
15-701,edible_proportion,1.00,1.0,measured_or_calculated
15-702,edible_proportion,1.00,1.0,measured_or_calculated
13-583,edible_proportion,1.00,1.0,measured_or_calculated
13-583,nitrogen_conversion_factor,6.25,6.25,measured_or_calculated
13-503,edible_proportion,1.00,1.0,measured_or_calculated
13-503,nitrogen_conversion_factor,6.25,6.25,measured_or_calculated
13-502,edible_proportion,0.56,0.56,measured_or_calculated
13-502,nitrogen_conversion_factor,6.25,6.25,measured_or_calculated
13-502,glycerol_conversion_factor,0.800,0.8,measured_or_calculated
13-504,edible_proportion,1.00,1.0,measured_or_calculated
13-504,nitrogen_conversion_factor,6.25,6.25,measured_or_calculated
13-176,edible_proportion,1.00,1.0,measured_or_calculated
13-174,edible_proportion,0.64,0.64,measured_or_calculated
17-706,edible_proportion,1.00,1.0,measured_or_calculated
17-678,edible_proportion,1.00,1.0,measured_or_calculated
17-678,nitrogen_conversion_factor,6.25,6.25,measured_or_calculated
11-1127,edible_proportion,1.00,1.0,measured_or_calculated
13-630,edible_proportion,1,1.0,measured_or_calculated
13-630,nitrogen_conversion_factor,6.25,6.25,measured_or_calculated
13-630,glycerol_conversion_factor,0.8,0.8,measured_or_calculated
13-177,edible_proportion,0.69,0.69,measured_or_calculated
13-177,nitrogen_conversion_factor,6.25,6.25,measured_or_calculated
15-704,edible_proportion,1.00,1.0,measured_or_calculated
15-703,edible_proportion,1.00,1.0,measured_or_calculated
11-006,edible_proportion,1.00,1.0,measured_or_calculated
11-006,nitrogen_conversion_factor,6.25,6.25,measured_or_calculated
17-823,edible_proportion,1.00,1.0,measured_or_calculated
17-823,nitrogen_conversion_factor,6.25,6.25,measured_or_calculated
17-728,edible_proportion,1.00,1.0,measured_or_calculated
17-728,nitrogen_conversion_factor,6.25,6.25,measured_or_calculated
19-651,edible_proportion,1.00,1.0,measured_or_calculated
19-651,nitrogen_conversion_factor,6.25,6.25,measured_or_calculated
19-546,edible_proportion,1.00,1.0,measured_or_calculated
19-546,nitrogen_conversion_factor,6.25,6.25,measured_or_calculated
19-546,glycerol_conversion_factor,0.930,0.93,measured_or_calculated
19-490,edible_proportion,1.00,1.0,measured_or_calculated
19-490,nitrogen_conversion_factor,6.25,6.25,measured_or_calculated
19-490,glycerol_conversion_factor,0.930,0.93,measured_or_calculated
19-491,edible_proportion,1.00,1.0,measured_or_calculated
19-491,nitrogen_conversion_factor,6.25,6.25,measured_or_calculated
19-492,edible_proportion,1.00,1.0,measured_or_calculated
19-492,nitrogen_conversion_factor,6.25,6.25,measured_or_calculated
19-492,glycerol_conversion_factor,0.935,0.935,measured_or_calculated
19-553,edible_proportion,1.00,1.0,measured_or_calculated
19-555,edible_proportion,1.00,1.0,measured_or_calculated
19-554,edible_proportion,1.00,1.0,measured_or_calculated
19-556,edible_proportion,1.00,1.0,measured_or_calculated
19-493,edible_proportion,1.00,1.0,measured_or_calculated
19-493,nitrogen_conversion_factor,6.25,6.25,measured_or_calculated
19-493,glycerol_conversion_factor,0.956,0.956,measured_or_calculated
19-545,edible_proportion,1.00,1.0,measured_or_calculated
19-545,nitrogen_conversion_factor,6.25,6.25,measured_or_calculated
19-545,glycerol_conversion_factor,0.956,0.956,measured_or_calculated
19-315,edible_proportion,1.00,1.0,measured_or_calculated
19-315,nitrogen_conversion_factor,6.25,6.25,measured_or_calculated
19-315,glycerol_conversion_factor,0.956,0.956,measured_or_calculated
18-502,edible_proportion,1.00,1.0,measured_or_calculated
18-502,nitrogen_conversion_factor,6.25,6.25,measured_or_calculated
18-502,glycerol_conversion_factor,0.945,0.945,measured_or_calculated
19-544,edible_proportion,1.00,1.0,measured_or_calculated
19-544,nitrogen_conversion_factor,6.25,6.25,measured_or_calculated
19-544,glycerol_conversion_factor,0.956,0.956,measured_or_calculated
19-487,edible_proportion,1.00,1.0,measured_or_calculated
19-487,nitrogen_conversion_factor,6.25,6.25,measured_or_calculated
19-514,edible_proportion,1.00,1.0,measured_or_calculated
19-514,nitrogen_conversion_factor,6.25,6.25,measured_or_calculated
19-514,glycerol_conversion_factor,0.935,0.935,measured_or_calculated
17-685,edible_proportion,1.00,1.0,measured_or_calculated
17-685,nitrogen_conversion_factor,6.38,6.38,measured_or_calculated
17-685,glycerol_conversion_factor,0.956,0.956,measured_or_calculated
17-655,edible_proportion,1.00,1.0,measured_or_calculated
17-655,nitrogen_conversion_factor,6.38,6.38,measured_or_calculated
17-655,glycerol_conversion_factor,0.945,0.945,measured_or_calculated
17-656,edible_proportion,1.00,1.0,measured_or_calculated
17-656,nitrogen_conversion_factor,6.38,6.38,measured_or_calculated
17-656,glycerol_conversion_factor,0.945,0.945,measured_or_calculated
17-661,edible_proportion,1.00,1.0,measured_or_calculated
17-661,nitrogen_conversion_factor,6.38,6.38,measured_or_calculated
17-661,glycerol_conversion_factor,0.956,0.956,measured_or_calculated
17-001,edible_proportion,1.00,1.0,measured_or_calculated
19-631,edible_proportion,1.00,1.0,measured_or_calculated
13-581,edible_proportion,1.00,1.0,measured_or_calculated
13-581,nitrogen_conversion_factor,6.25,6.25,measured_or_calculated
13-581,glycerol_conversion_factor,0.800,0.8,measured_or_calculated
13-582,edible_proportion,1.00,1.0,measured_or_calculated
13-582,nitrogen_conversion_factor,6.25,6.25,measured_or_calculated
13-582,glycerol_conversion_factor,0.800,0.8,measured_or_calculated
13-187,edible_proportion,0.52,0.52,measured_or_calculated
13-511,edible_proportion,1.00,1.0,measured_or_calculated
13-511,nitrogen_conversion_factor,6.25,6.25,measured_or_calculated
13-510,edible_proportion,0.87,0.87,measured_or_calculated
13-510,nitrogen_conversion_factor,6.25,6.25,measured_or_calculated
13-540,edible_proportion,1.00,1.0,measured_or_calculated
13-540,nitrogen_conversion_factor,6.25,6.25,measured_or_calculated
15-705,edible_proportion,1.00,1.0,measured_or_calculated
13-190,edible_proportion,0.91,0.91,measured_or_calculated
13-190,nitrogen_conversion_factor,6.25,6.25,measured_or_calculated
13-190,glycerol_conversion_factor,0.800,0.8,measured_or_calculated
13-584,edible_proportion,1.00,1.0,measured_or_calculated
13-584,nitrogen_conversion_factor,6.25,6.25,measured_or_calculated
13-584,glycerol_conversion_factor,0.800,0.8,measured_or_calculated
13-509,edible_proportion,0.90,0.9,measured_or_calculated
13-509,nitrogen_conversion_factor,6.25,6.25,measured_or_calculated
11-740,edible_proportion,1.00,1.0,measured_or_calculated
11-740,nitrogen_conversion_factor,5.70,5.7,measured_or_calculated
11-740,glycerol_conversion_factor,0.956,0.956,measured_or_calculated
11-916,edible_proportion,1.00,1.0,measured_or_calculated
11-916,nitrogen_conversion_factor,6.25,6.25,measured_or_calculated
11-835,edible_proportion,1.00,1.0,measured_or_calculated
11-835,nitrogen_conversion_factor,6.25,6.25,measured_or_calculated
11-835,glycerol_conversion_factor,0.956,0.956,measured_or_calculated
11-836,edible_proportion,1.00,1.0,measured_or_calculated
11-836,nitrogen_conversion_factor,5.70,5.7,measured_or_calculated
11-836,glycerol_conversion_factor,0.956,0.956,measured_or_calculated
11-1041,edible_proportion,1.00,1.0,measured_or_calculated
11-1044,edible_proportion,1.00,1.0,measured_or_calculated
11-527,edible_proportion,1.00,1.0,measured_or_calculated
11-527,nitrogen_conversion_factor,6.25,6.25,measured_or_calculated
11-527,glycerol_conversion_factor,0.956,0.956,measured_or_calculated
11-1046,edible_proportion,1.00,1.0,measured_or_calculated
11-1047,edible_proportion,1.00,1.0,measured_or_calculated
11-830,edible_proportion,1.00,1.0,measured_or_calculated
11-830,nitrogen_conversion_factor,5.70,5.7,measured_or_calculated
11-830,glycerol_conversion_factor,0.956,0.956,measured_or_calculated
11-1053,edible_proportion,1.00,1.0,measured_or_calculated
11-829,edible_proportion,1.00,1.0,measured_or_calculated
11-829,nitrogen_conversion_factor,5.70,5.7,measured_or_calculated
11-829,glycerol_conversion_factor,0.956,0.956,measured_or_calculated
11-1005,edible_proportion,1.00,1.0,measured_or_calculated
11-991,edible_proportion,1.00,1.0,measured_or_calculated
11-1072,edible_proportion,1.00,1.0,measured_or_calculated
11-1090,edible_proportion,1.00,1.0,measured_or_calculated
11-833,edible_proportion,1.00,1.0,measured_or_calculated
11-833,nitrogen_conversion_factor,5.70,5.7,measured_or_calculated
11-833,glycerol_conversion_factor,0.956,0.956,measured_or_calculated
11-957,edible_proportion,1.00,1.0,measured_or_calculated
11-956,edible_proportion,1.00,1.0,measured_or_calculated
11-832,edible_proportion,1.00,1.0,measured_or_calculated
11-832,nitrogen_conversion_factor,5.70,5.7,measured_or_calculated
11-832,glycerol_conversion_factor,0.956,0.956,measured_or_calculated
11-1118,edible_proportion,1.00,1.0,measured_or_calculated
11-532,edible_proportion,1.00,1.0,measured_or_calculated
11-532,nitrogen_conversion_factor,6.25,6.25,measured_or_calculated
11-532,glycerol_conversion_factor,0.956,0.956,measured_or_calculated
11-831,edible_proportion,1.00,1.0,measured_or_calculated
11-831,nitrogen_conversion_factor,5.70,5.7,measured_or_calculated
11-831,glycerol_conversion_factor,0.945,0.945,measured_or_calculated
11-1125,edible_proportion,1.00,1.0,measured_or_calculated
11-834,edible_proportion,1.00,1.0,measured_or_calculated
11-834,nitrogen_conversion_factor,5.70,5.7,measured_or_calculated
11-834,glycerol_conversion_factor,0.945,0.945,measured_or_calculated
11-840,edible_proportion,1.00,1.0,measured_or_calculated
11-840,nitrogen_conversion_factor,5.70,5.7,measured_or_calculated
11-840,glycerol_conversion_factor,0.956,0.956,measured_or_calculated
11-990,edible_proportion,1.00,1.0,measured_or_calculated
11-839,edible_proportion,1.00,1.0,measured_or_calculated
11-839,nitrogen_conversion_factor,5.70,5.7,measured_or_calculated
11-839,glycerol_conversion_factor,0.956,0.956,measured_or_calculated
16-404,edible_proportion,1.00,1.0,measured_or_calculated
16-404,nitrogen_conversion_factor,6.25,6.25,measured_or_calculated
16-404,glycerol_conversion_factor,0.956,0.956,measured_or_calculated
15-706,edible_proportion,1.00,1.0,measured_or_calculated
15-707,edible_proportion,1.00,1.0,measured_or_calculated
15-708,edible_proportion,1.00,1.0,measured_or_calculated
15-709,edible_proportion,1.00,1.0,measured_or_calculated
17-649,edible_proportion,1.00,1.0,measured_or_calculated
17-649,nitrogen_conversion_factor,6.38,6.38,measured_or_calculated
17-649,glycerol_conversion_factor,0.945,0.945,measured_or_calculated
13-808,edible_proportion,1.00,1.0,measured_or_calculated
19-558,edible_proportion,1.00,1.0,measured_or_calculated
13-809,edible_proportion,1.00,1.0,measured_or_calculated
16-172,edible_proportion,0.54,0.54,measured_or_calculated
13-607,edible_proportion,1.00,1.0,measured_or_calculated
13-607,nitrogen_conversion_factor,6.25,6.25,measured_or_calculated
13-607,glycerol_conversion_factor,0.800,0.8,measured_or_calculated
13-497,edible_proportion,1.00,1.0,measured_or_calculated
13-497,nitrogen_conversion_factor,6.25,6.25,measured_or_calculated
13-498,edible_proportion,1.00,1.0,measured_or_calculated
13-498,nitrogen_conversion_factor,6.25,6.25,measured_or_calculated
13-496,edible_proportion,0.71,0.71,measured_or_calculated
13-496,nitrogen_conversion_factor,6.25,6.25,measured_or_calculated
13-496,glycerol_conversion_factor,0.800,0.8,measured_or_calculated
13-449,edible_proportion,1.00,1.0,measured_or_calculated
13-449,nitrogen_conversion_factor,6.25,6.25,measured_or_calculated
13-449,glycerol_conversion_factor,0.800,0.8,measured_or_calculated
13-565,edible_proportion,0.61,0.61,measured_or_calculated
13-565,nitrogen_conversion_factor,6.25,6.25,measured_or_calculated
13-565,glycerol_conversion_factor,0.800,0.8,measured_or_calculated
13-448,edible_proportion,0.87,0.87,measured_or_calculated
13-448,nitrogen_conversion_factor,6.25,6.25,measured_or_calculated
13-448,glycerol_conversion_factor,0.800,0.8,measured_or_calculated
14-060,edible_proportion,0.82,0.82,measured_or_calculated
14-811,edible_proportion,1.00,1.0,measured_or_calculated
14-812,edible_proportion,1.00,1.0,measured_or_calculated
14-812,nitrogen_conversion_factor,5.30,5.3,measured_or_calculated
13-209,edible_proportion,1.00,1.0,measured_or_calculated
13-210,edible_proportion,1.00,1.0,measured_or_calculated
13-212,edible_proportion,1.00,1.0,measured_or_calculated
13-208,edible_proportion,0.84,0.84,measured_or_calculated
13-211,edible_proportion,1.00,1.0,measured_or_calculated
15-712,edible_proportion,1.00,1.0,measured_or_calculated
15-713,edible_proportion,1.00,1.0,measured_or_calculated
19-470,edible_proportion,1.00,1.0,measured_or_calculated
19-612,edible_proportion,1.00,1.0,measured_or_calculated
19-536,edible_proportion,1.00,1.0,measured_or_calculated
19-623,edible_proportion,1.00,1.0,measured_or_calculated
19-484,edible_proportion,1.00,1.0,measured_or_calculated
15-714,edible_proportion,1.00,1.0,measured_or_calculated
15-638,edible_proportion,1.00,1.0,measured_or_calculated
16-008,edible_proportion,1.00,1.0,measured_or_calculated
16-009,edible_proportion,0.85,0.85,measured_or_calculated
16-007,edible_proportion,N,,present_amount_unknown
15-639,edible_proportion,1.00,1.0,measured_or_calculated
15-710,edible_proportion,1.00,1.0,measured_or_calculated
15-711,edible_proportion,1.00,1.0,measured_or_calculated
15-637,edible_proportion,1.00,1.0,measured_or_calculated
15-637,nitrogen_conversion_factor,6.25,6.25,measured_or_calculated
15-715,edible_proportion,1.00,1.0,measured_or_calculated
15-716,edible_proportion,1.00,1.0,measured_or_calculated
15-717,edible_proportion,1.00,1.0,measured_or_calculated
15-718,edible_proportion,1.00,1.0,measured_or_calculated
13-513,edible_proportion,1.00,1.0,measured_or_calculated
13-513,nitrogen_conversion_factor,6.25,6.25,measured_or_calculated
13-512,edible_proportion,0.53,0.53,measured_or_calculated
13-512,nitrogen_conversion_factor,6.25,6.25,measured_or_calculated
16-272,edible_proportion,0.94,0.94,measured_or_calculated
13-585,edible_proportion,1.00,1.0,measured_or_calculated
13-585,nitrogen_conversion_factor,6.25,6.25,measured_or_calculated
13-585,glycerol_conversion_factor,0.800,0.8,measured_or_calculated
13-219,edible_proportion,0.60,0.6,measured_or_calculated
13-810,edible_proportion,1.00,1.0,measured_or_calculated
13-637,edible_proportion,1,1.0,measured_or_calculated
13-637,nitrogen_conversion_factor,6.25,6.25,measured_or_calculated
13-637,glycerol_conversion_factor,0.8,0.8,measured_or_calculated
13-636,edible_proportion,0.24,0.24,measured_or_calculated
13-636,nitrogen_conversion_factor,6.25,6.25,measured_or_calculated
13-636,glycerol_conversion_factor,0.8,0.8,measured_or_calculated
11-819,edible_proportion,1.00,1.0,measured_or_calculated
11-819,nitrogen_conversion_factor,5.83,5.83,measured_or_calculated
11-819,glycerol_conversion_factor,0.956,0.956,measured_or_calculated
11-818,edible_proportion,1.00,1.0,measured_or_calculated
11-818,nitrogen_conversion_factor,5.83,5.83,measured_or_calculated
11-818,glycerol_conversion_factor,0.956,0.956,measured_or_calculated
11-987,edible_proportion,1.00,1.0,measured_or_calculated
11-987,nitrogen_conversion_factor,5.70,5.7,measured_or_calculated
11-987,glycerol_conversion_factor,0.956,0.956,measured_or_calculated
11-459,edible_proportion,1.00,1.0,measured_or_calculated
11-459,nitrogen_conversion_factor,5.70,5.7,measured_or_calculated
11-459,glycerol_conversion_factor,0.670,0.67,measured_or_calculated
13-224,edible_proportion,1.00,1.0,measured_or_calculated
13-223,edible_proportion,0.88,0.88,measured_or_calculated
11-997,edible_proportion,1.00,1.0,measured_or_calculated
11-997,nitrogen_conversion_factor,6.25,6.25,measured_or_calculated
11-997,glycerol_conversion_factor,0.956,0.956,measured_or_calculated
12-561,edible_proportion,1.00,1.0,measured_or_calculated
17-665,edible_proportion,1.00,1.0,measured_or_calculated
17-773,edible_proportion,1.00,1.0,measured_or_calculated
17-775,edible_proportion,1.00,1.0,measured_or_calculated
17-666,edible_proportion,1.00,1.0,measured_or_calculated
17-780,edible_proportion,1.00,1.0,measured_or_calculated
17-781,edible_proportion,1.00,1.0,measured_or_calculated
12-540,edible_proportion,1.00,1.0,measured_or_calculated
12-540,nitrogen_conversion_factor,6.38,6.38,measured_or_calculated
12-540,glycerol_conversion_factor,0.945,0.945,measured_or_calculated
12-537,edible_proportion,1.00,1.0,measured_or_calculated
12-537,nitrogen_conversion_factor,6.38,6.38,measured_or_calculated
12-537,glycerol_conversion_factor,0.945,0.945,measured_or_calculated
11-824,edible_proportion,1.00,1.0,measured_or_calculated
11-824,nitrogen_conversion_factor,6.38,6.38,measured_or_calculated
11-824,glycerol_conversion_factor,0.945,0.945,measured_or_calculated
12-491,edible_proportion,1.00,1.0,measured_or_calculated
12-491,nitrogen_conversion_factor,6.38,6.38,measured_or_calculated
12-491,glycerol_conversion_factor,0.945,0.945,measured_or_calculated
12-344,edible_proportion,0.69,0.69,measured_or_calculated
12-344,nitrogen_conversion_factor,6.38,6.38,measured_or_calculated
12-344,glycerol_conversion_factor,0.945,0.945,measured_or_calculated
12-132,edible_proportion,1,1.0,measured_or_calculated
12-132,nitrogen_conversion_factor,6.38,6.38,measured_or_calculated
12-132,glycerol_conversion_factor,0.945,0.945,measured_or_calculated
12-345,edible_proportion,1.00,1.0,measured_or_calculated
12-345,nitrogen_conversion_factor,6.38,6.38,measured_or_calculated
12-345,glycerol_conversion_factor,0.945,0.945,measured_or_calculated
12-548,edible_proportion,1.00,1.0,measured_or_calculated
12-548,nitrogen_conversion_factor,6.38,6.38,measured_or_calculated
12-548,glycerol_conversion_factor,0.945,0.945,measured_or_calculated
12-348,edible_proportion,1.00,1.0,measured_or_calculated
12-348,nitrogen_conversion_factor,6.38,6.38,measured_or_calculated
12-348,glycerol_conversion_factor,0.945,0.945,measured_or_calculated
12-346,edible_proportion,1.00,1.0,measured_or_calculated
12-346,nitrogen_conversion_factor,6.38,6.38,measured_or_calculated
12-346,glycerol_conversion_factor,0.945,0.945,measured_or_calculated
12-539,edible_proportion,1.00,1.0,measured_or_calculated
12-539,nitrogen_conversion_factor,6.38,6.38,measured_or_calculated
12-539,glycerol_conversion_factor,0.945,0.945,measured_or_calculated
12-550,edible_proportion,1.00,1.0,measured_or_calculated
12-550,nitrogen_conversion_factor,6.38,6.38,measured_or_calculated
12-550,glycerol_conversion_factor,0.945,0.945,measured_or_calculated
12-354,edible_proportion,1.00,1.0,measured_or_calculated
12-354,nitrogen_conversion_factor,6.38,6.38,measured_or_calculated
12-354,glycerol_conversion_factor,0.945,0.945,measured_or_calculated
12-152,edible_proportion,1,1.0,measured_or_calculated
12-494,edible_proportion,1.00,1.0,measured_or_calculated
12-494,nitrogen_conversion_factor,6.38,6.38,measured_or_calculated
12-487,edible_proportion,1.00,1.0,measured_or_calculated
12-487,nitrogen_conversion_factor,6.38,6.38,measured_or_calculated
12-355,edible_proportion,1.00,1.0,measured_or_calculated
12-355,nitrogen_conversion_factor,6.38,6.38,measured_or_calculated
12-355,glycerol_conversion_factor,0.945,0.945,measured_or_calculated
12-493,edible_proportion,1.00,1.0,measured_or_calculated
12-493,nitrogen_conversion_factor,6.38,6.38,measured_or_calculated
12-525,edible_proportion,1.00,1.0,measured_or_calculated
12-525,nitrogen_conversion_factor,6.38,6.38,measured_or_calculated
12-525,glycerol_conversion_factor,0.945,0.945,measured_or_calculated
12-357,edible_proportion,1.00,1.0,measured_or_calculated
12-357,nitrogen_conversion_factor,6.38,6.38,measured_or_calculated
12-357,glycerol_conversion_factor,0.945,0.945,measured_or_calculated
12-358,edible_proportion,1.00,1.0,measured_or_calculated
12-358,nitrogen_conversion_factor,6.38,6.38,measured_or_calculated
12-358,glycerol_conversion_factor,0.945,0.945,measured_or_calculated
12-164,edible_proportion,1,1.0,measured_or_calculated
12-164,nitrogen_conversion_factor,6.38,6.38,measured_or_calculated
12-496,edible_proportion,1.00,1.0,measured_or_calculated
12-496,nitrogen_conversion_factor,6.38,6.38,measured_or_calculated
12-604,edible_proportion,1.00,1.0,measured_or_calculated
12-604,nitrogen_conversion_factor,6.38,6.38,measured_or_calculated
12-488,edible_proportion,1.00,1.0,measured_or_calculated
12-488,nitrogen_conversion_factor,6.38,6.38,measured_or_calculated
12-490,edible_proportion,1.00,1.0,measured_or_calculated
12-490,nitrogen_conversion_factor,6.38,6.38,measured_or_calculated
12-360,edible_proportion,1.00,1.0,measured_or_calculated
12-360,nitrogen_conversion_factor,6.38,6.38,measured_or_calculated
12-360,glycerol_conversion_factor,0.945,0.945,measured_or_calculated
12-495,edible_proportion,1.00,1.0,measured_or_calculated
12-495,nitrogen_conversion_factor,6.38,6.38,measured_or_calculated
12-526,edible_proportion,1.00,1.0,measured_or_calculated
12-526,nitrogen_conversion_factor,6.38,6.38,measured_or_calculated
12-526,glycerol_conversion_factor,0.945,0.945,measured_or_calculated
12-492,edible_proportion,1.00,1.0,measured_or_calculated
12-492,nitrogen_conversion_factor,6.38,6.38,measured_or_calculated
12-527,edible_proportion,1.00,1.0,measured_or_calculated
12-527,nitrogen_conversion_factor,6.38,6.38,measured_or_calculated
12-527,glycerol_conversion_factor,0.945,0.945,measured_or_calculated
12-549,edible_proportion,1.00,1.0,measured_or_calculated
12-549,nitrogen_conversion_factor,6.38,6.38,measured_or_calculated
12-549,glycerol_conversion_factor,0.945,0.945,measured_or_calculated
12-173,edible_proportion,1,1.0,measured_or_calculated
12-173,nitrogen_conversion_factor,6.38,6.38,measured_or_calculated
12-174,edible_proportion,1,1.0,measured_or_calculated
12-174,nitrogen_conversion_factor,6.38,6.38,measured_or_calculated
12-485,edible_proportion,1.00,1.0,measured_or_calculated
12-485,nitrogen_conversion_factor,6.38,6.38,measured_or_calculated
12-175,edible_proportion,1,1.0,measured_or_calculated
12-175,nitrogen_conversion_factor,6.38,6.38,measured_or_calculated
12-176,edible_proportion,1,1.0,measured_or_calculated
12-176,nitrogen_conversion_factor,6.38,6.38,measured_or_calculated
12-177,edible_proportion,1,1.0,measured_or_calculated
12-177,nitrogen_conversion_factor,6.38,6.38,measured_or_calculated
12-178,edible_proportion,1,1.0,measured_or_calculated
12-178,nitrogen_conversion_factor,6.38,6.38,measured_or_calculated
12-551,edible_proportion,1.00,1.0,measured_or_calculated
12-551,nitrogen_conversion_factor,6.38,6.38,measured_or_calculated
12-551,glycerol_conversion_factor,0.956,0.956,measured_or_calculated
12-538,edible_proportion,1.00,1.0,measured_or_calculated
12-538,nitrogen_conversion_factor,6.38,6.38,measured_or_calculated
12-538,glycerol_conversion_factor,0.945,0.945,measured_or_calculated
12-541,edible_proportion,1.00,1.0,measured_or_calculated
12-541,nitrogen_conversion_factor,6.38,6.38,measured_or_calculated
12-541,glycerol_conversion_factor,0.945,0.945,measured_or_calculated
12-367,edible_proportion,1.00,1.0,measured_or_calculated
12-367,nitrogen_conversion_factor,6.38,6.38,measured_or_calculated
12-367,glycerol_conversion_factor,0.945,0.945,measured_or_calculated
12-181,edible_proportion,1,1.0,measured_or_calculated
12-181,nitrogen_conversion_factor,6.38,6.38,measured_or_calculated
12-489,edible_proportion,1.00,1.0,measured_or_calculated
12-489,nitrogen_conversion_factor,6.38,6.38,measured_or_calculated
12-486,edible_proportion,1.00,1.0,measured_or_calculated
12-486,nitrogen_conversion_factor,6.38,6.38,measured_or_calculated
12-368,edible_proportion,1.00,1.0,measured_or_calculated
12-368,nitrogen_conversion_factor,6.38,6.38,measured_or_calculated
12-368,glycerol_conversion_factor,0.945,0.945,measured_or_calculated
12-395,edible_proportion,1.00,1.0,measured_or_calculated
12-395,nitrogen_conversion_factor,6.38,6.38,measured_or_calculated
12-395,glycerol_conversion_factor,0.945,0.945,measured_or_calculated
12-542,edible_proportion,1.00,1.0,measured_or_calculated
12-542,nitrogen_conversion_factor,6.25,6.25,measured_or_calculated
12-542,glycerol_conversion_factor,0.956,0.956,measured_or_calculated
12-562,edible_proportion,1.00,1.0,measured_or_calculated
11-1043,edible_proportion,1.00,1.0,measured_or_calculated
14-382,edible_proportion,1,1.0,measured_or_calculated
14-382,nitrogen_conversion_factor,6.25,6.25,measured_or_calculated
14-382,glycerol_conversion_factor,0.8,0.8,measured_or_calculated
14-383,edible_proportion,0.92,0.92,measured_or_calculated
14-383,nitrogen_conversion_factor,6.25,6.25,measured_or_calculated
14-383,glycerol_conversion_factor,0.8,0.8,measured_or_calculated
14-335,edible_proportion,1.00,1.0,measured_or_calculated
14-335,nitrogen_conversion_factor,6.25,6.25,measured_or_calculated
14-063,edible_proportion,1.00,1.0,measured_or_calculated
14-064,edible_proportion,0.86,0.86,measured_or_calculated
14-065,edible_proportion,1.00,1.0,measured_or_calculated
14-066,edible_proportion,0.85,0.85,measured_or_calculated
14-069,edible_proportion,0.75,0.75,measured_or_calculated
13-811,edible_proportion,1.00,1.0,measured_or_calculated
14-815,edible_proportion,1.00,1.0,measured_or_calculated
14-813,edible_proportion,1.00,1.0,measured_or_calculated
14-813,nitrogen_conversion_factor,5.30,5.3,measured_or_calculated
14-814,edible_proportion,0.83,0.83,measured_or_calculated
17-782,edible_proportion,1.00,1.0,measured_or_calculated
18-504,edible_proportion,1.00,1.0,measured_or_calculated
18-504,nitrogen_conversion_factor,6.25,6.25,measured_or_calculated
18-504,glycerol_conversion_factor,0.956,0.956,measured_or_calculated
19-560,edible_proportion,1.00,1.0,measured_or_calculated
19-663,edible_proportion,0.89,0.89,measured_or_calculated
19-561,edible_proportion,1.00,1.0,measured_or_calculated
19-562,edible_proportion,1.00,1.0,measured_or_calculated
19-563,edible_proportion,1.00,1.0,measured_or_calculated
19-564,edible_proportion,1.00,1.0,measured_or_calculated
18-501,edible_proportion,1.00,1.0,measured_or_calculated
18-501,nitrogen_conversion_factor,6.25,6.25,measured_or_calculated
18-501,glycerol_conversion_factor,0.956,0.956,measured_or_calculated
18-500,edible_proportion,1.00,1.0,measured_or_calculated
18-500,nitrogen_conversion_factor,6.25,6.25,measured_or_calculated
18-500,glycerol_conversion_factor,0.956,0.956,measured_or_calculated
19-323,edible_proportion,1.00,1.0,measured_or_calculated
19-323,nitrogen_conversion_factor,6.25,6.25,measured_or_calculated
19-323,glycerol_conversion_factor,0.956,0.956,measured_or_calculated
19-538,edible_proportion,1.00,1.0,measured_or_calculated
19-538,nitrogen_conversion_factor,6.25,6.25,measured_or_calculated
17-697,edible_proportion,1.00,1.0,measured_or_calculated
17-697,glycerol_conversion_factor,0.950,0.95,measured_or_calculated
19-541,edible_proportion,1.00,1.0,measured_or_calculated
19-541,nitrogen_conversion_factor,6.25,6.25,measured_or_calculated
19-652,edible_proportion,0.65,0.65,measured_or_calculated
19-652,nitrogen_conversion_factor,6.25,6.25,measured_or_calculated
18-308,edible_proportion,1.00,1.0,measured_or_calculated
18-309,edible_proportion,0.90,0.9,measured_or_calculated
18-307,edible_proportion,1.00,1.0,measured_or_calculated
18-307,nitrogen_conversion_factor,6.25,6.25,measured_or_calculated
18-324,edible_proportion,1.00,1.0,measured_or_calculated
18-323,edible_proportion,1.00,1.0,measured_or_calculated
18-323,nitrogen_conversion_factor,6.25,6.25,measured_or_calculated
18-323,glycerol_conversion_factor,0.950,0.95,measured_or_calculated
18-325,edible_proportion,1.00,1.0,measured_or_calculated
18-326,edible_proportion,1.00,1.0,measured_or_calculated
18-326,nitrogen_conversion_factor,6.25,6.25,measured_or_calculated
18-326,glycerol_conversion_factor,0.956,0.956,measured_or_calculated
18-299,edible_proportion,1.00,1.0,measured_or_calculated
18-299,glycerol_conversion_factor,0.950,0.95,measured_or_calculated
18-300,edible_proportion,1.00,1.0,measured_or_calculated
18-300,glycerol_conversion_factor,0.950,0.95,measured_or_calculated
18-301,edible_proportion,1.00,1.0,measured_or_calculated
18-302,edible_proportion,1.00,1.0,measured_or_calculated
18-343,edible_proportion,1.00,1.0,measured_or_calculated
18-344,edible_proportion,1.00,1.0,measured_or_calculated
18-345,edible_proportion,1.00,1.0,measured_or_calculated
18-289,edible_proportion,1.00,1.0,measured_or_calculated
18-289,nitrogen_conversion_factor,6.25,6.25,measured_or_calculated
18-289,glycerol_conversion_factor,0.950,0.95,measured_or_calculated
18-329,edible_proportion,1.00,1.0,measured_or_calculated
18-329,nitrogen_conversion_factor,6.25,6.25,measured_or_calculated
18-329,glycerol_conversion_factor,0.950,0.95,measured_or_calculated
18-311,edible_proportion,1.00,1.0,measured_or_calculated
18-311,nitrogen_conversion_factor,6.25,6.25,measured_or_calculated
18-311,glycerol_conversion_factor,0.945,0.945,measured_or_calculated
18-312,edible_proportion,0.65,0.65,measured_or_calculated
18-310,edible_proportion,1.00,1.0,measured_or_calculated
18-335,edible_proportion,1.00,1.0,measured_or_calculated
18-335,nitrogen_conversion_factor,6.25,6.25,measured_or_calculated
18-335,glycerol_conversion_factor,0.945,0.945,measured_or_calculated
18-336,edible_proportion,0.63,0.63,measured_or_calculated
18-334,edible_proportion,1.00,1.0,measured_or_calculated
18-314,edible_proportion,1.00,1.0,measured_or_calculated
18-315,edible_proportion,0.63,0.63,measured_or_calculated
18-313,edible_proportion,1.00,1.0,measured_or_calculated
18-293,edible_proportion,1.00,1.0,measured_or_calculated
18-294,edible_proportion,0.69,0.69,measured_or_calculated
18-337,edible_proportion,1.00,1.0,measured_or_calculated
18-338,edible_proportion,0.51,0.51,measured_or_calculated
18-290,edible_proportion,1.00,1.0,measured_or_calculated
18-290,nitrogen_conversion_factor,6.25,6.25,measured_or_calculated
18-290,glycerol_conversion_factor,0.950,0.95,measured_or_calculated
18-330,edible_proportion,1.00,1.0,measured_or_calculated
18-330,glycerol_conversion_factor,0.950,0.95,measured_or_calculated
18-488,edible_proportion,1.00,1.0,measured_or_calculated
18-488,nitrogen_conversion_factor,6.25,6.25,measured_or_calculated
18-488,glycerol_conversion_factor,0.945,0.945,measured_or_calculated
18-331,edible_proportion,1.00,1.0,measured_or_calculated
18-331,nitrogen_conversion_factor,6.25,6.25,measured_or_calculated
18-331,glycerol_conversion_factor,0.945,0.945,measured_or_calculated
18-327,edible_proportion,1.00,1.0,measured_or_calculated
18-328,edible_proportion,0.69,0.69,measured_or_calculated
18-316,edible_proportion,1.00,1.0,measured_or_calculated
18-292,edible_proportion,1.00,1.0,measured_or_calculated
18-292,glycerol_conversion_factor,0.950,0.95,measured_or_calculated
18-332,edible_proportion,1.00,1.0,measured_or_calculated
18-332,nitrogen_conversion_factor,6.25,6.25,measured_or_calculated
18-332,glycerol_conversion_factor,0.950,0.95,measured_or_calculated
18-333,edible_proportion,1.00,1.0,measured_or_calculated
19-569,edible_proportion,1,1.0,measured_or_calculated
19-570,edible_proportion,1.00,1.0,measured_or_calculated
19-521,edible_proportion,1.00,1.0,measured_or_calculated
19-521,nitrogen_conversion_factor,6.25,6.25,measured_or_calculated
19-521,glycerol_conversion_factor,0.956,0.956,measured_or_calculated
18-317,edible_proportion,1.00,1.0,measured_or_calculated
18-317,glycerol_conversion_factor,0.950,0.95,measured_or_calculated
18-318,edible_proportion,0.83,0.83,measured_or_calculated
18-319,edible_proportion,1.00,1.0,measured_or_calculated
18-303,edible_proportion,1.00,1.0,measured_or_calculated
18-304,edible_proportion,0.65,0.65,measured_or_calculated
18-346,edible_proportion,1.00,1.0,measured_or_calculated
18-347,edible_proportion,0.60,0.6,measured_or_calculated
18-297,edible_proportion,1.00,1.0,measured_or_calculated
18-298,edible_proportion,0.65,0.65,measured_or_calculated
18-341,edible_proportion,1.00,1.0,measured_or_calculated
18-342,edible_proportion,0.63,0.63,measured_or_calculated
18-321,edible_proportion,1.00,1.0,measured_or_calculated
18-321,glycerol_conversion_factor,0.950,0.95,measured_or_calculated
18-322,edible_proportion,0.67,0.67,measured_or_calculated
18-320,edible_proportion,1.00,1.0,measured_or_calculated
18-295,edible_proportion,1.00,1.0,measured_or_calculated
18-296,edible_proportion,0.66,0.66,measured_or_calculated
18-339,edible_proportion,1.00,1.0,measured_or_calculated
18-340,edible_proportion,0.53,0.53,measured_or_calculated
19-469,edible_proportion,1.00,1.0,measured_or_calculated
19-469,nitrogen_conversion_factor,6.25,6.25,measured_or_calculated
19-469,glycerol_conversion_factor,0.956,0.956,measured_or_calculated
18-503,edible_proportion,1.00,1.0,measured_or_calculated
18-503,nitrogen_conversion_factor,6.25,6.25,measured_or_calculated
18-503,glycerol_conversion_factor,0.956,0.956,measured_or_calculated
13-586,edible_proportion,1.00,1.0,measured_or_calculated
13-586,nitrogen_conversion_factor,6.25,6.25,measured_or_calculated
13-586,glycerol_conversion_factor,0.800,0.8,measured_or_calculated
13-225,edible_proportion,0.80,0.8,measured_or_calculated
13-225,nitrogen_conversion_factor,6.25,6.25,measured_or_calculated
19-478,edible_proportion,1.00,1.0,measured_or_calculated
19-208,edible_proportion,1.00,1.0,measured_or_calculated
19-527,edible_proportion,1.00,1.0,measured_or_calculated
13-873,edible_proportion,1.00,1.0,measured_or_calculated
13-873,nitrogen_conversion_factor,6.25,6.25,measured_or_calculated
17-719,edible_proportion,1.00,1.0,measured_or_calculated
17-719,nitrogen_conversion_factor,6.25,6.25,measured_or_calculated
15-719,edible_proportion,1.00,1.0,measured_or_calculated
15-720,edible_proportion,1.00,1.0,measured_or_calculated
15-640,edible_proportion,1.00,1.0,measured_or_calculated
13-813,edible_proportion,1.00,1.0,measured_or_calculated
13-813,nitrogen_conversion_factor,6.25,6.25,measured_or_calculated
16-011,edible_proportion,N,,present_amount_unknown
13-887,edible_proportion,1.00,1.0,measured_or_calculated
13-887,nitrogen_conversion_factor,6.25,6.25,measured_or_calculated
15-721,edible_proportion,1.00,1.0,measured_or_calculated
13-228,edible_proportion,1.00,1.0,measured_or_calculated
13-227,edible_proportion,0.86,0.86,measured_or_calculated
17-658,edible_proportion,1.00,1.0,measured_or_calculated
17-658,nitrogen_conversion_factor,6.38,6.38,measured_or_calculated
17-658,glycerol_conversion_factor,0.956,0.956,measured_or_calculated
17-657,edible_proportion,1.00,1.0,measured_or_calculated
17-657,nitrogen_conversion_factor,6.38,6.38,measured_or_calculated
17-657,glycerol_conversion_factor,0.945,0.945,measured_or_calculated
11-812,edible_proportion,1.00,1.0,measured_or_calculated
11-812,nitrogen_conversion_factor,5.70,5.7,measured_or_calculated
11-812,glycerol_conversion_factor,0.956,0.956,measured_or_calculated
17-687,edible_proportion,1.00,1.0,measured_or_calculated
17-687,nitrogen_conversion_factor,6.25,6.25,measured_or_calculated
17-687,glycerol_conversion_factor,0.960,0.96,measured_or_calculated
12-518,edible_proportion,1.00,1.0,measured_or_calculated
17-659,edible_proportion,1.00,1.0,measured_or_calculated
17-659,nitrogen_conversion_factor,6.25,6.25,measured_or_calculated
17-659,glycerol_conversion_factor,0.956,0.956,measured_or_calculated
17-650,edible_proportion,1.00,1.0,measured_or_calculated
17-650,nitrogen_conversion_factor,6.38,6.38,measured_or_calculated
17-650,glycerol_conversion_factor,0.945,0.945,measured_or_calculated
17-690,edible_proportion,1.00,1.0,measured_or_calculated
17-690,glycerol_conversion_factor,0.950,0.95,measured_or_calculated
17-648,edible_proportion,1.00,1.0,measured_or_calculated
17-648,nitrogen_conversion_factor,6.38,6.38,measured_or_calculated
17-648,glycerol_conversion_factor,0.945,0.945,measured_or_calculated
17-491,edible_proportion,1.00,1.0,measured_or_calculated
17-491,nitrogen_conversion_factor,6.25,6.25,measured_or_calculated
17-491,glycerol_conversion_factor,0.960,0.96,measured_or_calculated
17-091,edible_proportion,1.00,1.0,measured_or_calculated
17-091,nitrogen_conversion_factor,6.25,6.25,measured_or_calculated
19-516,edible_proportion,1.00,1.0,measured_or_calculated
19-516,nitrogen_conversion_factor,6.25,6.25,measured_or_calculated
11-1050,edible_proportion,1.00,1.0,measured_or_calculated
19-519,edible_proportion,1.00,1.0,measured_or_calculated
19-321,edible_proportion,1.00,1.0,measured_or_calculated
19-321,nitrogen_conversion_factor,6.25,6.25,measured_or_calculated
19-321,glycerol_conversion_factor,0.956,0.956,measured_or_calculated
19-614,edible_proportion,1.00,1.0,measured_or_calculated
17-784,edible_proportion,1.00,1.0,measured_or_calculated
17-343,edible_proportion,1.00,1.0,measured_or_calculated
17-345,edible_proportion,1.00,1.0,measured_or_calculated
17-785,edible_proportion,1.00,1.0,measured_or_calculated
17-222,edible_proportion,1.00,1.0,measured_or_calculated
17-222,specific_gravity,1.01,1.01,measured_or_calculated
17-222,total_solids,3.7,3.7,measured_or_calculated
17-223,edible_proportion,1.00,1.0,measured_or_calculated
17-822,edible_proportion,1.00,1.0,measured_or_calculated
17-822,specific_gravity,1.02,1.02,measured_or_calculated
17-822,total_solids,8.9,8.9,measured_or_calculated
17-224,edible_proportion,1.00,1.0,measured_or_calculated
17-224,specific_gravity,1.01,1.01,measured_or_calculated
17-224,total_solids,5.1,5.1,measured_or_calculated
13-874,edible_proportion,1.00,1.0,measured_or_calculated
13-874,nitrogen_conversion_factor,6.25,6.25,measured_or_calculated
14-326,edible_proportion,0.78,0.78,measured_or_calculated
14-326,nitrogen_conversion_factor,6.25,6.25,measured_or_calculated
14-348,edible_proportion,1.00,1.0,measured_or_calculated
14-348,nitrogen_conversion_factor,6.25,6.25,measured_or_calculated
14-348,glycerol_conversion_factor,0.800,0.8,measured_or_calculated
13-816,edible_proportion,1.00,1.0,measured_or_calculated
16-252,edible_proportion,1.00,1.0,measured_or_calculated
16-252,nitrogen_conversion_factor,6.25,6.25,measured_or_calculated
15-722,edible_proportion,1.00,1.0,measured_or_calculated
17-002,edible_proportion,1.00,1.0,measured_or_calculated
12-545,edible_proportion,1.00,1.0,measured_or_calculated
12-545,nitrogen_conversion_factor,6.25,6.25,measured_or_calculated
12-563,edible_proportion,1.00,1.0,measured_or_calculated
12-564,edible_proportion,1.00,1.0,measured_or_calculated
12-565,edible_proportion,1.00,1.0,measured_or_calculated
17-786,edible_proportion,1.00,1.0,measured_or_calculated
14-820,edible_proportion,1.00,1.0,measured_or_calculated
14-890,edible_proportion,1.00,1.0,measured_or_calculated
14-890,nitrogen_conversion_factor,5.30,5.3,measured_or_calculated
14-889,edible_proportion,1.00,1.0,measured_or_calculated
14-889,nitrogen_conversion_factor,5.30,5.3,measured_or_calculated
14-873,edible_proportion,1.00,1.0,measured_or_calculated
14-873,nitrogen_conversion_factor,5.30,5.3,measured_or_calculated
14-873,glycerol_conversion_factor,0.956,0.956,measured_or_calculated
14-816,edible_proportion,0.70,0.7,measured_or_calculated
14-816,glycerol_conversion_factor,0.960,0.96,measured_or_calculated
16-490,edible_proportion,0.83,0.83,measured_or_calculated
16-490,nitrogen_conversion_factor,6.25,6.25,measured_or_calculated
16-373,edible_proportion,0.88,0.88,measured_or_calculated
16-373,nitrogen_conversion_factor,6.25,6.25,measured_or_calculated
16-373,glycerol_conversion_factor,0.700,0.7,measured_or_calculated
16-465,edible_proportion,0.89,0.89,measured_or_calculated
16-465,nitrogen_conversion_factor,6.25,6.25,measured_or_calculated
16-465,glycerol_conversion_factor,0.700,0.7,measured_or_calculated
16-466,edible_proportion,0.90,0.9,measured_or_calculated
16-466,nitrogen_conversion_factor,6.25,6.25,measured_or_calculated
16-466,glycerol_conversion_factor,0.700,0.7,measured_or_calculated
16-374,edible_proportion,0.87,0.87,measured_or_calculated
16-374,nitrogen_conversion_factor,6.25,6.25,measured_or_calculated
16-374,glycerol_conversion_factor,0.700,0.7,measured_or_calculated
16-015,edible_proportion,1.00,1.0,measured_or_calculated
16-016,edible_proportion,0.87,0.87,measured_or_calculated
16-372,edible_proportion,0.90,0.9,measured_or_calculated
16-372,nitrogen_conversion_factor,6.25,6.25,measured_or_calculated
16-372,glycerol_conversion_factor,0.700,0.7,measured_or_calculated
16-491,edible_proportion,0.99,0.99,measured_or_calculated
16-491,nitrogen_conversion_factor,6.25,6.25,measured_or_calculated
16-467,edible_proportion,1.00,1.0,measured_or_calculated
16-467,nitrogen_conversion_factor,6.25,6.25,measured_or_calculated
16-467,glycerol_conversion_factor,0.700,0.7,measured_or_calculated
16-468,edible_proportion,0.87,0.87,measured_or_calculated
16-468,nitrogen_conversion_factor,6.25,6.25,measured_or_calculated
16-468,glycerol_conversion_factor,0.700,0.7,measured_or_calculated
16-369,edible_proportion,1.00,1.0,measured_or_calculated
16-369,nitrogen_conversion_factor,6.25,6.25,measured_or_calculated
16-369,glycerol_conversion_factor,0.956,0.956,measured_or_calculated
16-427,edible_proportion,1.00,1.0,measured_or_calculated
16-427,nitrogen_conversion_factor,6.25,6.25,measured_or_calculated
16-427,glycerol_conversion_factor,0.953,0.953,measured_or_calculated
16-426,edible_proportion,1.00,1.0,measured_or_calculated
16-428,edible_proportion,1.00,1.0,measured_or_calculated
16-428,nitrogen_conversion_factor,6.25,6.25,measured_or_calculated
16-428,glycerol_conversion_factor,0.956,0.956,measured_or_calculated
16-368,edible_proportion,1.00,1.0,measured_or_calculated
16-368,nitrogen_conversion_factor,6.25,6.25,measured_or_calculated
16-368,glycerol_conversion_factor,0.956,0.956,measured_or_calculated
16-370,edible_proportion,1.00,1.0,measured_or_calculated
16-370,nitrogen_conversion_factor,6.25,6.25,measured_or_calculated
16-370,glycerol_conversion_factor,0.956,0.956,measured_or_calculated
17-163,edible_proportion,1.00,1.0,measured_or_calculated
17-163,nitrogen_conversion_factor,6.25,6.25,measured_or_calculated
17-632,edible_proportion,1.00,1.0,measured_or_calculated
17-632,nitrogen_conversion_factor,6.38,6.38,measured_or_calculated
17-632,glycerol_conversion_factor,0.945,0.945,measured_or_calculated
17-833,edible_proportion,1.00,1.0,measured_or_calculated
17-833,nitrogen_conversion_factor,6.25,6.25,measured_or_calculated
17-157,edible_proportion,1.00,1.0,measured_or_calculated
17-155,edible_proportion,1.00,1.0,measured_or_calculated
17-156,edible_proportion,1.00,1.0,measured_or_calculated
17-153,edible_proportion,1.00,1.0,measured_or_calculated
17-154,edible_proportion,1.00,1.0,measured_or_calculated
17-159,edible_proportion,1.00,1.0,measured_or_calculated
17-161,edible_proportion,1.00,1.0,measured_or_calculated
17-160,edible_proportion,1.00,1.0,measured_or_calculated
17-594,edible_proportion,1.00,1.0,measured_or_calculated
17-158,edible_proportion,1.00,1.0,measured_or_calculated
17-158,nitrogen_conversion_factor,6.25,6.25,measured_or_calculated
12-546,edible_proportion,1.00,1.0,measured_or_calculated
12-546,nitrogen_conversion_factor,6.38,6.38,measured_or_calculated
17-175,edible_proportion,1.00,1.0,measured_or_calculated
17-175,nitrogen_conversion_factor,6.25,6.25,measured_or_calculated
17-505,edible_proportion,1.00,1.0,measured_or_calculated
17-505,nitrogen_conversion_factor,6.25,6.25,measured_or_calculated
17-505,glycerol_conversion_factor,0.956,0.956,measured_or_calculated
13-229,edible_proportion,1.00,1.0,measured_or_calculated
15-635,edible_proportion,1.00,1.0,measured_or_calculated
15-635,nitrogen_conversion_factor,6.25,6.25,measured_or_calculated
15-635,glycerol_conversion_factor,0.956,0.956,measured_or_calculated
15-636,edible_proportion,1.00,1.0,measured_or_calculated
15-636,nitrogen_conversion_factor,6.25,6.25,measured_or_calculated
15-636,glycerol_conversion_factor,0.956,0.956,measured_or_calculated
16-429,edible_proportion,1,1.0,measured_or_calculated
16-430,edible_proportion,1,1.0,measured_or_calculated
16-431,edible_proportion,1.00,1.0,measured_or_calculated
16-431,nitrogen_conversion_factor,6.25,6.25,measured_or_calculated
16-431,glycerol_conversion_factor,0.700,0.7,measured_or_calculated
16-383,edible_proportion,0.91,0.91,measured_or_calculated
16-383,nitrogen_conversion_factor,6.25,6.25,measured_or_calculated
16-383,glycerol_conversion_factor,0.700,0.7,measured_or_calculated
16-469,edible_proportion,1.00,1.0,measured_or_calculated
16-469,nitrogen_conversion_factor,6.25,6.25,measured_or_calculated
16-469,glycerol_conversion_factor,0.700,0.7,measured_or_calculated
16-501,edible_proportion,0.91,0.91,measured_or_calculated
16-501,nitrogen_conversion_factor,6.25,6.25,measured_or_calculated
17-729,edible_proportion,1.00,1.0,measured_or_calculated
17-729,nitrogen_conversion_factor,6.38,6.38,measured_or_calculated
17-729,glycerol_conversion_factor,0.956,0.956,measured_or_calculated
17-730,edible_proportion,1.00,1.0,measured_or_calculated
17-730,nitrogen_conversion_factor,6.38,6.38,measured_or_calculated
17-730,glycerol_conversion_factor,0.956,0.956,measured_or_calculated
12-566,edible_proportion,1.00,1.0,measured_or_calculated
12-568,edible_proportion,1.00,1.0,measured_or_calculated
12-569,edible_proportion,1.00,1.0,measured_or_calculated
12-567,edible_proportion,1.00,1.0,measured_or_calculated
12-570,edible_proportion,1.00,1.0,measured_or_calculated
15-723,edible_proportion,1.00,1.0,measured_or_calculated
12-501,edible_proportion,1.00,1.0,measured_or_calculated
12-501,nitrogen_conversion_factor,6.25,6.25,measured_or_calculated
12-501,glycerol_conversion_factor,0.956,0.956,measured_or_calculated
19-486,edible_proportion,1.00,1.0,measured_or_calculated
19-571,edible_proportion,0.93,0.93,measured_or_calculated
13-818,edible_proportion,1.00,1.0,measured_or_calculated
13-888,edible_proportion,0.78,0.78,measured_or_calculated
13-888,nitrogen_conversion_factor,6.25,6.25,measured_or_calculated
13-875,edible_proportion,1.00,1.0,measured_or_calculated
13-875,nitrogen_conversion_factor,6.25,6.25,measured_or_calculated
15-724,edible_proportion,1.00,1.0,measured_or_calculated
15-725,edible_proportion,1.00,1.0,measured_or_calculated
17-645,edible_proportion,1.00,1.0,measured_or_calculated
17-645,nitrogen_conversion_factor,6.25,6.25,measured_or_calculated
17-645,glycerol_conversion_factor,0.956,0.956,measured_or_calculated
19-572,edible_proportion,1.00,1.0,measured_or_calculated
19-128,edible_proportion,1.00,1.0,measured_or_calculated
19-128,nitrogen_conversion_factor,6.25,6.25,measured_or_calculated
19-128,glycerol_conversion_factor,0.950,0.95,measured_or_calculated
12-507,edible_proportion,1.00,1.0,measured_or_calculated
12-507,nitrogen_conversion_factor,6.25,6.25,measured_or_calculated
12-507,glycerol_conversion_factor,0.956,0.956,measured_or_calculated
19-573,edible_proportion,1.00,1.0,measured_or_calculated
19-466,edible_proportion,1.00,1.0,measured_or_calculated
19-466,nitrogen_conversion_factor,6.25,6.25,measured_or_calculated
19-466,glycerol_conversion_factor,0.956,0.956,measured_or_calculated
11-011,edible_proportion,1.00,1.0,measured_or_calculated
11-011,nitrogen_conversion_factor,6.25,6.25,measured_or_calculated
19-477,edible_proportion,1.00,1.0,measured_or_calculated
19-574,edible_proportion,1.00,1.0,measured_or_calculated
13-628,edible_proportion,1,1.0,measured_or_calculated
13-628,nitrogen_conversion_factor,6.25,6.25,measured_or_calculated
13-628,glycerol_conversion_factor,0.8,0.8,measured_or_calculated
13-668,edible_proportion,1,1.0,measured_or_calculated
13-668,nitrogen_conversion_factor,6.25,6.25,measured_or_calculated
13-668,glycerol_conversion_factor,0.8,0.8,measured_or_calculated
13-414,edible_proportion,1.00,1.0,measured_or_calculated
13-232,edible_proportion,1.00,1.0,measured_or_calculated
13-232,nitrogen_conversion_factor,6.25,6.25,measured_or_calculated
13-587,edible_proportion,1.00,1.0,measured_or_calculated
13-587,nitrogen_conversion_factor,6.25,6.25,measured_or_calculated
13-587,glycerol_conversion_factor,0.956,0.956,measured_or_calculated
13-627,edible_proportion,0.92,0.92,measured_or_calculated
13-627,nitrogen_conversion_factor,6.25,6.25,measured_or_calculated
13-627,glycerol_conversion_factor,0.8,0.8,measured_or_calculated
13-629,edible_proportion,1,1.0,measured_or_calculated
13-629,nitrogen_conversion_factor,6.25,6.25,measured_or_calculated
13-629,glycerol_conversion_factor,0.956,0.956,measured_or_calculated
15-726,edible_proportion,1.00,1.0,measured_or_calculated
11-902,edible_proportion,1.00,1.0,measured_or_calculated
11-902,nitrogen_conversion_factor,5.70,5.7,measured_or_calculated
11-901,edible_proportion,1.00,1.0,measured_or_calculated
11-901,nitrogen_conversion_factor,5.70,5.7,measured_or_calculated
11-901,glycerol_conversion_factor,0.670,0.67,measured_or_calculated
16-391,edible_proportion,1.00,1.0,measured_or_calculated
16-391,nitrogen_conversion_factor,6.25,6.25,measured_or_calculated
16-391,glycerol_conversion_factor,0.700,0.7,measured_or_calculated
16-452,edible_proportion,0.44,0.44,measured_or_calculated
16-441,edible_proportion,1,1.0,measured_or_calculated
16-470,edible_proportion,1.00,1.0,measured_or_calculated
16-470,nitrogen_conversion_factor,6.25,6.25,measured_or_calculated
16-470,glycerol_conversion_factor,0.700,0.7,measured_or_calculated
16-392,edible_proportion,1.00,1.0,measured_or_calculated
16-392,nitrogen_conversion_factor,6.25,6.25,measured_or_calculated
16-392,glycerol_conversion_factor,0.700,0.7,measured_or_calculated
11-1134,edible_proportion,1.00,1.0,measured_or_calculated
14-073,edible_proportion,1.00,1.0,measured_or_calculated
17-744,edible_proportion,1.00,1.0,measured_or_calculated
17-744,nitrogen_conversion_factor,6.25,6.25,measured_or_calculated
17-744,glycerol_conversion_factor,0.956,0.956,measured_or_calculated
16-235,edible_proportion,N,,present_amount_unknown
11-820,edible_proportion,1.00,1.0,measured_or_calculated
11-820,nitrogen_conversion_factor,5.70,5.7,measured_or_calculated
11-820,glycerol_conversion_factor,0.956,0.956,measured_or_calculated
17-358,edible_proportion,1.00,1.0,measured_or_calculated
12-342,edible_proportion,1.00,1.0,measured_or_calculated
12-342,specific_gravity,1.19,1.19,measured_or_calculated
12-342,nitrogen_conversion_factor,6.38,6.38,measured_or_calculated
12-342,glycerol_conversion_factor,0.951,0.951,measured_or_calculated
12-544,edible_proportion,1.00,1.0,measured_or_calculated
12-544,specific_gravity,0.98,0.98,measured_or_calculated
12-544,nitrogen_conversion_factor,6.38,6.38,measured_or_calculated
12-544,glycerol_conversion_factor,0.951,0.951,measured_or_calculated
12-337,edible_proportion,1.00,1.0,measured_or_calculated
12-337,specific_gravity,1.01,1.01,measured_or_calculated
12-337,nitrogen_conversion_factor,6.38,6.38,measured_or_calculated
12-337,glycerol_conversion_factor,0.945,0.945,measured_or_calculated
12-338,edible_proportion,1.00,1.0,measured_or_calculated
12-338,specific_gravity,0.21,0.21,measured_or_calculated
12-338,nitrogen_conversion_factor,6.38,6.38,measured_or_calculated
12-338,glycerol_conversion_factor,0.945,0.945,measured_or_calculated
12-339,edible_proportion,1.00,1.0,measured_or_calculated
12-339,specific_gravity,0.18,0.18,measured_or_calculated
12-339,nitrogen_conversion_factor,6.38,6.38,measured_or_calculated
12-339,glycerol_conversion_factor,0.945,0.945,measured_or_calculated
12-592,edible_proportion,1.00,1.0,measured_or_calculated
12-592,nitrogen_conversion_factor,6.38,6.38,measured_or_calculated
12-592,glycerol_conversion_factor,0.945,0.945,measured_or_calculated
12-334,edible_proportion,1.00,1.0,measured_or_calculated
12-334,specific_gravity,0.94,0.94,measured_or_calculated
12-334,nitrogen_conversion_factor,6.38,6.38,measured_or_calculated
12-334,glycerol_conversion_factor,0.945,0.945,measured_or_calculated
12-332,edible_proportion,1.00,1.0,measured_or_calculated
12-332,specific_gravity,1.00,1.0,measured_or_calculated
12-332,nitrogen_conversion_factor,6.38,6.38,measured_or_calculated
12-332,glycerol_conversion_factor,0.945,0.945,measured_or_calculated
12-333,edible_proportion,1.00,1.0,measured_or_calculated
12-333,specific_gravity,0.96,0.96,measured_or_calculated
12-333,nitrogen_conversion_factor,6.38,6.38,measured_or_calculated
12-333,glycerol_conversion_factor,0.945,0.945,measured_or_calculated
12-112,edible_proportion,1.00,1.0,measured_or_calculated
12-571,edible_proportion,1.00,1.0,measured_or_calculated
12-397,edible_proportion,1.00,1.0,measured_or_calculated
12-397,nitrogen_conversion_factor,6.38,6.38,measured_or_calculated
12-397,glycerol_conversion_factor,0.945,0.945,measured_or_calculated
17-763,edible_proportion,1.00,1.0,measured_or_calculated
17-763,nitrogen_conversion_factor,6.25,6.25,measured_or_calculated
12-335,edible_proportion,1.00,1.0,measured_or_calculated
12-335,specific_gravity,0.97,0.97,measured_or_calculated
12-335,nitrogen_conversion_factor,6.38,6.38,measured_or_calculated
12-335,glycerol_conversion_factor,0.945,0.945,measured_or_calculated
12-336,edible_proportion,1.00,1.0,measured_or_calculated
12-336,specific_gravity,1.01,1.01,measured_or_calculated
12-336,nitrogen_conversion_factor,6.38,6.38,measured_or_calculated
12-336,glycerol_conversion_factor,0.945,0.945,measured_or_calculated
11-822,edible_proportion,1.00,1.0,measured_or_calculated
11-822,nitrogen_conversion_factor,5.83,5.83,measured_or_calculated
11-822,glycerol_conversion_factor,0.720,0.72,measured_or_calculated
11-988,edible_proportion,1.00,1.0,measured_or_calculated
11-988,nitrogen_conversion_factor,5.70,5.7,measured_or_calculated
11-988,glycerol_conversion_factor,0.956,0.956,measured_or_calculated
11-1055,edible_proportion,1.00,1.0,measured_or_calculated
11-1056,edible_proportion,1.00,1.0,measured_or_calculated
11-1020,edible_proportion,1.00,1.0,measured_or_calculated
11-1020,nitrogen_conversion_factor,6.25,6.25,measured_or_calculated
11-1020,glycerol_conversion_factor,0.956,0.956,measured_or_calculated
11-994,edible_proportion,1.00,1.0,measured_or_calculated
15-729,edible_proportion,1.00,1.0,measured_or_calculated
15-730,edible_proportion,1.00,1.0,measured_or_calculated
15-727,edible_proportion,1.00,1.0,measured_or_calculated
15-728,edible_proportion,1.00,1.0,measured_or_calculated
11-1057,edible_proportion,1.00,1.0,measured_or_calculated
11-989,edible_proportion,1.00,1.0,measured_or_calculated
11-989,nitrogen_conversion_factor,5.70,5.7,measured_or_calculated
11-989,glycerol_conversion_factor,0.956,0.956,measured_or_calculated
13-523,edible_proportion,0.92,0.92,measured_or_calculated
13-523,nitrogen_conversion_factor,6.25,6.25,measured_or_calculated
13-889,edible_proportion,1.00,1.0,measured_or_calculated
13-889,nitrogen_conversion_factor,6.25,6.25,measured_or_calculated
13-649,edible_proportion,1,1.0,measured_or_calculated
13-649,nitrogen_conversion_factor,6.25,6.25,measured_or_calculated
13-649,glycerol_conversion_factor,0.8,0.8,measured_or_calculated
13-234,edible_proportion,0.85,0.85,measured_or_calculated
13-234,nitrogen_conversion_factor,6.25,6.25,measured_or_calculated
11-1009,edible_proportion,1.00,1.0,measured_or_calculated
11-1009,nitrogen_conversion_factor,5.70,5.7,measured_or_calculated
11-1009,glycerol_conversion_factor,0.956,0.956,measured_or_calculated
11-948,edible_proportion,1.00,1.0,measured_or_calculated
11-948,nitrogen_conversion_factor,5.70,5.7,measured_or_calculated
14-074,edible_proportion,1.00,1.0,measured_or_calculated
13-821,edible_proportion,0.83,0.83,measured_or_calculated
17-720,edible_proportion,1.00,1.0,measured_or_calculated
17-720,nitrogen_conversion_factor,6.25,6.25,measured_or_calculated
13-876,edible_proportion,1.00,1.0,measured_or_calculated
13-876,nitrogen_conversion_factor,6.25,6.25,measured_or_calculated
13-823,edible_proportion,1.00,1.0,measured_or_calculated
15-731,edible_proportion,1.00,1.0,measured_or_calculated
19-547,edible_proportion,1.00,1.0,measured_or_calculated
19-549,edible_proportion,1.00,1.0,measured_or_calculated
19-472,edible_proportion,1.00,1.0,measured_or_calculated
19-488,edible_proportion,1.00,1.0,measured_or_calculated
19-488,nitrogen_conversion_factor,6.25,6.25,measured_or_calculated
19-529,edible_proportion,1.00,1.0,measured_or_calculated
15-627,edible_proportion,1.00,1.0,measured_or_calculated
15-627,nitrogen_conversion_factor,6.25,6.25,measured_or_calculated
15-735,edible_proportion,1.00,1.0,measured_or_calculated
15-736,edible_proportion,1.00,1.0,measured_or_calculated
15-737,edible_proportion,1.00,1.0,measured_or_calculated
15-738,edible_proportion,1.00,1.0,measured_or_calculated
15-095,edible_proportion,1.00,1.0,measured_or_calculated
15-739,edible_proportion,1.00,1.0,measured_or_calculated
15-740,edible_proportion,1.00,1.0,measured_or_calculated
15-741,edible_proportion,1.00,1.0,measured_or_calculated
15-742,edible_proportion,1.00,1.0,measured_or_calculated
15-743,edible_proportion,1.00,1.0,measured_or_calculated
15-641,edible_proportion,1.00,1.0,measured_or_calculated
15-748,edible_proportion,1.00,1.0,measured_or_calculated
15-745,edible_proportion,1.00,1.0,measured_or_calculated
15-746,edible_proportion,1.00,1.0,measured_or_calculated
15-747,edible_proportion,1.00,1.0,measured_or_calculated
15-107,edible_proportion,1.00,1.0,measured_or_calculated
15-108,edible_proportion,1.00,1.0,measured_or_calculated
15-744,edible_proportion,1.00,1.0,measured_or_calculated
19-449,edible_proportion,1.00,1.0,measured_or_calculated
19-449,nitrogen_conversion_factor,6.25,6.25,measured_or_calculated
19-565,edible_proportion,1.00,1.0,measured_or_calculated
19-540,edible_proportion,1.00,1.0,measured_or_calculated
19-540,nitrogen_conversion_factor,6.25,6.25,measured_or_calculated
19-540,glycerol_conversion_factor,0.950,0.95,measured_or_calculated
19-296,edible_proportion,1.00,1.0,measured_or_calculated
19-296,nitrogen_conversion_factor,6.25,6.25,measured_or_calculated
19-296,glycerol_conversion_factor,0.950,0.95,measured_or_calculated
19-567,edible_proportion,1.00,1.0,measured_or_calculated
19-568,edible_proportion,1.00,1.0,measured_or_calculated
19-520,edible_proportion,1.00,1.0,measured_or_calculated
19-520,nitrogen_conversion_factor,6.25,6.25,measured_or_calculated
19-528,edible_proportion,1.00,1.0,measured_or_calculated
19-322,edible_proportion,1.00,1.0,measured_or_calculated
19-322,nitrogen_conversion_factor,6.25,6.25,measured_or_calculated
19-322,glycerol_conversion_factor,0.956,0.956,measured_or_calculated
19-534,edible_proportion,1.00,1.0,measured_or_calculated
19-465,edible_proportion,1.00,1.0,measured_or_calculated
19-465,nitrogen_conversion_factor,6.25,6.25,measured_or_calculated
19-465,glycerol_conversion_factor,0.956,0.956,measured_or_calculated
15-749,edible_proportion,1.00,1.0,measured_or_calculated
15-774,edible_proportion,1.00,1.0,measured_or_calculated
15-750,edible_proportion,1.00,1.0,measured_or_calculated
15-752,edible_proportion,1.00,1.0,measured_or_calculated
15-753,edible_proportion,1.00,1.0,measured_or_calculated
15-754,edible_proportion,1.00,1.0,measured_or_calculated
16-462,edible_proportion,1.00,1.0,measured_or_calculated
16-446,edible_proportion,N,,present_amount_unknown
16-364,edible_proportion,1.00,1.0,measured_or_calculated
16-364,nitrogen_conversion_factor,6.25,6.25,measured_or_calculated
15-755,edible_proportion,1.00,1.0,measured_or_calculated
16-455,edible_proportion,1.00,1.0,measured_or_calculated
16-456,edible_proportion,1.00,1.0,measured_or_calculated
15-756,edible_proportion,1.00,1.0,measured_or_calculated
19-591,edible_proportion,1.00,1.0,measured_or_calculated
19-592,edible_proportion,1.00,1.0,measured_or_calculated
19-595,edible_proportion,1.00,1.0,measured_or_calculated
19-599,edible_proportion,1.00,1.0,measured_or_calculated
19-535,edible_proportion,1.00,1.0,measured_or_calculated
15-757,edible_proportion,1.00,1.0,measured_or_calculated
15-758,edible_proportion,1.00,1.0,measured_or_calculated
15-759,edible_proportion,1.00,1.0,measured_or_calculated
15-760,edible_proportion,1.00,1.0,measured_or_calculated
15-761,edible_proportion,1.00,1.0,measured_or_calculated
15-125,edible_proportion,1.00,1.0,measured_or_calculated
15-762,edible_proportion,1.00,1.0,measured_or_calculated
15-763,edible_proportion,1.00,1.0,measured_or_calculated
15-764,edible_proportion,1.00,1.0,measured_or_calculated
15-765,edible_proportion,1.00,1.0,measured_or_calculated
15-766,edible_proportion,1.00,1.0,measured_or_calculated
15-767,edible_proportion,1.00,1.0,measured_or_calculated
15-132,edible_proportion,1.00,1.0,measured_or_calculated
15-768,edible_proportion,1.00,1.0,measured_or_calculated
15-769,edible_proportion,1.00,1.0,measured_or_calculated
15-771,edible_proportion,1.00,1.0,measured_or_calculated
15-490,edible_proportion,1.00,1.0,measured_or_calculated
15-776,edible_proportion,1.00,1.0,measured_or_calculated
15-777,edible_proportion,1.00,1.0,measured_or_calculated
15-778,edible_proportion,1.00,1.0,measured_or_calculated
15-779,edible_proportion,1.00,1.0,measured_or_calculated
15-780,edible_proportion,1.00,1.0,measured_or_calculated
15-781,edible_proportion,1.00,1.0,measured_or_calculated
15-782,edible_proportion,1.00,1.0,measured_or_calculated
15-783,edible_proportion,1.00,1.0,measured_or_calculated
16-457,edible_proportion,1.00,1.0,measured_or_calculated
16-365,edible_proportion,1.00,1.0,measured_or_calculated
16-365,nitrogen_conversion_factor,6.25,6.25,measured_or_calculated
16-365,glycerol_conversion_factor,0.956,0.956,measured_or_calculated
16-366,edible_proportion,1.00,1.0,measured_or_calculated
16-366,nitrogen_conversion_factor,6.25,6.25,measured_or_calculated
16-366,glycerol_conversion_factor,0.956,0.956,measured_or_calculated
16-333,edible_proportion,1.00,1.0,measured_or_calculated
16-333,nitrogen_conversion_factor,6.25,6.25,measured_or_calculated
16-333,glycerol_conversion_factor,0.956,0.956,measured_or_calculated
15-784,edible_proportion,1.00,1.0,measured_or_calculated
15-785,edible_proportion,1.00,1.0,measured_or_calculated
15-146,edible_proportion,1.00,1.0,measured_or_calculated
15-787,edible_proportion,1.00,1.0,measured_or_calculated
15-634,edible_proportion,1.00,1.0,measured_or_calculated
15-634,nitrogen_conversion_factor,6.25,6.25,measured_or_calculated
15-634,glycerol_conversion_factor,0.956,0.956,measured_or_calculated
15-788,edible_proportion,1.00,1.0,measured_or_calculated
15-789,edible_proportion,1.00,1.0,measured_or_calculated
15-790,edible_proportion,1.00,1.0,measured_or_calculated
15-791,edible_proportion,1.00,1.0,measured_or_calculated
15-792,edible_proportion,1.00,1.0,measured_or_calculated
15-619,edible_proportion,1.00,1.0,measured_or_calculated
15-619,nitrogen_conversion_factor,6.25,6.25,measured_or_calculated
15-619,glycerol_conversion_factor,0.956,0.956,measured_or_calculated
15-892,edible_proportion,1.00,1.0,measured_or_calculated
15-892,nitrogen_conversion_factor,6.25,6.25,measured_or_calculated
15-892,glycerol_conversion_factor,0.956,0.956,measured_or_calculated
15-793,edible_proportion,1.00,1.0,measured_or_calculated
15-794,edible_proportion,1.00,1.0,measured_or_calculated
14-075,edible_proportion,0.56,0.56,measured_or_calculated
11-1138,edible_proportion,1.00,1.0,measured_or_calculated
11-1138,nitrogen_conversion_factor,6.25,6.25,measured_or_calculated
12-572,edible_proportion,1.00,1.0,measured_or_calculated
12-573,edible_proportion,1.00,1.0,measured_or_calculated
12-519,edible_proportion,1.00,1.0,measured_or_calculated
12-574,edible_proportion,1.00,1.0,measured_or_calculated
12-575,edible_proportion,1.00,1.0,measured_or_calculated
12-543,edible_proportion,1.00,1.0,measured_or_calculated
12-543,nitrogen_conversion_factor,6.25,6.25,measured_or_calculated
12-543,glycerol_conversion_factor,0.945,0.945,measured_or_calculated
16-254,edible_proportion,0.79,0.79,measured_or_calculated
16-038,edible_proportion,N,,present_amount_unknown
13-484,edible_proportion,1.00,1.0,measured_or_calculated
13-484,nitrogen_conversion_factor,6.25,6.25,measured_or_calculated
15-511,edible_proportion,1.00,1.0,measured_or_calculated
14-077,edible_proportion,1.00,1.0,measured_or_calculated
14-078,edible_proportion,0.90,0.9,measured_or_calculated
14-079,edible_proportion,1.00,1.0,measured_or_calculated
14-080,edible_proportion,0.92,0.92,measured_or_calculated
14-081,edible_proportion,1.00,1.0,measured_or_calculated
14-082,edible_proportion,0.91,0.91,measured_or_calculated
14-394,edible_proportion,1,1.0,measured_or_calculated
14-394,nitrogen_conversion_factor,6.25,6.25,measured_or_calculated
14-394,glycerol_conversion_factor,0.8,0.8,measured_or_calculated
14-399,edible_proportion,0.84,0.84,measured_or_calculated
14-399,nitrogen_conversion_factor,6.25,6.25,measured_or_calculated
14-399,glycerol_conversion_factor,0.8,0.8,measured_or_calculated
14-083,edible_proportion,1.00,1.0,measured_or_calculated
14-083,nitrogen_conversion_factor,6.25,6.25,measured_or_calculated
14-084,edible_proportion,0.86,0.86,measured_or_calculated
12-398,edible_proportion,1.00,1.0,measured_or_calculated
12-398,nitrogen_conversion_factor,6.38,6.38,measured_or_calculated
12-398,glycerol_conversion_factor,0.945,0.945,measured_or_calculated
19-576,edible_proportion,1.00,1.0,measured_or_calculated
13-826,edible_proportion,1.00,1.0,measured_or_calculated
13-825,edible_proportion,1.00,1.0,measured_or_calculated
13-824,edible_proportion,1.00,1.0,measured_or_calculated
17-299,edible_proportion,1.00,1.0,measured_or_calculated
17-677,edible_proportion,1.00,1.0,measured_or_calculated
17-677,nitrogen_conversion_factor,6.25,6.25,measured_or_calculated
19-526,edible_proportion,1.00,1.0,measured_or_calculated
19-539,edible_proportion,1.00,1.0,measured_or_calculated
19-539,glycerol_conversion_factor,0.920,0.92,measured_or_calculated
15-513,edible_proportion,1.00,1.0,measured_or_calculated
11-850,edible_proportion,1.00,1.0,measured_or_calculated
11-850,nitrogen_conversion_factor,5.70,5.7,measured_or_calculated
11-850,glycerol_conversion_factor,0.956,0.956,measured_or_calculated
11-849,edible_proportion,1.00,1.0,measured_or_calculated
11-849,nitrogen_conversion_factor,5.70,5.7,measured_or_calculated
11-849,glycerol_conversion_factor,0.956,0.956,measured_or_calculated
16-039,edible_proportion,N,,present_amount_unknown
17-715,edible_proportion,1.00,1.0,measured_or_calculated
17-715,nitrogen_conversion_factor,6.25,6.25,measured_or_calculated
17-715,glycerol_conversion_factor,0.960,0.96,measured_or_calculated
17-701,edible_proportion,1.00,1.0,measured_or_calculated
17-701,nitrogen_conversion_factor,6.25,6.25,measured_or_calculated
17-701,glycerol_conversion_factor,0.956,0.956,measured_or_calculated
17-716,edible_proportion,1.00,1.0,measured_or_calculated
17-716,nitrogen_conversion_factor,6.25,6.25,measured_or_calculated
17-787,edible_proportion,1.00,1.0,measured_or_calculated
17-788,edible_proportion,1.00,1.0,measured_or_calculated
17-717,edible_proportion,1.00,1.0,measured_or_calculated
17-717,nitrogen_conversion_factor,6.25,6.25,measured_or_calculated
17-717,glycerol_conversion_factor,0.960,0.96,measured_or_calculated
17-789,edible_proportion,1.00,1.0,measured_or_calculated
14-087,edible_proportion,1.00,1.0,measured_or_calculated
14-087,nitrogen_conversion_factor,6.25,6.25,measured_or_calculated
17-790,edible_proportion,1.00,1.0,measured_or_calculated
17-791,edible_proportion,1.00,1.0,measured_or_calculated
17-792,edible_proportion,1.00,1.0,measured_or_calculated
17-498,edible_proportion,1.00,1.0,measured_or_calculated
17-498,nitrogen_conversion_factor,6.25,6.25,measured_or_calculated
17-499,edible_proportion,1.00,1.0,measured_or_calculated
17-499,nitrogen_conversion_factor,6.25,6.25,measured_or_calculated
17-499,glycerol_conversion_factor,0.945,0.945,measured_or_calculated
17-487,edible_proportion,1.00,1.0,measured_or_calculated
17-487,nitrogen_conversion_factor,6.25,6.25,measured_or_calculated
17-487,glycerol_conversion_factor,0.953,0.953,measured_or_calculated
13-237,edible_proportion,1.00,1.0,measured_or_calculated
13-236,edible_proportion,0.61,0.61,measured_or_calculated
13-239,edible_proportion,1.00,1.0,measured_or_calculated
13-238,edible_proportion,0.63,0.63,measured_or_calculated
19-578,edible_proportion,1.00,1.0,measured_or_calculated
19-579,edible_proportion,1.00,1.0,measured_or_calculated
19-580,edible_proportion,1.00,1.0,measured_or_calculated
18-490,edible_proportion,1.00,1.0,measured_or_calculated
18-490,nitrogen_conversion_factor,6.25,6.25,measured_or_calculated
18-490,glycerol_conversion_factor,0.945,0.945,measured_or_calculated
18-489,edible_proportion,1.00,1.0,measured_or_calculated
18-489,nitrogen_conversion_factor,6.25,6.25,measured_or_calculated
18-489,glycerol_conversion_factor,0.945,0.945,measured_or_calculated
18-495,edible_proportion,0.28,0.28,measured_or_calculated
18-371,edible_proportion,1.00,1.0,measured_or_calculated
18-371,glycerol_conversion_factor,0.950,0.95,measured_or_calculated
18-372,edible_proportion,1.00,1.0,measured_or_calculated
18-372,glycerol_conversion_factor,0.950,0.95,measured_or_calculated
18-373,edible_proportion,0.21,0.21,measured_or_calculated
18-374,edible_proportion,1.00,1.0,measured_or_calculated
18-374,glycerol_conversion_factor,0.950,0.95,measured_or_calculated
11-962,edible_proportion,1.00,1.0,measured_or_calculated
14-088,edible_proportion,0.22,0.22,measured_or_calculated
11-838,edible_proportion,1.00,1.0,measured_or_calculated
11-838,nitrogen_conversion_factor,5.70,5.7,measured_or_calculated
11-838,glycerol_conversion_factor,0.956,0.956,measured_or_calculated
16-036,edible_proportion,1.00,1.0,measured_or_calculated
16-037,edible_proportion,0.52,0.52,measured_or_calculated
16-035,edible_proportion,N,,present_amount_unknown
16-173,edible_proportion,0.67,0.67,measured_or_calculated
12-950,edible_proportion,1.00,1.0,measured_or_calculated
17-793,edible_proportion,1.00,1.0,measured_or_calculated
12-945,edible_proportion,1.00,1.0,measured_or_calculated
12-941,edible_proportion,1.00,1.0,measured_or_calculated
12-941,nitrogen_conversion_factor,6.25,6.25,measured_or_calculated
12-941,glycerol_conversion_factor,0.830,0.83,measured_or_calculated
12-960,edible_proportion,1.00,1.0,measured_or_calculated
12-960,nitrogen_conversion_factor,6.25,6.25,measured_or_calculated
12-938,edible_proportion,1.00,1.0,measured_or_calculated
12-938,nitrogen_conversion_factor,6.25,6.25,measured_or_calculated
12-938,glycerol_conversion_factor,0.830,0.83,measured_or_calculated
12-940,edible_proportion,1.00,1.0,measured_or_calculated
12-940,nitrogen_conversion_factor,6.25,6.25,measured_or_calculated
12-940,glycerol_conversion_factor,0.830,0.83,measured_or_calculated
12-961,edible_proportion,1.00,1.0,measured_or_calculated
12-961,nitrogen_conversion_factor,6.25,6.25,measured_or_calculated
12-961,glycerol_conversion_factor,0.830,0.83,measured_or_calculated
12-944,edible_proportion,1.00,1.0,measured_or_calculated
12-944,nitrogen_conversion_factor,6.25,6.25,measured_or_calculated
12-944,glycerol_conversion_factor,0.830,0.83,measured_or_calculated
12-962,edible_proportion,1.00,1.0,measured_or_calculated
12-962,nitrogen_conversion_factor,6.25,6.25,measured_or_calculated
12-962,glycerol_conversion_factor,0.830,0.83,measured_or_calculated
12-943,edible_proportion,1.00,1.0,measured_or_calculated
12-943,nitrogen_conversion_factor,6.25,6.25,measured_or_calculated
12-943,glycerol_conversion_factor,0.830,0.83,measured_or_calculated
12-937,edible_proportion,1.00,1.0,measured_or_calculated
12-937,nitrogen_conversion_factor,6.25,6.25,measured_or_calculated
12-937,glycerol_conversion_factor,0.830,0.83,measured_or_calculated
12-963,edible_proportion,1.00,1.0,measured_or_calculated
12-963,nitrogen_conversion_factor,6.25,6.25,measured_or_calculated
12-963,glycerol_conversion_factor,0.830,0.83,measured_or_calculated
12-942,edible_proportion,1.00,1.0,measured_or_calculated
12-942,nitrogen_conversion_factor,6.25,6.25,measured_or_calculated
12-942,glycerol_conversion_factor,0.830,0.83,measured_or_calculated
12-939,edible_proportion,1.00,1.0,measured_or_calculated
12-939,nitrogen_conversion_factor,6.25,6.25,measured_or_calculated
12-939,glycerol_conversion_factor,0.830,0.83,measured_or_calculated
12-814,edible_proportion,1,1.0,measured_or_calculated
12-920,edible_proportion,1.00,1.0,measured_or_calculated
12-920,nitrogen_conversion_factor,6.25,6.25,measured_or_calculated
12-920,glycerol_conversion_factor,0.830,0.83,measured_or_calculated
12-815,edible_proportion,1.00,1.0,measured_or_calculated
12-816,edible_proportion,1,1.0,measured_or_calculated
14-089,edible_proportion,1.00,1.0,measured_or_calculated
19-586,edible_proportion,1.00,1.0,measured_or_calculated
13-240,edible_proportion,0.63,0.63,measured_or_calculated
17-672,edible_proportion,1.00,1.0,measured_or_calculated
17-672,nitrogen_conversion_factor,6.25,6.25,measured_or_calculated
19-131,edible_proportion,1.00,1.0,measured_or_calculated
19-131,glycerol_conversion_factor,0.950,0.95,measured_or_calculated
19-464,edible_proportion,1.00,1.0,measured_or_calculated
19-464,nitrogen_conversion_factor,6.25,6.25,measured_or_calculated
19-464,glycerol_conversion_factor,0.956,0.956,measured_or_calculated
15-795,edible_proportion,1.00,1.0,measured_or_calculated
12-497,edible_proportion,1.00,1.0,measured_or_calculated
12-497,nitrogen_conversion_factor,6.25,6.25,measured_or_calculated
12-497,glycerol_conversion_factor,0.956,0.956,measured_or_calculated
12-498,edible_proportion,1.00,1.0,measured_or_calculated
12-498,nitrogen_conversion_factor,6.25,6.25,measured_or_calculated
12-498,glycerol_conversion_factor,0.956,0.956,measured_or_calculated
12-499,edible_proportion,1.00,1.0,measured_or_calculated
12-499,nitrogen_conversion_factor,6.25,6.25,measured_or_calculated
12-499,glycerol_conversion_factor,0.956,0.956,measured_or_calculated
12-504,edible_proportion,1.00,1.0,measured_or_calculated
12-504,nitrogen_conversion_factor,6.25,6.25,measured_or_calculated
12-504,glycerol_conversion_factor,0.956,0.956,measured_or_calculated
12-505,edible_proportion,1.00,1.0,measured_or_calculated
12-505,nitrogen_conversion_factor,6.25,6.25,measured_or_calculated
12-505,glycerol_conversion_factor,0.956,0.956,measured_or_calculated
12-503,edible_proportion,1.00,1.0,measured_or_calculated
12-503,nitrogen_conversion_factor,6.25,6.25,measured_or_calculated
12-503,glycerol_conversion_factor,0.956,0.956,measured_or_calculated
12-506,edible_proportion,1.00,1.0,measured_or_calculated
12-506,nitrogen_conversion_factor,6.25,6.25,measured_or_calculated
12-506,glycerol_conversion_factor,0.956,0.956,measured_or_calculated
17-710,edible_proportion,1.00,1.0,measured_or_calculated
17-710,nitrogen_conversion_factor,6.25,6.25,measured_or_calculated
17-710,glycerol_conversion_factor,0.956,0.956,measured_or_calculated
14-090,edible_proportion,0.51,0.51,measured_or_calculated
13-827,edible_proportion,1.00,1.0,measured_or_calculated
13-542,edible_proportion,1.00,1.0,measured_or_calculated
13-542,nitrogen_conversion_factor,6.25,6.25,measured_or_calculated
13-241,edible_proportion,0.80,0.8,measured_or_calculated
13-241,nitrogen_conversion_factor,6.25,6.25,measured_or_calculated
13-243,edible_proportion,0.44,0.44,measured_or_calculated
13-828,edible_proportion,1.00,1.0,measured_or_calculated
11-805,edible_proportion,1.00,1.0,measured_or_calculated
11-805,nitrogen_conversion_factor,5.70,5.7,measured_or_calculated
11-805,glycerol_conversion_factor,0.956,0.956,measured_or_calculated
14-093,edible_proportion,1.00,1.0,measured_or_calculated
14-094,edible_proportion,1.00,1.0,measured_or_calculated
14-395,edible_proportion,0.99,0.99,measured_or_calculated
14-395,nitrogen_conversion_factor,6.25,6.25,measured_or_calculated
14-395,glycerol_conversion_factor,0.8,0.8,measured_or_calculated
14-092,edible_proportion,1.00,1.0,measured_or_calculated
14-091,edible_proportion,0.98,0.98,measured_or_calculated
16-279,edible_proportion,1.00,1.0,measured_or_calculated
16-444,edible_proportion,1.00,1.0,measured_or_calculated
16-444,nitrogen_conversion_factor,6.25,6.25,measured_or_calculated
16-445,edible_proportion,1.00,1.0,measured_or_calculated
16-445,nitrogen_conversion_factor,6.25,6.25,measured_or_calculated
16-405,edible_proportion,1.00,1.0,measured_or_calculated
16-405,nitrogen_conversion_factor,6.25,6.25,measured_or_calculated
16-405,glycerol_conversion_factor,0.956,0.956,measured_or_calculated
16-371,edible_proportion,1.00,1.0,measured_or_calculated
16-371,nitrogen_conversion_factor,6.25,6.25,measured_or_calculated
16-371,glycerol_conversion_factor,0.956,0.956,measured_or_calculated
16-406,edible_proportion,1.00,1.0,measured_or_calculated
16-406,nitrogen_conversion_factor,6.25,6.25,measured_or_calculated
16-406,glycerol_conversion_factor,0.956,0.956,measured_or_calculated
16-450,edible_proportion,1.00,1.0,measured_or_calculated
16-450,nitrogen_conversion_factor,6.25,6.25,measured_or_calculated
16-450,glycerol_conversion_factor,0.956,0.956,measured_or_calculated
16-458,edible_proportion,1.00,1.0,measured_or_calculated
16-408,edible_proportion,1.00,1.0,measured_or_calculated
16-408,nitrogen_conversion_factor,6.25,6.25,measured_or_calculated
16-408,glycerol_conversion_factor,0.956,0.956,measured_or_calculated
16-459,edible_proportion,1.00,1.0,measured_or_calculated
16-407,edible_proportion,1.00,1.0,measured_or_calculated
16-407,nitrogen_conversion_factor,6.25,6.25,measured_or_calculated
16-407,glycerol_conversion_factor,0.956,0.956,measured_or_calculated
11-1066,edible_proportion,1.00,1.0,measured_or_calculated
11-1067,edible_proportion,1.00,1.0,measured_or_calculated
15-796,edible_proportion,1.00,1.0,measured_or_calculated
15-797,edible_proportion,1.00,1.0,measured_or_calculated
15-798,edible_proportion,1.00,1.0,measured_or_calculated
15-799,edible_proportion,1.00,1.0,measured_or_calculated
15-800,edible_proportion,1.00,1.0,measured_or_calculated
15-801,edible_proportion,1.00,1.0,measured_or_calculated
11-1069,edible_proportion,1.00,1.0,measured_or_calculated
15-802,edible_proportion,1.00,1.0,measured_or_calculated
15-803,edible_proportion,1.00,1.0,measured_or_calculated
11-1070,edible_proportion,1.00,1.0,measured_or_calculated
15-804,edible_proportion,1.00,1.0,measured_or_calculated
15-805,edible_proportion,1.00,1.0,measured_or_calculated
11-1071,edible_proportion,1.00,1.0,measured_or_calculated
11-814,edible_proportion,1.00,1.0,measured_or_calculated
11-814,nitrogen_conversion_factor,5.83,5.83,measured_or_calculated
11-814,glycerol_conversion_factor,0.956,0.956,measured_or_calculated
11-1128,edible_proportion,1.00,1.0,measured_or_calculated
16-041,edible_proportion,1.00,1.0,measured_or_calculated
16-042,edible_proportion,0.56,0.56,measured_or_calculated
16-040,edible_proportion,N,,present_amount_unknown
11-895,edible_proportion,1.00,1.0,measured_or_calculated
11-895,nitrogen_conversion_factor,5.70,5.7,measured_or_calculated
11-895,glycerol_conversion_factor,0.670,0.67,measured_or_calculated
11-894,edible_proportion,1.00,1.0,measured_or_calculated
11-894,nitrogen_conversion_factor,5.70,5.7,measured_or_calculated
11-894,glycerol_conversion_factor,0.670,0.67,measured_or_calculated
11-1045,edible_proportion,1.00,1.0,measured_or_calculated
11-1045,nitrogen_conversion_factor,6.25,6.25,measured_or_calculated
11-1045,glycerol_conversion_factor,0.670,0.67,measured_or_calculated
11-899,edible_proportion,1.00,1.0,measured_or_calculated
11-899,nitrogen_conversion_factor,6.25,6.25,measured_or_calculated
11-899,glycerol_conversion_factor,0.800,0.8,measured_or_calculated
11-896,edible_proportion,1.00,1.0,measured_or_calculated
11-896,nitrogen_conversion_factor,6.25,6.25,measured_or_calculated
11-896,glycerol_conversion_factor,0.800,0.8,measured_or_calculated
11-016,edible_proportion,1.00,1.0,measured_or_calculated
11-016,nitrogen_conversion_factor,5.83,5.83,measured_or_calculated
11-021,edible_proportion,1.00,1.0,measured_or_calculated
11-021,nitrogen_conversion_factor,5.95,5.95,measured_or_calculated
11-897,edible_proportion,1.00,1.0,measured_or_calculated
11-897,nitrogen_conversion_factor,5.83,5.83,measured_or_calculated
11-897,glycerol_conversion_factor,0.670,0.67,measured_or_calculated
11-898,edible_proportion,1.00,1.0,measured_or_calculated
11-898,nitrogen_conversion_factor,5.70,5.7,measured_or_calculated
11-898,glycerol_conversion_factor,0.800,0.8,measured_or_calculated
11-887,edible_proportion,1.00,1.0,measured_or_calculated
11-887,nitrogen_conversion_factor,5.70,5.7,measured_or_calculated
11-887,glycerol_conversion_factor,0.670,0.67,measured_or_calculated
11-892,edible_proportion,1.00,1.0,measured_or_calculated
11-892,nitrogen_conversion_factor,5.70,5.7,measured_or_calculated
11-892,glycerol_conversion_factor,0.670,0.67,measured_or_calculated
11-893,edible_proportion,1.00,1.0,measured_or_calculated
11-893,nitrogen_conversion_factor,5.70,5.7,measured_or_calculated
11-886,edible_proportion,1.00,1.0,measured_or_calculated
11-886,nitrogen_conversion_factor,5.70,5.7,measured_or_calculated
11-886,glycerol_conversion_factor,0.670,0.67,measured_or_calculated
11-888,edible_proportion,1.00,1.0,measured_or_calculated
11-888,nitrogen_conversion_factor,5.70,5.7,measured_or_calculated
11-889,edible_proportion,1.00,1.0,measured_or_calculated
11-889,nitrogen_conversion_factor,5.83,5.83,measured_or_calculated
11-889,glycerol_conversion_factor,0.670,0.67,measured_or_calculated
11-890,edible_proportion,1.00,1.0,measured_or_calculated
11-890,nitrogen_conversion_factor,5.83,5.83,measured_or_calculated
11-891,edible_proportion,1.00,1.0,measured_or_calculated
11-891,nitrogen_conversion_factor,5.83,5.83,measured_or_calculated
16-043,edible_proportion,0.60,0.6,measured_or_calculated
19-495,edible_proportion,1.00,1.0,measured_or_calculated
19-495,nitrogen_conversion_factor,6.25,6.25,measured_or_calculated
19-495,glycerol_conversion_factor,0.930,0.93,measured_or_calculated
19-581,edible_proportion,1.00,1.0,measured_or_calculated
19-582,edible_proportion,1.00,1.0,measured_or_calculated
12-534,edible_proportion,1.00,1.0,measured_or_calculated
12-534,nitrogen_conversion_factor,6.38,6.38,measured_or_calculated
12-534,glycerol_conversion_factor,0.945,0.945,measured_or_calculated
12-372,edible_proportion,1.00,1.0,measured_or_calculated
12-372,specific_gravity,1.04,1.04,measured_or_calculated
12-372,nitrogen_conversion_factor,6.38,6.38,measured_or_calculated
12-372,glycerol_conversion_factor,0.945,0.945,measured_or_calculated
12-528,edible_proportion,1.00,1.0,measured_or_calculated
12-528,specific_gravity,1.03,1.03,measured_or_calculated
12-528,nitrogen_conversion_factor,6.38,6.38,measured_or_calculated
12-528,glycerol_conversion_factor,0.945,0.945,measured_or_calculated
14-336,edible_proportion,1.00,1.0,measured_or_calculated
14-336,nitrogen_conversion_factor,6.25,6.25,measured_or_calculated
14-097,edible_proportion,1.00,1.0,measured_or_calculated
14-097,nitrogen_conversion_factor,6.25,6.25,measured_or_calculated
12-232,edible_proportion,1.00,1.0,measured_or_calculated
17-107,edible_proportion,1.00,1.0,measured_or_calculated
17-107,nitrogen_conversion_factor,6.25,6.25,measured_or_calculated
17-673,edible_proportion,1.00,1.0,measured_or_calculated
17-673,nitrogen_conversion_factor,6.25,6.25,measured_or_calculated
17-735,edible_proportion,1.00,1.0,measured_or_calculated
17-735,nitrogen_conversion_factor,6.25,6.25,measured_or_calculated
17-742,edible_proportion,1.00,1.0,measured_or_calculated
17-742,nitrogen_conversion_factor,6.25,6.25,measured_or_calculated
17-847,edible_proportion,1.00,1.0,measured_or_calculated
17-847,nitrogen_conversion_factor,6.25,6.25,measured_or_calculated
17-846,edible_proportion,1.00,1.0,measured_or_calculated
17-846,nitrogen_conversion_factor,6.25,6.25,measured_or_calculated
17-739,edible_proportion,1.00,1.0,measured_or_calculated
17-739,nitrogen_conversion_factor,6.25,6.25,measured_or_calculated
17-741,edible_proportion,1.00,1.0,measured_or_calculated
17-741,nitrogen_conversion_factor,6.25,6.25,measured_or_calculated
17-738,edible_proportion,1.00,1.0,measured_or_calculated
17-738,nitrogen_conversion_factor,6.25,6.25,measured_or_calculated
17-746,edible_proportion,1.00,1.0,measured_or_calculated
17-746,nitrogen_conversion_factor,6.25,6.25,measured_or_calculated
17-824,edible_proportion,1.00,1.0,measured_or_calculated
17-824,nitrogen_conversion_factor,6.25,6.25,measured_or_calculated
14-333,edible_proportion,1.00,1.0,measured_or_calculated
17-683,edible_proportion,1.00,1.0,measured_or_calculated
15-806,edible_proportion,1.00,1.0,measured_or_calculated
15-807,edible_proportion,1.00,1.0,measured_or_calculated
11-913,edible_proportion,1.00,1.0,measured_or_calculated
11-913,nitrogen_conversion_factor,6.25,6.25,measured_or_calculated
13-829,edible_proportion,1.00,1.0,measured_or_calculated
13-829,nitrogen_conversion_factor,6.25,6.25,measured_or_calculated
15-642,edible_proportion,1.00,1.0,measured_or_calculated
13-830,edible_proportion,1.00,1.0,measured_or_calculated
13-244,edible_proportion,0.79,0.79,measured_or_calculated
13-244,nitrogen_conversion_factor,6.25,6.25,measured_or_calculated
11-526,edible_proportion,1.00,1.0,measured_or_calculated
11-526,nitrogen_conversion_factor,6.25,6.25,measured_or_calculated
11-526,glycerol_conversion_factor,0.830,0.83,measured_or_calculated
11-530,edible_proportion,1.00,1.0,measured_or_calculated
11-530,nitrogen_conversion_factor,5.70,5.7,measured_or_calculated
11-530,glycerol_conversion_factor,0.830,0.83,measured_or_calculated
17-360,edible_proportion,1.00,1.0,measured_or_calculated
12-502,edible_proportion,1.00,1.0,measured_or_calculated
12-502,nitrogen_conversion_factor,6.25,6.25,measured_or_calculated
12-502,glycerol_conversion_factor,0.956,0.956,measured_or_calculated
17-640,edible_proportion,1.00,1.0,measured_or_calculated
17-640,nitrogen_conversion_factor,6.25,6.25,measured_or_calculated
13-246,edible_proportion,0.67,0.67,measured_or_calculated
13-246,nitrogen_conversion_factor,6.25,6.25,measured_or_calculated
13-245,edible_proportion,0.95,0.95,measured_or_calculated
18-394,edible_proportion,0.69,0.69,measured_or_calculated
18-393,edible_proportion,0.69,0.69,measured_or_calculated
18-395,edible_proportion,0.48,0.48,measured_or_calculated
13-890,edible_proportion,0.93,0.93,measured_or_calculated
13-890,nitrogen_conversion_factor,6.25,6.25,measured_or_calculated
13-832,edible_proportion,1.00,1.0,measured_or_calculated
13-832,nitrogen_conversion_factor,6.25,6.25,measured_or_calculated
13-832,glycerol_conversion_factor,0.800,0.8,measured_or_calculated
11-1079,edible_proportion,1.00,1.0,measured_or_calculated
17-049,edible_proportion,1.00,1.0,measured_or_calculated
18-375,edible_proportion,1.00,1.0,measured_or_calculated
18-376,edible_proportion,1.00,1.0,measured_or_calculated
14-100,edible_proportion,0.91,0.91,measured_or_calculated
14-101,edible_proportion,1.00,1.0,measured_or_calculated
14-102,edible_proportion,1.00,1.0,measured_or_calculated
14-103,edible_proportion,0.93,0.93,measured_or_calculated
19-583,edible_proportion,1.00,1.0,measured_or_calculated
13-248,edible_proportion,0.72,0.72,measured_or_calculated
13-249,edible_proportion,0.85,0.85,measured_or_calculated
13-250,edible_proportion,0.74,0.74,measured_or_calculated
13-252,edible_proportion,0.93,0.93,measured_or_calculated
13-254,edible_proportion,0.62,0.62,measured_or_calculated
13-255,edible_proportion,0.94,0.94,measured_or_calculated
13-256,edible_proportion,0.99,0.99,measured_or_calculated
17-745,edible_proportion,1.00,1.0,measured_or_calculated
17-745,nitrogen_conversion_factor,6.25,6.25,measured_or_calculated
14-275,edible_proportion,1.00,1.0,measured_or_calculated
14-107,edible_proportion,1.00,1.0,measured_or_calculated
14-384,edible_proportion,1,1.0,measured_or_calculated
14-384,nitrogen_conversion_factor,6.25,6.25,measured_or_calculated
14-384,glycerol_conversion_factor,0.8,0.8,measured_or_calculated
14-385,edible_proportion,0.71,0.71,measured_or_calculated
14-385,nitrogen_conversion_factor,6.25,6.25,measured_or_calculated
14-385,glycerol_conversion_factor,0.8,0.8,measured_or_calculated
14-350,edible_proportion,1.00,1.0,measured_or_calculated
14-350,nitrogen_conversion_factor,6.25,6.25,measured_or_calculated
14-350,glycerol_conversion_factor,0.800,0.8,measured_or_calculated
14-351,edible_proportion,0.98,0.98,measured_or_calculated
14-351,nitrogen_conversion_factor,6.25,6.25,measured_or_calculated
14-351,glycerol_conversion_factor,0.800,0.8,measured_or_calculated
14-322,edible_proportion,1.00,1.0,measured_or_calculated
14-322,nitrogen_conversion_factor,6.25,6.25,measured_or_calculated
14-323,edible_proportion,1.00,1.0,measured_or_calculated
14-323,nitrogen_conversion_factor,6.25,6.25,measured_or_calculated
17-724,edible_proportion,1.00,1.0,measured_or_calculated
17-724,nitrogen_conversion_factor,6.25,6.25,measured_or_calculated
17-725,edible_proportion,1.00,1.0,measured_or_calculated
17-725,nitrogen_conversion_factor,0.45,0.45,measured_or_calculated
13-608,edible_proportion,1.00,1.0,measured_or_calculated
13-608,nitrogen_conversion_factor,6.25,6.25,measured_or_calculated
13-608,glycerol_conversion_factor,0.800,0.8,measured_or_calculated
14-111,edible_proportion,1.00,1.0,measured_or_calculated
14-112,edible_proportion,0.95,0.95,measured_or_calculated
14-113,edible_proportion,1.00,1.0,measured_or_calculated
14-114,edible_proportion,0.96,0.96,measured_or_calculated
14-116,edible_proportion,0.95,0.95,measured_or_calculated
14-115,edible_proportion,1.00,1.0,measured_or_calculated
14-117,edible_proportion,0.51,0.51,measured_or_calculated
18-377,edible_proportion,1.00,1.0,measured_or_calculated
18-378,edible_proportion,0.46,0.46,measured_or_calculated
17-797,edible_proportion,1.00,1.0,measured_or_calculated
14-118,edible_proportion,1.00,1.0,measured_or_calculated
14-119,edible_proportion,0.90,0.9,measured_or_calculated
11-1081,edible_proportion,1.00,1.0,measured_or_calculated
11-1083,edible_proportion,1.00,1.0,measured_or_calculated
16-063,edible_proportion,1.00,1.0,measured_or_calculated
16-063,nitrogen_conversion_factor,6.25,6.25,measured_or_calculated
16-064,edible_proportion,0.80,0.8,measured_or_calculated
16-064,nitrogen_conversion_factor,6.25,6.25,measured_or_calculated
16-062,edible_proportion,0.81,0.81,measured_or_calculated
16-062,nitrogen_conversion_factor,6.25,6.25,measured_or_calculated
16-057,edible_proportion,0.87,0.87,measured_or_calculated
16-057,nitrogen_conversion_factor,6.25,6.25,measured_or_calculated
16-058,edible_proportion,1.00,1.0,measured_or_calculated
16-058,nitrogen_conversion_factor,6.25,6.25,measured_or_calculated
16-059,edible_proportion,0.87,0.87,measured_or_calculated
16-059,nitrogen_conversion_factor,6.25,6.25,measured_or_calculated
16-060,edible_proportion,1.00,1.0,measured_or_calculated
16-060,nitrogen_conversion_factor,6.25,6.25,measured_or_calculated
16-061,edible_proportion,0.87,0.87,measured_or_calculated
16-061,nitrogen_conversion_factor,6.25,6.25,measured_or_calculated
16-376,edible_proportion,0.88,0.88,measured_or_calculated
16-376,nitrogen_conversion_factor,6.25,6.25,measured_or_calculated
16-376,glycerol_conversion_factor,0.700,0.7,measured_or_calculated
16-471,edible_proportion,0.88,0.88,measured_or_calculated
16-471,nitrogen_conversion_factor,6.25,6.25,measured_or_calculated
16-471,glycerol_conversion_factor,0.700,0.7,measured_or_calculated
16-473,edible_proportion,0.88,0.88,measured_or_calculated
16-473,nitrogen_conversion_factor,6.25,6.25,measured_or_calculated
16-473,glycerol_conversion_factor,0.700,0.7,measured_or_calculated
16-474,edible_proportion,0.87,0.87,measured_or_calculated
16-474,nitrogen_conversion_factor,6.25,6.25,measured_or_calculated
16-474,glycerol_conversion_factor,0.700,0.7,measured_or_calculated
16-375,edible_proportion,0.88,0.88,measured_or_calculated
16-375,nitrogen_conversion_factor,6.25,6.25,measured_or_calculated
16-375,glycerol_conversion_factor,0.700,0.7,measured_or_calculated
16-402,edible_proportion,1.00,1.0,measured_or_calculated
16-402,nitrogen_conversion_factor,6.25,6.25,measured_or_calculated
16-402,glycerol_conversion_factor,0.700,0.7,measured_or_calculated
16-475,edible_proportion,0.88,0.88,measured_or_calculated
16-475,nitrogen_conversion_factor,6.25,6.25,measured_or_calculated
16-475,glycerol_conversion_factor,0.700,0.7,measured_or_calculated
16-492,edible_proportion,0.89,0.89,measured_or_calculated
16-492,nitrogen_conversion_factor,6.25,6.25,measured_or_calculated
16-493,edible_proportion,1.00,1.0,measured_or_calculated
16-493,nitrogen_conversion_factor,6.25,6.25,measured_or_calculated
16-494,edible_proportion,0.89,0.89,measured_or_calculated
16-494,nitrogen_conversion_factor,6.25,6.25,measured_or_calculated
16-377,edible_proportion,0.87,0.87,measured_or_calculated
16-377,nitrogen_conversion_factor,6.25,6.25,measured_or_calculated
16-377,glycerol_conversion_factor,0.700,0.7,measured_or_calculated
16-472,edible_proportion,0.87,0.87,measured_or_calculated
16-472,nitrogen_conversion_factor,6.25,6.25,measured_or_calculated
16-472,glycerol_conversion_factor,0.700,0.7,measured_or_calculated
16-052,edible_proportion,1.00,1.0,measured_or_calculated
16-053,edible_proportion,1.00,1.0,measured_or_calculated
16-495,edible_proportion,1.00,1.0,measured_or_calculated
16-495,nitrogen_conversion_factor,6.25,6.25,measured_or_calculated
16-055,edible_proportion,1.00,1.0,measured_or_calculated
19-132,edible_proportion,1.00,1.0,measured_or_calculated
19-132,nitrogen_conversion_factor,6.25,6.25,measured_or_calculated
16-071,edible_proportion,1.00,1.0,measured_or_calculated
16-072,edible_proportion,0.65,0.65,measured_or_calculated
16-070,edible_proportion,N,,present_amount_unknown
16-074,edible_proportion,1.00,1.0,measured_or_calculated
16-076,edible_proportion,1.00,1.0,measured_or_calculated
16-077,edible_proportion,1.00,1.0,measured_or_calculated
16-073,edible_proportion,N,,present_amount_unknown
16-075,edible_proportion,0.78,0.78,measured_or_calculated
17-798,edible_proportion,1.00,1.0,measured_or_calculated
17-799,edible_proportion,1.00,1.0,measured_or_calculated
19-496,edible_proportion,1.00,1.0,measured_or_calculated
19-496,nitrogen_conversion_factor,6.25,6.25,measured_or_calculated
19-496,glycerol_conversion_factor,0.910,0.91,measured_or_calculated
19-021,edible_proportion,1.00,1.0,measured_or_calculated
19-020,edible_proportion,0.92,0.92,measured_or_calculated
19-020,glycerol_conversion_factor,0.930,0.93,measured_or_calculated
19-505,edible_proportion,1.00,1.0,measured_or_calculated
19-505,nitrogen_conversion_factor,6.25,6.25,measured_or_calculated
19-505,glycerol_conversion_factor,0.930,0.93,measured_or_calculated
18-379,edible_proportion,1.00,1.0,measured_or_calculated
18-380,edible_proportion,0.73,0.73,measured_or_calculated
14-874,edible_proportion,1.00,1.0,measured_or_calculated
14-874,nitrogen_conversion_factor,5.30,5.3,measured_or_calculated
14-874,glycerol_conversion_factor,0.956,0.956,measured_or_calculated
14-885,edible_proportion,0.38,0.38,measured_or_calculated
14-885,nitrogen_conversion_factor,5.30,5.3,measured_or_calculated
18-396,edible_proportion,0.73,0.73,measured_or_calculated
18-396,glycerol_conversion_factor,0.790,0.79,measured_or_calculated
18-492,edible_proportion,1.00,1.0,measured_or_calculated
18-492,nitrogen_conversion_factor,6.25,6.25,measured_or_calculated
18-492,glycerol_conversion_factor,0.789,0.789,measured_or_calculated
18-398,edible_proportion,0.79,0.79,measured_or_calculated
18-399,edible_proportion,1.00,1.0,measured_or_calculated
18-400,edible_proportion,0.83,0.83,measured_or_calculated
18-400,glycerol_conversion_factor,0.790,0.79,measured_or_calculated
18-401,edible_proportion,1.00,1.0,measured_or_calculated
16-176,edible_proportion,1.00,1.0,measured_or_calculated
16-177,edible_proportion,0.68,0.68,measured_or_calculated
16-175,edible_proportion,0.50,0.5,measured_or_calculated
16-175,glycerol_conversion_factor,0.900,0.9,measured_or_calculated
16-183,edible_proportion,0.57,0.57,measured_or_calculated
17-848,edible_proportion,1.00,1.0,measured_or_calculated
17-848,nitrogen_conversion_factor,6.25,6.25,measured_or_calculated
17-674,edible_proportion,1.00,1.0,measured_or_calculated
17-674,nitrogen_conversion_factor,6.25,6.25,measured_or_calculated
17-740,edible_proportion,1.00,1.0,measured_or_calculated
17-740,nitrogen_conversion_factor,6.25,6.25,measured_or_calculated
16-184,edible_proportion,N,,present_amount_unknown
16-079,edible_proportion,1.00,1.0,measured_or_calculated
16-078,edible_proportion,N,,present_amount_unknown
17-800,edible_proportion,1.00,1.0,measured_or_calculated
17-050,edible_proportion,1.00,1.0,measured_or_calculated
17-050,nitrogen_conversion_factor,6.25,6.25,measured_or_calculated
17-051,edible_proportion,1.00,1.0,measured_or_calculated
17-801,edible_proportion,1.00,1.0,measured_or_calculated
17-802,edible_proportion,1.00,1.0,measured_or_calculated
17-803,edible_proportion,1.00,1.0,measured_or_calculated
17-731,edible_proportion,1.00,1.0,measured_or_calculated
17-731,nitrogen_conversion_factor,6.25,6.25,measured_or_calculated
17-731,glycerol_conversion_factor,0.956,0.956,measured_or_calculated
17-314,edible_proportion,1.00,1.0,measured_or_calculated
17-314,glycerol_conversion_factor,0.960,0.96,measured_or_calculated
13-258,edible_proportion,0.45,0.45,measured_or_calculated
11-1084,edible_proportion,1.00,1.0,measured_or_calculated
19-522,edible_proportion,1.00,1.0,measured_or_calculated
19-522,glycerol_conversion_factor,0.930,0.93,measured_or_calculated
13-556,edible_proportion,1.00,1.0,measured_or_calculated
13-556,nitrogen_conversion_factor,6.25,6.25,measured_or_calculated
13-556,glycerol_conversion_factor,0.800,0.8,measured_or_calculated
12-510,edible_proportion,1.00,1.0,measured_or_calculated
12-510,nitrogen_conversion_factor,6.38,6.38,measured_or_calculated
12-510,glycerol_conversion_factor,0.956,0.956,measured_or_calculated
12-384,edible_proportion,1.00,1.0,measured_or_calculated
12-384,specific_gravity,0.64,0.64,measured_or_calculated
12-384,nitrogen_conversion_factor,6.38,6.38,measured_or_calculated
12-384,glycerol_conversion_factor,0.956,0.956,measured_or_calculated
12-385,edible_proportion,1.00,1.0,measured_or_calculated
12-385,specific_gravity,0.57,0.57,measured_or_calculated
12-385,nitrogen_conversion_factor,6.25,6.25,measured_or_calculated
12-385,glycerol_conversion_factor,0.956,0.956,measured_or_calculated
17-689,edible_proportion,1.00,1.0,measured_or_calculated
17-689,nitrogen_conversion_factor,6.25,6.25,measured_or_calculated
12-581,edible_proportion,1.00,1.0,measured_or_calculated
12-582,edible_proportion,1.00,1.0,measured_or_calculated
12-511,edible_proportion,1.00,1.0,measured_or_calculated
12-511,nitrogen_conversion_factor,6.38,6.38,measured_or_calculated
12-511,glycerol_conversion_factor,0.945,0.945,measured_or_calculated
12-508,edible_proportion,1.00,1.0,measured_or_calculated
12-508,nitrogen_conversion_factor,6.38,6.38,measured_or_calculated
12-508,glycerol_conversion_factor,0.945,0.945,measured_or_calculated
12-509,edible_proportion,1.00,1.0,measured_or_calculated
12-509,nitrogen_conversion_factor,6.38,6.38,measured_or_calculated
12-509,glycerol_conversion_factor,0.956,0.956,measured_or_calculated
12-482,edible_proportion,1.00,1.0,measured_or_calculated
12-482,specific_gravity,0.73,0.73,measured_or_calculated
12-482,nitrogen_conversion_factor,6.38,6.38,measured_or_calculated
12-482,glycerol_conversion_factor,0.945,0.945,measured_or_calculated
11-828,edible_proportion,1.00,1.0,measured_or_calculated
11-828,nitrogen_conversion_factor,5.70,5.7,measured_or_calculated
11-828,glycerol_conversion_factor,0.956,0.956,measured_or_calculated
17-783,edible_proportion,1.00,1.0,measured_or_calculated
17-804,edible_proportion,1.00,1.0,measured_or_calculated
17-583,edible_proportion,1.00,1.0,measured_or_calculated
17-805,edible_proportion,1.00,1.0,measured_or_calculated
12-583,edible_proportion,1.00,1.0,measured_or_calculated
12-584,edible_proportion,1.00,1.0,measured_or_calculated
17-732,edible_proportion,1.00,1.0,measured_or_calculated
17-732,nitrogen_conversion_factor,6.25,6.25,measured_or_calculated
17-732,glycerol_conversion_factor,0.956,0.956,measured_or_calculated
17-825,edible_proportion,1.00,1.0,measured_or_calculated
17-825,nitrogen_conversion_factor,6.25,6.25,measured_or_calculated
16-185,edible_proportion,0.56,0.56,measured_or_calculated
13-259,edible_proportion,0.29,0.29,measured_or_calculated
11-739,edible_proportion,1.00,1.0,measured_or_calculated
11-739,nitrogen_conversion_factor,5.70,5.7,measured_or_calculated
11-739,glycerol_conversion_factor,0.956,0.956,measured_or_calculated
11-846,edible_proportion,1.00,1.0,measured_or_calculated
11-846,nitrogen_conversion_factor,5.70,5.7,measured_or_calculated
11-846,glycerol_conversion_factor,0.956,0.956,measured_or_calculated
17-073,edible_proportion,1.00,1.0,measured_or_calculated
17-073,nitrogen_conversion_factor,6.25,6.25,measured_or_calculated
17-075,edible_proportion,1.00,1.0,measured_or_calculated
17-075,nitrogen_conversion_factor,6.25,6.25,measured_or_calculated
17-688,edible_proportion,1.00,1.0,measured_or_calculated
17-688,nitrogen_conversion_factor,6.25,6.25,measured_or_calculated
14-121,edible_proportion,0.83,0.83,measured_or_calculated
11-1088,edible_proportion,1.00,1.0,measured_or_calculated
12-240,edible_proportion,1,1.0,measured_or_calculated
12-237,edible_proportion,1.00,1.0,measured_or_calculated
12-237,nitrogen_conversion_factor,6.25,6.25,measured_or_calculated
12-516,edible_proportion,1.00,1.0,measured_or_calculated
12-516,nitrogen_conversion_factor,6.25,6.25,measured_or_calculated
12-516,glycerol_conversion_factor,0.956,0.956,measured_or_calculated
16-080,edible_proportion,N,,present_amount_unknown
14-122,edible_proportion,0.92,0.92,measured_or_calculated
16-081,edible_proportion,N,,present_amount_unknown
16-186,edible_proportion,N,,present_amount_unknown
19-615,edible_proportion,1.00,1.0,measured_or_calculated
16-447,edible_proportion,1.00,1.0,measured_or_calculated
15-809,edible_proportion,1.00,1.0,measured_or_calculated
15-810,edible_proportion,1.00,1.0,measured_or_calculated
19-587,edible_proportion,1.00,1.0,measured_or_calculated
19-480,edible_proportion,1.00,1.0,measured_or_calculated
19-593,edible_proportion,1.00,1.0,measured_or_calculated
15-528,edible_proportion,1.00,1.0,measured_or_calculated
15-529,edible_proportion,1.00,1.0,measured_or_calculated
18-493,edible_proportion,1.00,1.0,measured_or_calculated
18-493,nitrogen_conversion_factor,6.25,6.25,measured_or_calculated
18-493,glycerol_conversion_factor,0.747,0.747,measured_or_calculated
18-402,edible_proportion,0.86,0.86,measured_or_calculated
18-404,edible_proportion,0.88,0.88,measured_or_calculated
18-405,edible_proportion,1.00,1.0,measured_or_calculated
18-407,edible_proportion,1.00,1.0,measured_or_calculated
18-406,edible_proportion,0.90,0.9,measured_or_calculated
18-406,glycerol_conversion_factor,0.750,0.75,measured_or_calculated
18-408,edible_proportion,1.00,1.0,measured_or_calculated
16-398,edible_proportion,0.88,0.88,measured_or_calculated
16-398,nitrogen_conversion_factor,6.25,6.25,measured_or_calculated
16-398,glycerol_conversion_factor,0.900,0.9,measured_or_calculated
16-397,edible_proportion,0.77,0.77,measured_or_calculated
16-397,nitrogen_conversion_factor,6.25,6.25,measured_or_calculated
16-397,glycerol_conversion_factor,0.900,0.9,measured_or_calculated
16-476,edible_proportion,0.89,0.89,measured_or_calculated
16-476,nitrogen_conversion_factor,6.25,6.25,measured_or_calculated
16-476,glycerol_conversion_factor,0.900,0.9,measured_or_calculated
14-371,edible_proportion,1,1.0,measured_or_calculated
14-371,nitrogen_conversion_factor,6.25,6.25,measured_or_calculated
14-371,glycerol_conversion_factor,0.8,0.8,measured_or_calculated
14-373,edible_proportion,0.73,0.73,measured_or_calculated
14-373,nitrogen_conversion_factor,6.25,6.25,measured_or_calculated
14-373,glycerol_conversion_factor,0.8,0.8,measured_or_calculated
12-605,edible_proportion,1.00,1.0,measured_or_calculated
19-642,edible_proportion,1.00,1.0,measured_or_calculated
19-594,edible_proportion,1.00,1.0,measured_or_calculated
13-576,edible_proportion,1.00,1.0,measured_or_calculated
13-576,nitrogen_conversion_factor,6.25,6.25,measured_or_calculated
13-576,glycerol_conversion_factor,0.800,0.8,measured_or_calculated
13-261,edible_proportion,0.70,0.7,measured_or_calculated
12-606,edible_proportion,1.00,1.0,measured_or_calculated
14-125,edible_proportion,1.00,1.0,measured_or_calculated
17-212,edible_proportion,1.00,1.0,measured_or_calculated
17-676,edible_proportion,1.00,1.0,measured_or_calculated
17-676,nitrogen_conversion_factor,6.25,6.25,measured_or_calculated
17-750,edible_proportion,1.00,1.0,measured_or_calculated
17-750,nitrogen_conversion_factor,6.25,6.25,measured_or_calculated
17-751,edible_proportion,1.00,1.0,measured_or_calculated
17-751,nitrogen_conversion_factor,6.25,6.25,measured_or_calculated
17-749,edible_proportion,1.00,1.0,measured_or_calculated
17-749,specific_gravity,1.00,1.0,measured_or_calculated
17-749,total_solids,N,,present_amount_unknown
17-749,nitrogen_conversion_factor,6.25,6.25,measured_or_calculated
19-598,edible_proportion,1.00,1.0,measured_or_calculated
18-478,edible_proportion,1.00,1.0,measured_or_calculated
18-478,nitrogen_conversion_factor,6.25,6.25,measured_or_calculated
18-478,glycerol_conversion_factor,0.934,0.934,measured_or_calculated
18-103,edible_proportion,1.00,1.0,measured_or_calculated
18-103,glycerol_conversion_factor,0.920,0.92,measured_or_calculated
18-105,edible_proportion,1.00,1.0,measured_or_calculated
18-106,edible_proportion,0.72,0.72,measured_or_calculated
18-104,edible_proportion,0.51,0.51,measured_or_calculated
18-107,edible_proportion,1.00,1.0,measured_or_calculated
18-109,edible_proportion,1.00,1.0,measured_or_calculated
18-110,edible_proportion,0.72,0.72,measured_or_calculated
18-108,edible_proportion,0.48,0.48,measured_or_calculated
18-101,edible_proportion,1.00,1.0,measured_or_calculated
18-102,edible_proportion,0.74,0.74,measured_or_calculated
18-111,edible_proportion,1.00,1.0,measured_or_calculated
18-112,edible_proportion,1.00,1.0,measured_or_calculated
18-113,edible_proportion,1.00,1.0,measured_or_calculated
18-114,edible_proportion,1.00,1.0,measured_or_calculated
18-117,edible_proportion,1.00,1.0,measured_or_calculated
18-117,glycerol_conversion_factor,0.920,0.92,measured_or_calculated
18-119,edible_proportion,1.00,1.0,measured_or_calculated
18-120,edible_proportion,0.83,0.83,measured_or_calculated
18-118,edible_proportion,0.63,0.63,measured_or_calculated
18-115,edible_proportion,1.00,1.0,measured_or_calculated
18-116,edible_proportion,0.87,0.87,measured_or_calculated
18-122,edible_proportion,1.00,1.0,measured_or_calculated
18-121,edible_proportion,1.00,1.0,measured_or_calculated
18-100,edible_proportion,1.00,1.0,measured_or_calculated
18-100,glycerol_conversion_factor,0.950,0.95,measured_or_calculated
18-098,edible_proportion,1.00,1.0,measured_or_calculated
18-098,glycerol_conversion_factor,0.950,0.95,measured_or_calculated
18-099,edible_proportion,1.00,1.0,measured_or_calculated
18-475,edible_proportion,1.00,1.0,measured_or_calculated
18-475,nitrogen_conversion_factor,6.25,6.25,measured_or_calculated
18-475,glycerol_conversion_factor,0.916,0.916,measured_or_calculated
18-097,edible_proportion,1.00,1.0,measured_or_calculated
18-124,edible_proportion,1.00,1.0,measured_or_calculated
18-125,edible_proportion,0.84,0.84,measured_or_calculated
18-131,edible_proportion,1.00,1.0,measured_or_calculated
18-132,edible_proportion,1.00,1.0,measured_or_calculated
18-133,edible_proportion,1.00,1.0,measured_or_calculated
18-134,edible_proportion,1.00,1.0,measured_or_calculated
18-126,edible_proportion,1.00,1.0,measured_or_calculated
18-127,edible_proportion,1.00,1.0,measured_or_calculated
18-128,edible_proportion,1.00,1.0,measured_or_calculated
18-129,edible_proportion,1.00,1.0,measured_or_calculated
18-130,edible_proportion,0.73,0.73,measured_or_calculated
18-137,edible_proportion,1.00,1.0,measured_or_calculated
18-138,edible_proportion,1.00,1.0,measured_or_calculated
18-480,edible_proportion,1.00,1.0,measured_or_calculated
18-480,nitrogen_conversion_factor,6.25,6.25,measured_or_calculated
18-480,glycerol_conversion_factor,0.935,0.935,measured_or_calculated
18-479,edible_proportion,1.00,1.0,measured_or_calculated
18-479,nitrogen_conversion_factor,6.25,6.25,measured_or_calculated
18-479,glycerol_conversion_factor,0.916,0.916,measured_or_calculated
18-141,edible_proportion,1.00,1.0,measured_or_calculated
18-141,glycerol_conversion_factor,0.920,0.92,measured_or_calculated
18-477,edible_proportion,1.00,1.0,measured_or_calculated
18-477,nitrogen_conversion_factor,6.25,6.25,measured_or_calculated
18-477,glycerol_conversion_factor,0.935,0.935,measured_or_calculated
18-496,edible_proportion,0.81,0.81,measured_or_calculated
18-142,edible_proportion,0.61,0.61,measured_or_calculated
18-145,edible_proportion,1.00,1.0,measured_or_calculated
18-147,edible_proportion,1.00,1.0,measured_or_calculated
18-148,edible_proportion,0.82,0.82,measured_or_calculated
18-146,edible_proportion,0.58,0.58,measured_or_calculated
18-476,edible_proportion,1.00,1.0,measured_or_calculated
18-476,nitrogen_conversion_factor,6.25,6.25,measured_or_calculated
18-476,glycerol_conversion_factor,0.935,0.935,measured_or_calculated
18-497,edible_proportion,0.78,0.78,measured_or_calculated
18-149,edible_proportion,1.00,1.0,measured_or_calculated
18-151,edible_proportion,1.00,1.0,measured_or_calculated
18-152,edible_proportion,0.88,0.88,measured_or_calculated
18-150,edible_proportion,0.56,0.56,measured_or_calculated
18-153,edible_proportion,1.00,1.0,measured_or_calculated
18-154,edible_proportion,0.77,0.77,measured_or_calculated
18-155,edible_proportion,1.00,1.0,measured_or_calculated
18-156,edible_proportion,1.00,1.0,measured_or_calculated
18-157,edible_proportion,0.74,0.74,measured_or_calculated
18-481,edible_proportion,1.00,1.0,measured_or_calculated
18-481,nitrogen_conversion_factor,6.25,6.25,measured_or_calculated
18-481,glycerol_conversion_factor,0.935,0.935,measured_or_calculated
18-159,edible_proportion,1.00,1.0,measured_or_calculated
18-159,glycerol_conversion_factor,0.950,0.95,measured_or_calculated
19-608,edible_proportion,1.00,1.0,measured_or_calculated
18-160,edible_proportion,1.00,1.0,measured_or_calculated
18-161,edible_proportion,1.00,1.0,measured_or_calculated
18-162,edible_proportion,1.00,1.0,measured_or_calculated
18-163,edible_proportion,1.00,1.0,measured_or_calculated
18-164,edible_proportion,1.00,1.0,measured_or_calculated
18-164,glycerol_conversion_factor,0.920,0.92,measured_or_calculated
18-165,edible_proportion,1.00,1.0,measured_or_calculated
18-188,edible_proportion,1.00,1.0,measured_or_calculated
18-189,edible_proportion,1.00,1.0,measured_or_calculated
18-190,edible_proportion,0.77,0.77,measured_or_calculated
18-191,edible_proportion,1.00,1.0,measured_or_calculated
18-192,edible_proportion,1.00,1.0,measured_or_calculated
18-193,edible_proportion,0.75,0.75,measured_or_calculated
18-194,edible_proportion,1.00,1.0,measured_or_calculated
18-196,edible_proportion,1.00,1.0,measured_or_calculated
18-197,edible_proportion,0.79,0.79,measured_or_calculated
18-195,edible_proportion,0.59,0.59,measured_or_calculated
18-198,edible_proportion,1.00,1.0,measured_or_calculated
18-199,edible_proportion,1.00,1.0,measured_or_calculated
18-200,edible_proportion,1.00,1.0,measured_or_calculated
18-168,edible_proportion,1.00,1.0,measured_or_calculated
18-166,edible_proportion,1.00,1.0,measured_or_calculated
18-167,edible_proportion,0.72,0.72,measured_or_calculated
18-169,edible_proportion,1.00,1.0,measured_or_calculated
18-169,glycerol_conversion_factor,0.930,0.93,measured_or_calculated
18-177,edible_proportion,1.00,1.0,measured_or_calculated
18-178,edible_proportion,1.00,1.0,measured_or_calculated
18-172,edible_proportion,1.00,1.0,measured_or_calculated
18-173,edible_proportion,1.00,1.0,measured_or_calculated
18-174,edible_proportion,1.00,1.0,measured_or_calculated
18-174,glycerol_conversion_factor,0.930,0.93,measured_or_calculated
18-175,edible_proportion,1.00,1.0,measured_or_calculated
18-176,edible_proportion,1.00,1.0,measured_or_calculated
18-170,edible_proportion,1.00,1.0,measured_or_calculated
18-171,edible_proportion,0.80,0.8,measured_or_calculated
18-179,edible_proportion,1.00,1.0,measured_or_calculated
18-180,edible_proportion,1.00,1.0,measured_or_calculated
18-180,glycerol_conversion_factor,0.930,0.93,measured_or_calculated
18-181,edible_proportion,0.79,0.79,measured_or_calculated
18-184,edible_proportion,1.00,1.0,measured_or_calculated
18-185,edible_proportion,1.00,1.0,measured_or_calculated
18-182,edible_proportion,1.00,1.0,measured_or_calculated
18-183,edible_proportion,0.67,0.67,measured_or_calculated
18-186,edible_proportion,1.00,1.0,measured_or_calculated
18-187,edible_proportion,1.00,1.0,measured_or_calculated
18-187,nitrogen_conversion_factor,6.25,6.25,measured_or_calculated
18-187,glycerol_conversion_factor,0.930,0.93,measured_or_calculated
19-600,edible_proportion,1.00,1.0,measured_or_calculated
19-601,edible_proportion,1.00,1.0,measured_or_calculated
16-425,edible_proportion,0.57,0.57,measured_or_calculated
16-425,nitrogen_conversion_factor,6.25,6.25,measured_or_calculated
16-425,glycerol_conversion_factor,0.700,0.7,measured_or_calculated
17-010,edible_proportion,1.00,1.0,measured_or_calculated
17-010,glycerol_conversion_factor,0.960,0.96,measured_or_calculated
19-481,edible_proportion,1.00,1.0,measured_or_calculated
19-482,edible_proportion,1.00,1.0,measured_or_calculated
19-523,edible_proportion,1.00,1.0,measured_or_calculated
19-523,glycerol_conversion_factor,0.950,0.95,measured_or_calculated
15-186,edible_proportion,1.00,1.0,measured_or_calculated
15-651,edible_proportion,1.00,1.0,measured_or_calculated
15-188,edible_proportion,1.00,1.0,measured_or_calculated
12-373,edible_proportion,1.00,1.0,measured_or_calculated
12-373,specific_gravity,1.06,1.06,measured_or_calculated
12-373,nitrogen_conversion_factor,6.38,6.38,measured_or_calculated
12-373,glycerol_conversion_factor,0.945,0.945,measured_or_calculated
15-190,edible_proportion,1.00,1.0,measured_or_calculated
15-813,edible_proportion,1.00,1.0,measured_or_calculated
15-814,edible_proportion,1.00,1.0,measured_or_calculated
15-815,edible_proportion,1.00,1.0,measured_or_calculated
13-625,edible_proportion,1,1.0,measured_or_calculated
13-625,nitrogen_conversion_factor,6.25,6.25,measured_or_calculated
13-625,glycerol_conversion_factor,0.8,0.8,measured_or_calculated
13-624,edible_proportion,0.66,0.66,measured_or_calculated
13-624,nitrogen_conversion_factor,6.25,6.25,measured_or_calculated
13-624,glycerol_conversion_factor,0.8,0.8,measured_or_calculated
13-626,edible_proportion,1,1.0,measured_or_calculated
13-626,nitrogen_conversion_factor,6.25,6.25,measured_or_calculated
13-626,glycerol_conversion_factor,0.956,0.956,measured_or_calculated
19-602,edible_proportion,1.00,1.0,measured_or_calculated
17-762,edible_proportion,1.00,1.0,measured_or_calculated
17-762,nitrogen_conversion_factor,6.25,6.25,measured_or_calculated
17-806,edible_proportion,1.00,1.0,measured_or_calculated
14-277,edible_proportion,1.00,1.0,measured_or_calculated
14-278,edible_proportion,0.35,0.35,measured_or_calculated
14-337,edible_proportion,1.00,1.0,measured_or_calculated
14-337,nitrogen_conversion_factor,6.25,6.25,measured_or_calculated
16-380,edible_proportion,0.77,0.77,measured_or_calculated
16-380,nitrogen_conversion_factor,6.25,6.25,measured_or_calculated
16-380,glycerol_conversion_factor,0.700,0.7,measured_or_calculated
16-379,edible_proportion,0.72,0.72,measured_or_calculated
16-379,nitrogen_conversion_factor,6.25,6.25,measured_or_calculated
16-379,glycerol_conversion_factor,0.700,0.7,measured_or_calculated
16-478,edible_proportion,1.00,1.0,measured_or_calculated
16-478,nitrogen_conversion_factor,6.25,6.25,measured_or_calculated
16-478,glycerol_conversion_factor,0.700,0.7,measured_or_calculated
16-496,edible_proportion,0.77,0.77,measured_or_calculated
16-496,nitrogen_conversion_factor,6.25,6.25,measured_or_calculated
16-087,edible_proportion,1.00,1.0,measured_or_calculated
17-179,edible_proportion,1.00,1.0,measured_or_calculated
17-179,nitrogen_conversion_factor,6.25,6.25,measured_or_calculated
17-807,edible_proportion,1.00,1.0,measured_or_calculated
14-130,edible_proportion,0.64,0.64,measured_or_calculated
14-129,edible_proportion,1.00,1.0,measured_or_calculated
14-128,edible_proportion,0.99,0.99,measured_or_calculated
14-128,nitrogen_conversion_factor,6.25,6.25,measured_or_calculated
15-200,edible_proportion,1.00,1.0,measured_or_calculated
15-201,edible_proportion,1.00,1.0,measured_or_calculated
15-817,edible_proportion,1.00,1.0,measured_or_calculated
15-818,edible_proportion,1.00,1.0,measured_or_calculated
15-819,edible_proportion,1.00,1.0,measured_or_calculated
15-820,edible_proportion,1.00,1.0,measured_or_calculated
15-821,edible_proportion,1.00,1.0,measured_or_calculated
15-198,edible_proportion,1.00,1.0,measured_or_calculated
15-199,edible_proportion,1.00,1.0,measured_or_calculated
13-661,edible_proportion,1,1.0,measured_or_calculated
13-661,nitrogen_conversion_factor,6.25,6.25,measured_or_calculated
13-661,glycerol_conversion_factor,0.8,0.8,measured_or_calculated
13-089,edible_proportion,1.00,1.0,measured_or_calculated
13-658,edible_proportion,1,1.0,measured_or_calculated
13-658,nitrogen_conversion_factor,6.25,6.25,measured_or_calculated
13-658,glycerol_conversion_factor,0.8,0.8,measured_or_calculated
13-657,edible_proportion,1,1.0,measured_or_calculated
13-657,nitrogen_conversion_factor,6.25,6.25,measured_or_calculated
13-657,glycerol_conversion_factor,0.8,0.8,measured_or_calculated
13-520,edible_proportion,0.82,0.82,measured_or_calculated
13-520,nitrogen_conversion_factor,6.25,6.25,measured_or_calculated
17-201,edible_proportion,1.00,1.0,measured_or_calculated
17-200,edible_proportion,1.00,1.0,measured_or_calculated
17-200,nitrogen_conversion_factor,6.25,6.25,measured_or_calculated
14-279,edible_proportion,1.00,1.0,measured_or_calculated
14-131,edible_proportion,1.00,1.0,measured_or_calculated
14-132,edible_proportion,0.74,0.74,measured_or_calculated
16-091,edible_proportion,N,,present_amount_unknown
17-768,edible_proportion,1.00,1.0,measured_or_calculated
17-768,glycerol_conversion_factor,0.950,0.95,measured_or_calculated
17-244,edible_proportion,1.00,1.0,measured_or_calculated
17-245,edible_proportion,1.00,1.0,measured_or_calculated
17-777,edible_proportion,1.00,1.0,measured_or_calculated
17-777,nitrogen_conversion_factor,6.25,6.25,measured_or_calculated
17-777,glycerol_conversion_factor,0.960,0.96,measured_or_calculated
13-833,edible_proportion,1.00,1.0,measured_or_calculated
19-603,edible_proportion,1.00,1.0,measured_or_calculated
19-604,edible_proportion,1.00,1.0,measured_or_calculated
19-106,edible_proportion,1.00,1.0,measured_or_calculated
18-410,edible_proportion,1.00,1.0,measured_or_calculated
18-409,edible_proportion,1.00,1.0,measured_or_calculated
18-412,edible_proportion,1.00,1.0,measured_or_calculated
18-411,edible_proportion,1.00,1.0,measured_or_calculated
18-411,glycerol_conversion_factor,0.740,0.74,measured_or_calculated
18-494,edible_proportion,1.00,1.0,measured_or_calculated
18-494,nitrogen_conversion_factor,6.25,6.25,measured_or_calculated
18-494,glycerol_conversion_factor,0.741,0.741,measured_or_calculated
18-413,edible_proportion,1.00,1.0,measured_or_calculated
18-413,glycerol_conversion_factor,0.740,0.74,measured_or_calculated
18-415,edible_proportion,1.00,1.0,measured_or_calculated
18-416,edible_proportion,1.00,1.0,measured_or_calculated
18-417,edible_proportion,1.00,1.0,measured_or_calculated
18-417,glycerol_conversion_factor,0.740,0.74,measured_or_calculated
18-418,edible_proportion,1.00,1.0,measured_or_calculated
16-332,edible_proportion,1.00,1.0,measured_or_calculated
16-332,nitrogen_conversion_factor,6.25,6.25,measured_or_calculated
16-332,glycerol_conversion_factor,0.900,0.9,measured_or_calculated
16-343,edible_proportion,0.36,0.36,measured_or_calculated
14-133,edible_proportion,1.00,1.0,measured_or_calculated
14-134,edible_proportion,1.00,1.0,measured_or_calculated
14-135,edible_proportion,1.00,1.0,measured_or_calculated
12-390,edible_proportion,1.00,1.0,measured_or_calculated
12-390,nitrogen_conversion_factor,6.25,6.25,measured_or_calculated
12-390,glycerol_conversion_factor,0.956,0.956,measured_or_calculated
12-389,edible_proportion,1.00,1.0,measured_or_calculated
12-389,specific_gravity,0.87,0.87,measured_or_calculated
12-389,nitrogen_conversion_factor,6.25,6.25,measured_or_calculated
12-389,glycerol_conversion_factor,0.956,0.956,measured_or_calculated
14-138,edible_proportion,0.45,0.45,measured_or_calculated
14-139,edible_proportion,1.00,1.0,measured_or_calculated
14-137,edible_proportion,1.00,1.0,measured_or_calculated
14-140,edible_proportion,0.63,0.63,measured_or_calculated
13-271,edible_proportion,0.85,0.85,measured_or_calculated
17-761,edible_proportion,1.00,1.0,measured_or_calculated
17-761,nitrogen_conversion_factor,6.25,6.25,measured_or_calculated
19-136,edible_proportion,1.00,1.0,measured_or_calculated
14-143,edible_proportion,0.62,0.62,measured_or_calculated
14-142,edible_proportion,1.00,1.0,measured_or_calculated
14-142,nitrogen_conversion_factor,6.25,6.25,measured_or_calculated
14-891,edible_proportion,1.00,1.0,measured_or_calculated
14-891,nitrogen_conversion_factor,5.30,5.3,measured_or_calculated
11-954,edible_proportion,1.00,1.0,measured_or_calculated
12-951,edible_proportion,1.00,1.0,measured_or_calculated
13-834,edible_proportion,1.00,1.0,measured_or_calculated
16-394,edible_proportion,1,1.0,measured_or_calculated
16-394,nitrogen_conversion_factor,6.25,6.25,measured_or_calculated
16-394,glycerol_conversion_factor,0.900,0.9,measured_or_calculated
16-479,edible_proportion,1.00,1.0,measured_or_calculated
16-479,nitrogen_conversion_factor,6.25,6.25,measured_or_calculated
16-479,glycerol_conversion_factor,0.900,0.9,measured_or_calculated
16-393,edible_proportion,0.62,0.62,measured_or_calculated
16-393,nitrogen_conversion_factor,6.25,6.25,measured_or_calculated
16-393,glycerol_conversion_factor,0.900,0.9,measured_or_calculated
16-414,edible_proportion,0.91,0.91,measured_or_calculated
16-414,nitrogen_conversion_factor,6.25,6.25,measured_or_calculated
16-414,glycerol_conversion_factor,0.900,0.9,measured_or_calculated
17-651,edible_proportion,1.00,1.0,measured_or_calculated
17-651,nitrogen_conversion_factor,6.38,6.38,measured_or_calculated
17-651,glycerol_conversion_factor,0.945,0.945,measured_or_calculated
14-145,edible_proportion,0.54,0.54,measured_or_calculated
14-146,edible_proportion,1.00,1.0,measured_or_calculated
14-146,nitrogen_conversion_factor,6.25,6.25,measured_or_calculated
13-273,edible_proportion,0.61,0.61,measured_or_calculated
14-378,edible_proportion,1,1.0,measured_or_calculated
14-378,nitrogen_conversion_factor,6.25,6.25,measured_or_calculated
14-378,glycerol_conversion_factor,0.8,0.8,measured_or_calculated
14-379,edible_proportion,0.63,0.63,measured_or_calculated
14-379,nitrogen_conversion_factor,6.25,6.25,measured_or_calculated
14-379,glycerol_conversion_factor,0.8,0.8,measured_or_calculated
14-151,edible_proportion,0.24,0.24,measured_or_calculated
13-835,edible_proportion,1.00,1.0,measured_or_calculated
17-078,edible_proportion,1.00,1.0,measured_or_calculated
17-078,nitrogen_conversion_factor,6.25,6.25,measured_or_calculated
13-276,edible_proportion,1.00,1.0,measured_or_calculated
13-277,edible_proportion,0.95,0.95,measured_or_calculated
13-274,edible_proportion,0.54,0.54,measured_or_calculated
17-668,edible_proportion,1.00,1.0,measured_or_calculated
17-668,nitrogen_conversion_factor,6.38,6.38,measured_or_calculated
17-114,edible_proportion,1.00,1.0,measured_or_calculated
17-114,nitrogen_conversion_factor,6.25,6.25,measured_or_calculated
14-893,edible_proportion,1.00,1.0,measured_or_calculated
14-875,edible_proportion,1.00,1.0,measured_or_calculated
14-875,nitrogen_conversion_factor,5.18,5.18,measured_or_calculated
14-875,glycerol_conversion_factor,0.956,0.956,measured_or_calculated
13-588,edible_proportion,1.00,1.0,measured_or_calculated
13-588,nitrogen_conversion_factor,6.25,6.25,measured_or_calculated
13-588,glycerol_conversion_factor,0.800,0.8,measured_or_calculated
13-279,edible_proportion,0.53,0.53,measured_or_calculated
17-809,edible_proportion,1.00,1.0,measured_or_calculated
17-679,edible_proportion,1.00,1.0,measured_or_calculated
17-679,nitrogen_conversion_factor,6.25,6.25,measured_or_calculated
17-679,glycerol_conversion_factor,0.956,0.956,measured_or_calculated
17-654,edible_proportion,1.00,1.0,measured_or_calculated
17-654,nitrogen_conversion_factor,6.25,6.25,measured_or_calculated
17-654,glycerol_conversion_factor,0.956,0.956,measured_or_calculated
15-822,edible_proportion,1.00,1.0,measured_or_calculated
19-605,edible_proportion,1.00,1.0,measured_or_calculated
19-326,edible_proportion,1.00,1.0,measured_or_calculated
19-326,nitrogen_conversion_factor,6.25,6.25,measured_or_calculated
19-326,glycerol_conversion_factor,0.956,0.956,measured_or_calculated
19-506,edible_proportion,1.00,1.0,measured_or_calculated
19-613,edible_proportion,1.00,1.0,measured_or_calculated
14-152,edible_proportion,0.81,0.81,measured_or_calculated
14-826,edible_proportion,1.00,1.0,measured_or_calculated
14-339,edible_proportion,1.00,1.0,measured_or_calculated
14-339,nitrogen_conversion_factor,6.25,6.25,measured_or_calculated
14-339,glycerol_conversion_factor,0.800,0.8,measured_or_calculated
14-352,edible_proportion,0.59,0.59,measured_or_calculated
14-352,nitrogen_conversion_factor,6.25,6.25,measured_or_calculated
14-352,glycerol_conversion_factor,0.800,0.8,measured_or_calculated
14-353,edible_proportion,0.66,0.66,measured_or_calculated
14-353,nitrogen_conversion_factor,6.25,6.25,measured_or_calculated
14-353,glycerol_conversion_factor,0.800,0.8,measured_or_calculated
14-354,edible_proportion,1.00,1.0,measured_or_calculated
14-354,nitrogen_conversion_factor,6.25,6.25,measured_or_calculated
14-354,glycerol_conversion_factor,0.800,0.8,measured_or_calculated
14-355,edible_proportion,0.62,0.62,measured_or_calculated
14-355,nitrogen_conversion_factor,6.25,6.25,measured_or_calculated
14-355,glycerol_conversion_factor,0.800,0.8,measured_or_calculated
14-356,edible_proportion,1.00,1.0,measured_or_calculated
14-356,nitrogen_conversion_factor,6.25,6.25,measured_or_calculated
14-356,glycerol_conversion_factor,0.800,0.8,measured_or_calculated
14-159,edible_proportion,1.00,1.0,measured_or_calculated
14-160,edible_proportion,0.64,0.64,measured_or_calculated
14-161,edible_proportion,0.68,0.68,measured_or_calculated
14-357,edible_proportion,0.58,0.58,measured_or_calculated
14-357,nitrogen_conversion_factor,6.25,6.25,measured_or_calculated
14-357,glycerol_conversion_factor,0.800,0.8,measured_or_calculated
14-358,edible_proportion,0.62,0.62,measured_or_calculated
14-358,nitrogen_conversion_factor,6.25,6.25,measured_or_calculated
14-358,glycerol_conversion_factor,0.800,0.8,measured_or_calculated
14-296,edible_proportion,1.00,1.0,measured_or_calculated
14-296,nitrogen_conversion_factor,6.25,6.25,measured_or_calculated
14-296,glycerol_conversion_factor,0.800,0.8,measured_or_calculated
14-309,edible_proportion,0.57,0.57,measured_or_calculated
14-328,edible_proportion,0.58,0.58,measured_or_calculated
14-328,nitrogen_conversion_factor,6.25,6.25,measured_or_calculated
12-517,edible_proportion,1.00,1.0,measured_or_calculated
12-585,edible_proportion,1.00,1.0,measured_or_calculated
15-628,edible_proportion,1.00,1.0,measured_or_calculated
15-628,nitrogen_conversion_factor,6.25,6.25,measured_or_calculated
11-1091,edible_proportion,1.00,1.0,measured_or_calculated
12-513,edible_proportion,1.00,1.0,measured_or_calculated
12-513,nitrogen_conversion_factor,6.38,6.38,measured_or_calculated
12-513,glycerol_conversion_factor,0.945,0.945,measured_or_calculated
17-733,edible_proportion,1.00,1.0,measured_or_calculated
17-733,nitrogen_conversion_factor,6.25,6.25,measured_or_calculated
12-589,edible_proportion,1.00,1.0,measured_or_calculated
12-590,edible_proportion,1.00,1.0,measured_or_calculated
12-591,edible_proportion,1.00,1.0,measured_or_calculated
12-512,edible_proportion,1.00,1.0,measured_or_calculated
12-512,nitrogen_conversion_factor,6.38,6.38,measured_or_calculated
12-512,glycerol_conversion_factor,0.945,0.945,measured_or_calculated
12-321,edible_proportion,1.00,1.0,measured_or_calculated
12-321,nitrogen_conversion_factor,6.38,6.38,measured_or_calculated
12-321,glycerol_conversion_factor,0.945,0.945,measured_or_calculated
12-322,edible_proportion,1.00,1.0,measured_or_calculated
12-322,nitrogen_conversion_factor,6.38,6.38,measured_or_calculated
12-322,glycerol_conversion_factor,0.945,0.945,measured_or_calculated
12-323,edible_proportion,1.00,1.0,measured_or_calculated
12-323,nitrogen_conversion_factor,6.38,6.38,measured_or_calculated
12-323,glycerol_conversion_factor,0.945,0.945,measured_or_calculated
12-520,edible_proportion,1.00,1.0,measured_or_calculated
12-520,nitrogen_conversion_factor,6.38,6.38,measured_or_calculated
12-520,glycerol_conversion_factor,0.945,0.945,measured_or_calculated
12-324,edible_proportion,1.00,1.0,measured_or_calculated
12-324,nitrogen_conversion_factor,6.38,6.38,measured_or_calculated
12-324,glycerol_conversion_factor,0.945,0.945,measured_or_calculated
12-522,edible_proportion,1.00,1.0,measured_or_calculated
12-522,nitrogen_conversion_factor,6.38,6.38,measured_or_calculated
12-522,glycerol_conversion_factor,0.945,0.945,measured_or_calculated
12-535,edible_proportion,1.00,1.0,measured_or_calculated
12-535,specific_gravity,1.06,1.06,measured_or_calculated
12-535,nitrogen_conversion_factor,6.38,6.38,measured_or_calculated
12-535,glycerol_conversion_factor,0.945,0.945,measured_or_calculated
12-326,edible_proportion,1.00,1.0,measured_or_calculated
12-326,specific_gravity,1.06,1.06,measured_or_calculated
12-326,nitrogen_conversion_factor,6.38,6.38,measured_or_calculated
12-326,glycerol_conversion_factor,0.945,0.945,measured_or_calculated
12-328,edible_proportion,1.00,1.0,measured_or_calculated
12-328,nitrogen_conversion_factor,6.38,6.38,measured_or_calculated
12-328,glycerol_conversion_factor,0.945,0.945,measured_or_calculated
12-038,edible_proportion,1.00,1.0,measured_or_calculated
12-536,edible_proportion,1.00,1.0,measured_or_calculated
12-039,edible_proportion,1.00,1.0,measured_or_calculated
12-313,edible_proportion,1.00,1.0,measured_or_calculated
12-313,specific_gravity,1.03,1.03,measured_or_calculated
12-313,nitrogen_conversion_factor,6.38,6.38,measured_or_calculated
12-313,glycerol_conversion_factor,0.945,0.945,measured_or_calculated
12-418,edible_proportion,1.00,1.0,measured_or_calculated
12-418,specific_gravity,1.03,1.03,measured_or_calculated
12-418,nitrogen_conversion_factor,6.38,6.38,measured_or_calculated
12-418,glycerol_conversion_factor,0.945,0.945,measured_or_calculated
12-419,edible_proportion,1.00,1.0,measured_or_calculated
12-419,specific_gravity,1.03,1.03,measured_or_calculated
12-419,nitrogen_conversion_factor,6.38,6.38,measured_or_calculated
12-419,glycerol_conversion_factor,0.945,0.945,measured_or_calculated
12-314,edible_proportion,1.00,1.0,measured_or_calculated
12-314,specific_gravity,1.03,1.03,measured_or_calculated
12-314,nitrogen_conversion_factor,6.38,6.38,measured_or_calculated
12-314,glycerol_conversion_factor,0.945,0.945,measured_or_calculated
12-329,edible_proportion,1.00,1.0,measured_or_calculated
12-329,nitrogen_conversion_factor,6.38,6.38,measured_or_calculated
12-329,glycerol_conversion_factor,0.945,0.945,measured_or_calculated
12-521,edible_proportion,1.00,1.0,measured_or_calculated
12-307,edible_proportion,1.00,1.0,measured_or_calculated
12-307,nitrogen_conversion_factor,6.38,6.38,measured_or_calculated
12-307,glycerol_conversion_factor,0.945,0.945,measured_or_calculated
12-308,edible_proportion,1.00,1.0,measured_or_calculated
12-308,nitrogen_conversion_factor,6.38,6.38,measured_or_calculated
12-308,glycerol_conversion_factor,0.945,0.945,measured_or_calculated
12-309,edible_proportion,1.00,1.0,measured_or_calculated
12-309,nitrogen_conversion_factor,6.38,6.38,measured_or_calculated
12-309,glycerol_conversion_factor,0.945,0.945,measured_or_calculated
12-554,edible_proportion,1.00,1.0,measured_or_calculated
12-554,specific_gravity,1.03,1.03,measured_or_calculated
12-554,nitrogen_conversion_factor,6.38,6.38,measured_or_calculated
12-554,glycerol_conversion_factor,0.945,0.945,measured_or_calculated
12-523,edible_proportion,1.00,1.0,measured_or_calculated
12-523,specific_gravity,1.03,1.03,measured_or_calculated
12-523,nitrogen_conversion_factor,5.71,5.71,measured_or_calculated
12-524,edible_proportion,1.00,1.0,measured_or_calculated
12-524,specific_gravity,0.99,0.99,measured_or_calculated
12-524,nitrogen_conversion_factor,5.71,5.71,measured_or_calculated
12-596,edible_proportion,1.00,1.0,measured_or_calculated
12-596,nitrogen_conversion_factor,6.38,6.38,measured_or_calculated
12-598,edible_proportion,1.00,1.0,measured_or_calculated
12-598,nitrogen_conversion_factor,6.38,6.38,measured_or_calculated
12-597,edible_proportion,1.00,1.0,measured_or_calculated
12-597,nitrogen_conversion_factor,6.38,6.38,measured_or_calculated
12-320,edible_proportion,1.00,1.0,measured_or_calculated
12-320,specific_gravity,1.03,1.03,measured_or_calculated
12-320,nitrogen_conversion_factor,6.38,6.38,measured_or_calculated
12-320,glycerol_conversion_factor,0.945,0.945,measured_or_calculated
12-327,edible_proportion,1.00,1.0,measured_or_calculated
12-327,specific_gravity,1.09,1.09,measured_or_calculated
12-327,nitrogen_conversion_factor,6.38,6.38,measured_or_calculated
12-327,glycerol_conversion_factor,0.945,0.945,measured_or_calculated
17-669,edible_proportion,1.00,1.0,measured_or_calculated
17-669,nitrogen_conversion_factor,6.38,6.38,measured_or_calculated
11-1092,edible_proportion,1.00,1.0,measured_or_calculated
11-848,edible_proportion,1.00,1.0,measured_or_calculated
11-848,nitrogen_conversion_factor,5.70,5.7,measured_or_calculated
11-848,glycerol_conversion_factor,0.956,0.956,measured_or_calculated
17-765,edible_proportion,1.00,1.0,measured_or_calculated
17-765,nitrogen_conversion_factor,6.25,6.25,measured_or_calculated
17-852,edible_proportion,1.00,1.0,measured_or_calculated
11-825,edible_proportion,1.00,1.0,measured_or_calculated
11-825,nitrogen_conversion_factor,5.70,5.7,measured_or_calculated
11-825,glycerol_conversion_factor,0.956,0.956,measured_or_calculated
17-707,edible_proportion,1.00,1.0,measured_or_calculated
17-811,edible_proportion,1.00,1.0,measured_or_calculated
13-837,edible_proportion,1.00,1.0,measured_or_calculated
13-836,edible_proportion,1.00,1.0,measured_or_calculated
13-836,nitrogen_conversion_factor,6.25,6.25,measured_or_calculated
13-886,edible_proportion,1.00,1.0,measured_or_calculated
13-884,edible_proportion,1.00,1.0,measured_or_calculated
17-059,edible_proportion,1.00,1.0,measured_or_calculated
16-093,edible_proportion,1.00,1.0,measured_or_calculated
16-094,edible_proportion,0.77,0.77,measured_or_calculated
16-092,edible_proportion,N,,present_amount_unknown
11-912,edible_proportion,1.00,1.0,measured_or_calculated
11-912,nitrogen_conversion_factor,6.25,6.25,measured_or_calculated
19-609,edible_proportion,1.00,1.0,measured_or_calculated
19-507,edible_proportion,1.00,1.0,measured_or_calculated
19-507,glycerol_conversion_factor,0.950,0.95,measured_or_calculated
15-734,edible_proportion,1.00,1.0,measured_or_calculated
15-652,edible_proportion,1.00,1.0,measured_or_calculated
15-652,nitrogen_conversion_factor,6.25,6.25,measured_or_calculated
12-401,edible_proportion,1.00,1.0,measured_or_calculated
12-401,nitrogen_conversion_factor,6.38,6.38,measured_or_calculated
12-401,glycerol_conversion_factor,0.945,0.945,measured_or_calculated
12-402,edible_proportion,1.00,1.0,measured_or_calculated
12-402,nitrogen_conversion_factor,6.38,6.38,measured_or_calculated
12-402,glycerol_conversion_factor,0.945,0.945,measured_or_calculated
11-781,edible_proportion,1.00,1.0,measured_or_calculated
11-781,nitrogen_conversion_factor,5.83,5.83,measured_or_calculated
11-780,edible_proportion,1.00,1.0,measured_or_calculated
11-780,nitrogen_conversion_factor,5.83,5.83,measured_or_calculated
11-780,glycerol_conversion_factor,0.940,0.94,measured_or_calculated
11-1094,edible_proportion,1.00,1.0,measured_or_calculated
11-737,edible_proportion,1.00,1.0,measured_or_calculated
11-737,nitrogen_conversion_factor,5.70,5.7,measured_or_calculated
11-737,glycerol_conversion_factor,0.956,0.956,measured_or_calculated
11-738,edible_proportion,1.00,1.0,measured_or_calculated
11-738,nitrogen_conversion_factor,5.70,5.7,measured_or_calculated
11-738,glycerol_conversion_factor,0.956,0.956,measured_or_calculated
11-1095,edible_proportion,1.00,1.0,measured_or_calculated
11-541,edible_proportion,1.00,1.0,measured_or_calculated
11-541,nitrogen_conversion_factor,5.83,5.83,measured_or_calculated
11-541,glycerol_conversion_factor,0.670,0.67,measured_or_calculated
11-542,edible_proportion,1.00,1.0,measured_or_calculated
11-542,nitrogen_conversion_factor,5.83,5.83,measured_or_calculated
11-542,glycerol_conversion_factor,0.670,0.67,measured_or_calculated
14-168,edible_proportion,1.00,1.0,measured_or_calculated
14-169,edible_proportion,1.00,1.0,measured_or_calculated
14-170,edible_proportion,1.00,1.0,measured_or_calculated
16-096,edible_proportion,1.00,1.0,measured_or_calculated
16-095,edible_proportion,0.50,0.5,measured_or_calculated
16-097,edible_proportion,0.55,0.55,measured_or_calculated
16-099,edible_proportion,1.00,1.0,measured_or_calculated
16-100,edible_proportion,0.47,0.47,measured_or_calculated
16-098,edible_proportion,0.23,0.23,measured_or_calculated
17-416,edible_proportion,1.00,1.0,measured_or_calculated
13-288,edible_proportion,1.00,1.0,measured_or_calculated
13-289,edible_proportion,1.00,1.0,measured_or_calculated
13-290,edible_proportion,1.00,1.0,measured_or_calculated
13-291,edible_proportion,1.00,1.0,measured_or_calculated
13-292,edible_proportion,1.00,1.0,measured_or_calculated
13-293,edible_proportion,0.70,0.7,measured_or_calculated
13-295,edible_proportion,1.00,1.0,measured_or_calculated
13-294,edible_proportion,1.00,1.0,measured_or_calculated
13-546,edible_proportion,1.00,1.0,measured_or_calculated
13-546,nitrogen_conversion_factor,6.25,6.25,measured_or_calculated
13-546,glycerol_conversion_factor,0.956,0.956,measured_or_calculated
13-507,edible_proportion,1.00,1.0,measured_or_calculated
13-507,nitrogen_conversion_factor,6.25,6.25,measured_or_calculated
13-545,edible_proportion,1.00,1.0,measured_or_calculated
13-545,nitrogen_conversion_factor,6.25,6.25,measured_or_calculated
13-505,edible_proportion,0.96,0.96,measured_or_calculated
13-505,nitrogen_conversion_factor,6.25,6.25,measured_or_calculated
13-506,edible_proportion,1.00,1.0,measured_or_calculated
13-506,nitrogen_conversion_factor,6.25,6.25,measured_or_calculated
16-411,edible_proportion,0.57,0.57,measured_or_calculated
16-411,nitrogen_conversion_factor,6.25,6.25,measured_or_calculated
16-411,glycerol_conversion_factor,0.956,0.956,measured_or_calculated
16-390,edible_proportion,1.00,1.0,measured_or_calculated
16-390,nitrogen_conversion_factor,6.25,6.25,measured_or_calculated
16-390,glycerol_conversion_factor,0.700,0.7,measured_or_calculated
16-497,edible_proportion,0.32,0.32,measured_or_calculated
16-497,nitrogen_conversion_factor,6.25,6.25,measured_or_calculated
13-297,edible_proportion,1.00,1.0,measured_or_calculated
13-297,nitrogen_conversion_factor,6.25,6.25,measured_or_calculated
13-299,edible_proportion,1.00,1.0,measured_or_calculated
13-298,edible_proportion,N,,present_amount_unknown
17-362,edible_proportion,1.00,1.0,measured_or_calculated
17-362,nitrogen_conversion_factor,6.25,6.25,measured_or_calculated
17-362,glycerol_conversion_factor,0.800,0.8,measured_or_calculated
13-839,edible_proportion,1.00,1.0,measured_or_calculated
17-363,edible_proportion,1.00,1.0,measured_or_calculated
17-364,edible_proportion,1.00,1.0,measured_or_calculated
17-365,edible_proportion,1.00,1.0,measured_or_calculated
14-380,edible_proportion,1,1.0,measured_or_calculated
14-380,nitrogen_conversion_factor,6.25,6.25,measured_or_calculated
14-380,glycerol_conversion_factor,0.8,0.8,measured_or_calculated
14-381,edible_proportion,0.92,0.92,measured_or_calculated
14-381,nitrogen_conversion_factor,6.25,6.25,measured_or_calculated
14-381,glycerol_conversion_factor,0.8,0.8,measured_or_calculated
11-719,edible_proportion,1.00,1.0,measured_or_calculated
11-719,nitrogen_conversion_factor,5.70,5.7,measured_or_calculated
11-719,glycerol_conversion_factor,0.670,0.67,measured_or_calculated
11-941,edible_proportion,1.00,1.0,measured_or_calculated
11-941,nitrogen_conversion_factor,5.70,5.7,measured_or_calculated
11-941,glycerol_conversion_factor,0.670,0.67,measured_or_calculated
11-1096,edible_proportion,1.00,1.0,measured_or_calculated
11-724,edible_proportion,1.00,1.0,measured_or_calculated
11-724,nitrogen_conversion_factor,5.70,5.7,measured_or_calculated
11-724,glycerol_conversion_factor,0.670,0.67,measured_or_calculated
11-942,edible_proportion,1.00,1.0,measured_or_calculated
11-942,nitrogen_conversion_factor,5.70,5.7,measured_or_calculated
11-942,glycerol_conversion_factor,0.670,0.67,measured_or_calculated
11-725,edible_proportion,1.00,1.0,measured_or_calculated
11-725,nitrogen_conversion_factor,5.95,5.95,measured_or_calculated
11-725,glycerol_conversion_factor,0.820,0.82,measured_or_calculated
17-814,edible_proportion,1.00,1.0,measured_or_calculated
15-216,edible_proportion,1.00,1.0,measured_or_calculated
15-215,edible_proportion,1.00,1.0,measured_or_calculated
15-218,edible_proportion,1.00,1.0,measured_or_calculated
15-217,edible_proportion,1.00,1.0,measured_or_calculated
15-220,edible_proportion,1.00,1.0,measured_or_calculated
15-219,edible_proportion,1.00,1.0,measured_or_calculated
15-208,edible_proportion,1.00,1.0,measured_or_calculated
15-209,edible_proportion,1.00,1.0,measured_or_calculated
15-210,edible_proportion,1.00,1.0,measured_or_calculated
15-211,edible_proportion,1.00,1.0,measured_or_calculated
15-212,edible_proportion,1.00,1.0,measured_or_calculated
15-643,edible_proportion,1.00,1.0,measured_or_calculated
15-214,edible_proportion,1.00,1.0,measured_or_calculated
15-221,edible_proportion,1.00,1.0,measured_or_calculated
13-877,edible_proportion,1.00,1.0,measured_or_calculated
13-877,nitrogen_conversion_factor,6.25,6.25,measured_or_calculated
14-880,edible_proportion,1.00,1.0,measured_or_calculated
11-1100,edible_proportion,1.00,1.0,measured_or_calculated
11-823,edible_proportion,1.00,1.0,measured_or_calculated
11-823,nitrogen_conversion_factor,5.83,5.83,measured_or_calculated
11-823,glycerol_conversion_factor,0.956,0.956,measured_or_calculated
16-259,edible_proportion,0.79,0.79,measured_or_calculated
17-031,edible_proportion,1.00,1.0,measured_or_calculated
17-031,glycerol_conversion_factor,0.942,0.942,measured_or_calculated
17-488,edible_proportion,1.00,1.0,measured_or_calculated
17-488,nitrogen_conversion_factor,6.25,6.25,measured_or_calculated
17-488,glycerol_conversion_factor,0.956,0.956,measured_or_calculated
17-033,edible_proportion,1.00,1.0,measured_or_calculated
17-033,glycerol_conversion_factor,0.960,0.96,measured_or_calculated
17-034,edible_proportion,1.00,1.0,measured_or_calculated
17-034,glycerol_conversion_factor,0.960,0.96,measured_or_calculated
17-035,edible_proportion,1.00,1.0,measured_or_calculated
17-036,edible_proportion,1.00,1.0,measured_or_calculated
17-036,glycerol_conversion_factor,0.960,0.96,measured_or_calculated
17-037,edible_proportion,1.00,1.0,measured_or_calculated
17-037,glycerol_conversion_factor,0.960,0.96,measured_or_calculated
17-038,edible_proportion,1.00,1.0,measured_or_calculated
17-038,glycerol_conversion_factor,0.960,0.96,measured_or_calculated
17-039,edible_proportion,1.00,1.0,measured_or_calculated
17-039,glycerol_conversion_factor,0.960,0.96,measured_or_calculated
17-040,edible_proportion,1.00,1.0,measured_or_calculated
17-040,glycerol_conversion_factor,0.960,0.96,measured_or_calculated
17-041,edible_proportion,1.00,1.0,measured_or_calculated
17-041,glycerol_conversion_factor,0.960,0.96,measured_or_calculated
17-042,edible_proportion,1.00,1.0,measured_or_calculated
17-042,glycerol_conversion_factor,0.960,0.96,measured_or_calculated
17-043,edible_proportion,1.00,1.0,measured_or_calculated
17-043,glycerol_conversion_factor,0.960,0.96,measured_or_calculated
17-044,edible_proportion,1.00,1.0,measured_or_calculated
17-044,glycerol_conversion_factor,0.960,0.96,measured_or_calculated
17-045,edible_proportion,1.00,1.0,measured_or_calculated
17-045,glycerol_conversion_factor,0.960,0.96,measured_or_calculated
17-686,edible_proportion,1.00,1.0,measured_or_calculated
17-686,glycerol_conversion_factor,0.960,0.96,measured_or_calculated
17-047,edible_proportion,1.00,1.0,measured_or_calculated
17-047,glycerol_conversion_factor,0.960,0.96,measured_or_calculated
17-048,edible_proportion,1.00,1.0,measured_or_calculated
17-048,glycerol_conversion_factor,0.960,0.96,measured_or_calculated
15-824,edible_proportion,1.00,1.0,measured_or_calculated
15-825,edible_proportion,1.00,1.0,measured_or_calculated
13-652,edible_proportion,1,1.0,measured_or_calculated
13-652,nitrogen_conversion_factor,6.25,6.25,measured_or_calculated
13-652,glycerol_conversion_factor,0.8,0.8,measured_or_calculated
13-300,edible_proportion,0.74,0.74,measured_or_calculated
13-300,nitrogen_conversion_factor,6.25,6.25,measured_or_calculated
13-302,edible_proportion,1.00,1.0,measured_or_calculated
13-302,nitrogen_conversion_factor,6.25,6.25,measured_or_calculated
14-340,edible_proportion,1.00,1.0,measured_or_calculated
14-340,glycerol_conversion_factor,0.800,0.8,measured_or_calculated
14-359,edible_proportion,0.80,0.8,measured_or_calculated
14-359,nitrogen_conversion_factor,6.25,6.25,measured_or_calculated
14-359,glycerol_conversion_factor,0.800,0.8,measured_or_calculated
12-947,edible_proportion,1.00,1.0,measured_or_calculated
12-956,edible_proportion,1.00,1.0,measured_or_calculated
12-946,edible_proportion,1.00,1.0,measured_or_calculated
12-957,edible_proportion,1.00,1.0,measured_or_calculated
17-815,edible_proportion,1.00,1.0,measured_or_calculated
17-816,edible_proportion,1.00,1.0,measured_or_calculated
17-817,edible_proportion,1.00,1.0,measured_or_calculated
13-589,edible_proportion,1.00,1.0,measured_or_calculated
13-589,nitrogen_conversion_factor,6.25,6.25,measured_or_calculated
13-589,glycerol_conversion_factor,0.800,0.8,measured_or_calculated
13-500,edible_proportion,1.00,1.0,measured_or_calculated
13-500,nitrogen_conversion_factor,6.25,6.25,measured_or_calculated
13-590,edible_proportion,1.00,1.0,measured_or_calculated
13-590,nitrogen_conversion_factor,6.25,6.25,measured_or_calculated
13-590,glycerol_conversion_factor,0.800,0.8,measured_or_calculated
13-611,edible_proportion,1.00,1.0,measured_or_calculated
13-611,nitrogen_conversion_factor,6.25,6.25,measured_or_calculated
13-611,glycerol_conversion_factor,0.956,0.956,measured_or_calculated
13-592,edible_proportion,1.00,1.0,measured_or_calculated
13-592,nitrogen_conversion_factor,6.25,6.25,measured_or_calculated
13-592,glycerol_conversion_factor,0.956,0.956,measured_or_calculated
13-593,edible_proportion,1.00,1.0,measured_or_calculated
13-593,nitrogen_conversion_factor,6.25,6.25,measured_or_calculated
13-593,glycerol_conversion_factor,0.953,0.953,measured_or_calculated
13-591,edible_proportion,1.00,1.0,measured_or_calculated
13-591,nitrogen_conversion_factor,6.25,6.25,measured_or_calculated
13-591,glycerol_conversion_factor,0.956,0.956,measured_or_calculated
13-501,edible_proportion,1.00,1.0,measured_or_calculated
13-501,nitrogen_conversion_factor,6.25,6.25,measured_or_calculated
13-309,edible_proportion,0.58,0.58,measured_or_calculated
13-309,nitrogen_conversion_factor,6.25,6.25,measured_or_calculated
13-499,edible_proportion,0.90,0.9,measured_or_calculated
13-499,nitrogen_conversion_factor,6.25,6.25,measured_or_calculated
14-330,edible_proportion,1.00,1.0,measured_or_calculated
14-330,nitrogen_conversion_factor,6.25,6.25,measured_or_calculated
14-329,edible_proportion,1.00,1.0,measured_or_calculated
14-329,nitrogen_conversion_factor,6.25,6.25,measured_or_calculated
14-369,edible_proportion,1.00,1.0,measured_or_calculated
14-369,nitrogen_conversion_factor,6.25,6.25,measured_or_calculated
14-370,edible_proportion,0.46,0.46,measured_or_calculated
14-370,nitrogen_conversion_factor,6.25,6.25,measured_or_calculated
16-199,edible_proportion,N,,present_amount_unknown
14-327,edible_proportion,0.71,0.71,measured_or_calculated
14-327,nitrogen_conversion_factor,6.25,6.25,measured_or_calculated
14-360,edible_proportion,0.71,0.71,measured_or_calculated
14-360,nitrogen_conversion_factor,6.25,6.25,measured_or_calculated
14-360,glycerol_conversion_factor,0.800,0.8,measured_or_calculated
13-878,edible_proportion,1.00,1.0,measured_or_calculated
13-878,nitrogen_conversion_factor,6.25,6.25,measured_or_calculated
13-891,edible_proportion,1.00,1.0,measured_or_calculated
13-891,nitrogen_conversion_factor,6.25,6.25,measured_or_calculated
13-891,glycerol_conversion_factor,0.800,0.8,measured_or_calculated
14-177,edible_proportion,0.73,0.73,measured_or_calculated
17-818,edible_proportion,1.00,1.0,measured_or_calculated
17-819,edible_proportion,1.00,1.0,measured_or_calculated
17-820,edible_proportion,1.00,1.0,measured_or_calculated
17-734,edible_proportion,1.00,1.0,measured_or_calculated
17-734,nitrogen_conversion_factor,6.38,6.38,measured_or_calculated
17-734,glycerol_conversion_factor,0.956,0.956,measured_or_calculated
18-420,edible_proportion,1.00,1.0,measured_or_calculated
50-494,edible_proportion,0.37,0.37,measured_or_calculated
18-419,edible_proportion,0.38,0.38,measured_or_calculated
16-260,edible_proportion,1.00,1.0,measured_or_calculated
16-260,glycerol_conversion_factor,0.700,0.7,measured_or_calculated
16-261,edible_proportion,0.14,0.14,measured_or_calculated
13-516,edible_proportion,1.00,1.0,measured_or_calculated
13-516,nitrogen_conversion_factor,6.25,6.25,measured_or_calculated
15-620,edible_proportion,1.00,1.0,measured_or_calculated
15-620,nitrogen_conversion_factor,6.25,6.25,measured_or_calculated
15-826,edible_proportion,1.00,1.0,measured_or_calculated
15-827,edible_proportion,1.00,1.0,measured_or_calculated
15-828,edible_proportion,1.00,1.0,measured_or_calculated
15-829,edible_proportion,1,1.0,measured_or_calculated
15-830,edible_proportion,1.00,1.0,measured_or_calculated
15-831,edible_proportion,1.00,1.0,measured_or_calculated
15-832,edible_proportion,1.00,1.0,measured_or_calculated
15-653,edible_proportion,1.00,1.0,measured_or_calculated
15-653,nitrogen_conversion_factor,6.25,6.25,measured_or_calculated
11-1101,edible_proportion,1.00,1.0,measured_or_calculated
11-922,edible_proportion,1.00,1.0,measured_or_calculated
11-922,nitrogen_conversion_factor,5.70,5.7,measured_or_calculated
11-922,glycerol_conversion_factor,0.956,0.956,measured_or_calculated
11-959,edible_proportion,1.00,1.0,measured_or_calculated
11-1102,edible_proportion,1.00,1.0,measured_or_calculated
11-1103,edible_proportion,1.00,1.0,measured_or_calculated
15-645,edible_proportion,1.00,1.0,measured_or_calculated
15-833,edible_proportion,1.00,1.0,measured_or_calculated
11-1143,edible_proportion,1.00,1.0,measured_or_calculated
11-1141,edible_proportion,1.00,1.0,measured_or_calculated
11-1142,edible_proportion,1.00,1.0,measured_or_calculated
16-432,edible_proportion,1,1.0,measured_or_calculated
16-433,edible_proportion,1.00,1.0,measured_or_calculated
16-433,nitrogen_conversion_factor,6.25,6.25,measured_or_calculated
16-433,glycerol_conversion_factor,0.700,0.7,measured_or_calculated
16-382,edible_proportion,1.00,1.0,measured_or_calculated
16-382,nitrogen_conversion_factor,6.25,6.25,measured_or_calculated
16-382,glycerol_conversion_factor,0.700,0.7,measured_or_calculated
11-998,edible_proportion,1.00,1.0,measured_or_calculated
11-998,nitrogen_conversion_factor,6.25,6.25,measured_or_calculated
11-998,glycerol_conversion_factor,0.956,0.956,measured_or_calculated
14-390,edible_proportion,1,1.0,measured_or_calculated
14-390,nitrogen_conversion_factor,6.25,6.25,measured_or_calculated
14-390,glycerol_conversion_factor,0.8,0.8,measured_or_calculated
14-397,edible_proportion,0.6,0.6,measured_or_calculated
14-397,nitrogen_conversion_factor,6.25,6.25,measured_or_calculated
14-397,glycerol_conversion_factor,0.8,0.8,measured_or_calculated
13-311,edible_proportion,0.68,0.68,measured_or_calculated
13-879,edible_proportion,1.00,1.0,measured_or_calculated
13-879,nitrogen_conversion_factor,6.25,6.25,measured_or_calculated
11-1104,edible_proportion,1.00,1.0,measured_or_calculated
16-101,edible_proportion,0.65,0.65,measured_or_calculated
13-845,edible_proportion,1.00,1.0,measured_or_calculated
13-844,edible_proportion,0.80,0.8,measured_or_calculated
13-844,nitrogen_conversion_factor,6.25,6.25,measured_or_calculated
13-631,edible_proportion,1,1.0,measured_or_calculated
13-631,nitrogen_conversion_factor,6.25,6.25,measured_or_calculated
13-631,glycerol_conversion_factor,0.8,0.8,measured_or_calculated
13-312,edible_proportion,0.72,0.72,measured_or_calculated
13-312,nitrogen_conversion_factor,6.25,6.25,measured_or_calculated
13-632,edible_proportion,1,1.0,measured_or_calculated
13-632,nitrogen_conversion_factor,6.25,6.25,measured_or_calculated
13-632,glycerol_conversion_factor,0.956,0.956,measured_or_calculated
18-381,edible_proportion,1.00,1.0,measured_or_calculated
18-382,edible_proportion,0.60,0.6,measured_or_calculated
14-285,edible_proportion,1.00,1.0,measured_or_calculated
14-178,edible_proportion,1.00,1.0,measured_or_calculated
14-178,nitrogen_conversion_factor,6.25,6.25,measured_or_calculated
14-179,edible_proportion,0.61,0.61,measured_or_calculated
11-734,edible_proportion,1.00,1.0,measured_or_calculated
11-734,nitrogen_conversion_factor,5.70,5.7,measured_or_calculated
11-734,glycerol_conversion_factor,0.956,0.956,measured_or_calculated
11-717,edible_proportion,1.00,1.0,measured_or_calculated
11-717,nitrogen_conversion_factor,5.70,5.7,measured_or_calculated
11-717,glycerol_conversion_factor,0.670,0.67,measured_or_calculated
19-611,edible_proportion,1.00,1.0,measured_or_calculated
19-483,edible_proportion,1.00,1.0,measured_or_calculated
11-729,edible_proportion,1.00,1.0,measured_or_calculated
11-729,nitrogen_conversion_factor,6.38,6.38,measured_or_calculated
11-729,glycerol_conversion_factor,0.945,0.945,measured_or_calculated
11-728,edible_proportion,1.00,1.0,measured_or_calculated
11-728,nitrogen_conversion_factor,6.38,6.38,measured_or_calculated
11-728,glycerol_conversion_factor,0.945,0.945,measured_or_calculated
11-731,edible_proportion,1.00,1.0,measured_or_calculated
11-731,nitrogen_conversion_factor,6.38,6.38,measured_or_calculated
11-731,glycerol_conversion_factor,0.945,0.945,measured_or_calculated
11-732,edible_proportion,1.00,1.0,measured_or_calculated
11-732,nitrogen_conversion_factor,6.25,6.25,measured_or_calculated
11-732,glycerol_conversion_factor,0.910,0.91,measured_or_calculated
11-730,edible_proportion,1.00,1.0,measured_or_calculated
11-730,nitrogen_conversion_factor,6.38,6.38,measured_or_calculated
11-730,glycerol_conversion_factor,0.945,0.945,measured_or_calculated
11-726,edible_proportion,1.00,1.0,measured_or_calculated
11-726,nitrogen_conversion_factor,5.70,5.7,measured_or_calculated
11-726,glycerol_conversion_factor,0.830,0.83,measured_or_calculated
11-715,edible_proportion,1.00,1.0,measured_or_calculated
11-715,nitrogen_conversion_factor,5.70,5.7,measured_or_calculated
11-715,glycerol_conversion_factor,0.830,0.83,measured_or_calculated
11-727,edible_proportion,1.00,1.0,measured_or_calculated
11-727,nitrogen_conversion_factor,5.70,5.7,measured_or_calculated
11-727,glycerol_conversion_factor,0.830,0.83,measured_or_calculated
11-450,edible_proportion,1.00,1.0,measured_or_calculated
11-450,nitrogen_conversion_factor,5.70,5.7,measured_or_calculated
11-450,glycerol_conversion_factor,0.670,0.67,measured_or_calculated
11-736,edible_proportion,1.00,1.0,measured_or_calculated
11-736,nitrogen_conversion_factor,6.25,6.25,measured_or_calculated
11-736,glycerol_conversion_factor,0.916,0.916,measured_or_calculated
11-735,edible_proportion,1.00,1.0,measured_or_calculated
11-735,nitrogen_conversion_factor,5.70,5.7,measured_or_calculated
11-735,glycerol_conversion_factor,0.670,0.67,measured_or_calculated
11-720,edible_proportion,1.00,1.0,measured_or_calculated
11-720,nitrogen_conversion_factor,5.70,5.7,measured_or_calculated
11-720,glycerol_conversion_factor,0.670,0.67,measured_or_calculated
11-1129,edible_proportion,1.00,1.0,measured_or_calculated
11-1129,nitrogen_conversion_factor,5.70,5.7,measured_or_calculated
11-1129,glycerol_conversion_factor,0.670,0.67,measured_or_calculated
11-716,edible_proportion,1.00,1.0,measured_or_calculated
11-716,nitrogen_conversion_factor,5.70,5.7,measured_or_calculated
11-716,glycerol_conversion_factor,0.670,0.67,measured_or_calculated
11-722,edible_proportion,1.00,1.0,measured_or_calculated
11-722,nitrogen_conversion_factor,5.70,5.7,measured_or_calculated
11-722,glycerol_conversion_factor,0.670,0.67,measured_or_calculated
11-721,edible_proportion,1.00,1.0,measured_or_calculated
11-721,nitrogen_conversion_factor,5.70,5.7,measured_or_calculated
11-721,glycerol_conversion_factor,0.670,0.67,measured_or_calculated
11-723,edible_proportion,1.00,1.0,measured_or_calculated
11-723,nitrogen_conversion_factor,5.83,5.83,measured_or_calculated
11-723,glycerol_conversion_factor,0.720,0.72,measured_or_calculated
11-718,edible_proportion,1.00,1.0,measured_or_calculated
11-718,nitrogen_conversion_factor,5.83,5.83,measured_or_calculated
15-835,edible_proportion,1.00,1.0,measured_or_calculated
11-230,edible_proportion,1,1.0,measured_or_calculated
11-844,edible_proportion,1.00,1.0,measured_or_calculated
11-844,nitrogen_conversion_factor,6.25,6.25,measured_or_calculated
11-844,glycerol_conversion_factor,0.945,0.945,measured_or_calculated
11-1064,edible_proportion,1.00,1.0,measured_or_calculated
11-843,edible_proportion,1.00,1.0,measured_or_calculated
11-843,nitrogen_conversion_factor,5.70,5.7,measured_or_calculated
11-843,glycerol_conversion_factor,0.945,0.945,measured_or_calculated
11-841,edible_proportion,1.00,1.0,measured_or_calculated
11-841,nitrogen_conversion_factor,5.70,5.7,measured_or_calculated
11-841,glycerol_conversion_factor,0.956,0.956,measured_or_calculated
11-842,edible_proportion,1.00,1.0,measured_or_calculated
11-842,nitrogen_conversion_factor,5.70,5.7,measured_or_calculated
11-842,glycerol_conversion_factor,0.956,0.956,measured_or_calculated
11-992,edible_proportion,1.00,1.0,measured_or_calculated
11-1049,edible_proportion,1.00,1.0,measured_or_calculated
11-1048,edible_proportion,1.00,1.0,measured_or_calculated
11-856,edible_proportion,1.00,1.0,measured_or_calculated
11-856,nitrogen_conversion_factor,5.70,5.7,measured_or_calculated
11-856,glycerol_conversion_factor,0.956,0.956,measured_or_calculated
11-855,edible_proportion,1.00,1.0,measured_or_calculated
11-855,nitrogen_conversion_factor,5.70,5.7,measured_or_calculated
11-855,glycerol_conversion_factor,0.956,0.956,measured_or_calculated
11-1139,edible_proportion,1.00,1.0,measured_or_calculated
11-1140,edible_proportion,1.00,1.0,measured_or_calculated
11-854,edible_proportion,1.00,1.0,measured_or_calculated
11-854,nitrogen_conversion_factor,5.70,5.7,measured_or_calculated
11-854,glycerol_conversion_factor,0.956,0.956,measured_or_calculated
11-852,edible_proportion,1.00,1.0,measured_or_calculated
11-852,nitrogen_conversion_factor,5.70,5.7,measured_or_calculated
11-852,glycerol_conversion_factor,0.956,0.956,measured_or_calculated
11-1052,edible_proportion,1.00,1.0,measured_or_calculated
11-853,edible_proportion,1.00,1.0,measured_or_calculated
11-853,nitrogen_conversion_factor,5.70,5.7,measured_or_calculated
11-853,glycerol_conversion_factor,0.956,0.956,measured_or_calculated
11-851,edible_proportion,1.00,1.0,measured_or_calculated
11-851,nitrogen_conversion_factor,5.70,5.7,measured_or_calculated
11-851,glycerol_conversion_factor,0.956,0.956,measured_or_calculated
11-1017,edible_proportion,1.00,1.0,measured_or_calculated
11-961,edible_proportion,1.00,1.0,measured_or_calculated
11-1010,edible_proportion,1.00,1.0,measured_or_calculated
15-646,edible_proportion,1.00,1.0,measured_or_calculated
15-836,edible_proportion,1.00,1.0,measured_or_calculated
19-317,edible_proportion,1.00,1.0,measured_or_calculated
19-317,nitrogen_conversion_factor,6.25,6.25,measured_or_calculated
19-317,glycerol_conversion_factor,0.740,0.74,measured_or_calculated
19-145,edible_proportion,1.00,1.0,measured_or_calculated
19-145,glycerol_conversion_factor,0.740,0.74,measured_or_calculated
16-451,edible_proportion,1.00,1.0,measured_or_calculated
16-451,nitrogen_conversion_factor,6.25,6.25,measured_or_calculated
13-315,edible_proportion,1.00,1.0,measured_or_calculated
12-475,edible_proportion,1.00,1.0,measured_or_calculated
12-475,nitrogen_conversion_factor,6.25,6.25,measured_or_calculated
12-475,glycerol_conversion_factor,0.945,0.945,measured_or_calculated
12-552,edible_proportion,1.00,1.0,measured_or_calculated
12-552,nitrogen_conversion_factor,6.25,6.25,measured_or_calculated
12-552,glycerol_conversion_factor,0.956,0.956,measured_or_calculated
12-594,edible_proportion,1.00,1.0,measured_or_calculated
14-188,edible_proportion,1.00,1.0,measured_or_calculated
14-188,nitrogen_conversion_factor,6.25,6.25,measured_or_calculated
14-189,edible_proportion,1.00,1.0,measured_or_calculated
14-189,nitrogen_conversion_factor,6.25,6.25,measured_or_calculated
14-312,edible_proportion,0.90,0.9,measured_or_calculated
14-299,edible_proportion,1.00,1.0,measured_or_calculated
14-299,nitrogen_conversion_factor,6.25,6.25,measured_or_calculated
14-299,glycerol_conversion_factor,0.800,0.8,measured_or_calculated
17-116,edible_proportion,1.00,1.0,measured_or_calculated
14-892,edible_proportion,1.00,1.0,measured_or_calculated
14-892,nitrogen_conversion_factor,5.46,5.46,measured_or_calculated
14-892,glycerol_conversion_factor,0.956,0.956,measured_or_calculated
14-882,edible_proportion,1.00,1.0,measured_or_calculated
14-878,edible_proportion,1.00,1.0,measured_or_calculated
14-878,nitrogen_conversion_factor,5.46,5.46,measured_or_calculated
14-878,glycerol_conversion_factor,0.956,0.956,measured_or_calculated
14-877,edible_proportion,1.00,1.0,measured_or_calculated
14-877,nitrogen_conversion_factor,5.46,5.46,measured_or_calculated
14-877,glycerol_conversion_factor,0.956,0.956,measured_or_calculated
14-886,edible_proportion,0.69,0.69,measured_or_calculated
14-894,edible_proportion,1.00,1.0,measured_or_calculated
14-894,nitrogen_conversion_factor,5.41,5.41,measured_or_calculated
14-894,glycerol_conversion_factor,0.956,0.956,measured_or_calculated
14-834,edible_proportion,1.00,1.0,measured_or_calculated
14-834,nitrogen_conversion_factor,5.46,5.46,measured_or_calculated
14-361,edible_proportion,0.85,0.85,measured_or_calculated
14-361,nitrogen_conversion_factor,6.25,6.25,measured_or_calculated
14-361,glycerol_conversion_factor,0.800,0.8,measured_or_calculated
14-365,edible_proportion,1.00,1.0,measured_or_calculated
14-365,nitrogen_conversion_factor,6.25,6.25,measured_or_calculated
14-367,edible_proportion,1.00,1.0,measured_or_calculated
14-367,nitrogen_conversion_factor,6.25,6.25,measured_or_calculated
14-368,edible_proportion,1.00,1.0,measured_or_calculated
14-368,nitrogen_conversion_factor,6.25,6.25,measured_or_calculated
14-197,edible_proportion,1.00,1.0,measured_or_calculated
14-197,nitrogen_conversion_factor,6.25,6.25,measured_or_calculated
14-196,edible_proportion,1.00,1.0,measured_or_calculated
14-205,edible_proportion,1.00,1.0,measured_or_calculated
14-206,edible_proportion,0.89,0.89,measured_or_calculated
14-321,edible_proportion,0.85,0.85,measured_or_calculated
14-321,nitrogen_conversion_factor,6.25,6.25,measured_or_calculated
14-366,edible_proportion,0.70,0.7,measured_or_calculated
14-366,nitrogen_conversion_factor,6.25,6.25,measured_or_calculated
13-439,edible_proportion,1.00,1.0,measured_or_calculated
13-439,nitrogen_conversion_factor,6.25,6.25,measured_or_calculated
13-439,glycerol_conversion_factor,0.800,0.8,measured_or_calculated
13-564,edible_proportion,0.67,0.67,measured_or_calculated
13-564,nitrogen_conversion_factor,6.25,6.25,measured_or_calculated
13-564,glycerol_conversion_factor,0.800,0.8,measured_or_calculated
13-131,edible_proportion,1.00,1.0,measured_or_calculated
13-130,edible_proportion,1.00,1.0,measured_or_calculated
13-536,edible_proportion,1.00,1.0,measured_or_calculated
13-536,nitrogen_conversion_factor,6.25,6.25,measured_or_calculated
13-528,edible_proportion,1.00,1.0,measured_or_calculated
13-528,nitrogen_conversion_factor,6.25,6.25,measured_or_calculated
13-527,edible_proportion,1.00,1.0,measured_or_calculated
13-527,nitrogen_conversion_factor,6.25,6.25,measured_or_calculated
13-527,glycerol_conversion_factor,0.800,0.8,measured_or_calculated
13-641,edible_proportion,1,1.0,measured_or_calculated
13-641,nitrogen_conversion_factor,6.25,6.25,measured_or_calculated
13-641,glycerol_conversion_factor,0.8,0.8,measured_or_calculated
13-122,edible_proportion,0.92,0.92,measured_or_calculated
13-122,nitrogen_conversion_factor,6.25,6.25,measured_or_calculated
13-642,edible_proportion,1,1.0,measured_or_calculated
13-642,nitrogen_conversion_factor,6.25,6.25,measured_or_calculated
13-642,glycerol_conversion_factor,0.956,0.956,measured_or_calculated
13-562,edible_proportion,0.62,0.62,measured_or_calculated
13-562,nitrogen_conversion_factor,6.25,6.25,measured_or_calculated
13-563,edible_proportion,1.00,1.0,measured_or_calculated
13-563,nitrogen_conversion_factor,6.25,6.25,measured_or_calculated
13-563,glycerol_conversion_factor,0.800,0.8,measured_or_calculated
13-438,edible_proportion,0.37,0.37,measured_or_calculated
13-438,nitrogen_conversion_factor,6.25,6.25,measured_or_calculated
13-438,glycerol_conversion_factor,0.800,0.8,measured_or_calculated
13-142,edible_proportion,1.00,1.0,measured_or_calculated
13-141,edible_proportion,1.00,1.0,measured_or_calculated
13-594,edible_proportion,1.00,1.0,measured_or_calculated
13-594,nitrogen_conversion_factor,6.25,6.25,measured_or_calculated
13-594,glycerol_conversion_factor,0.800,0.8,measured_or_calculated
13-143,edible_proportion,0.93,0.93,measured_or_calculated
14-837,edible_proportion,1.00,1.0,measured_or_calculated
14-837,nitrogen_conversion_factor,5.30,5.3,measured_or_calculated
14-838,edible_proportion,0.49,0.49,measured_or_calculated
14-338,edible_proportion,1.00,1.0,measured_or_calculated
14-338,nitrogen_conversion_factor,6.25,6.25,measured_or_calculated
13-880,edible_proportion,1.00,1.0,measured_or_calculated
13-880,nitrogen_conversion_factor,6.25,6.25,measured_or_calculated
13-525,edible_proportion,1.00,1.0,measured_or_calculated
13-525,nitrogen_conversion_factor,6.25,6.25,measured_or_calculated
13-524,edible_proportion,0.84,0.84,measured_or_calculated
13-524,nitrogen_conversion_factor,6.25,6.25,measured_or_calculated
13-537,edible_proportion,1.00,1.0,measured_or_calculated
13-537,nitrogen_conversion_factor,6.25,6.25,measured_or_calculated
13-526,edible_proportion,0.84,0.84,measured_or_calculated
13-526,nitrogen_conversion_factor,6.25,6.25,measured_or_calculated
13-847,edible_proportion,1.00,1.0,measured_or_calculated
13-881,edible_proportion,1.00,1.0,measured_or_calculated
13-881,nitrogen_conversion_factor,6.25,6.25,measured_or_calculated
17-830,edible_proportion,1.00,1.0,measured_or_calculated
17-117,edible_proportion,1.00,1.0,measured_or_calculated
17-117,nitrogen_conversion_factor,6.25,6.25,measured_or_calculated
13-316,edible_proportion,0.90,0.9,measured_or_calculated
13-316,nitrogen_conversion_factor,6.25,6.25,measured_or_calculated
13-317,edible_proportion,0.87,0.87,measured_or_calculated
13-548,edible_proportion,1.00,1.0,measured_or_calculated
13-548,nitrogen_conversion_factor,6.25,6.25,measured_or_calculated
13-318,edible_proportion,0.84,0.84,measured_or_calculated
13-318,nitrogen_conversion_factor,6.25,6.25,measured_or_calculated
15-837,edible_proportion,1.00,1.0,measured_or_calculated
15-852,edible_proportion,1.00,1.0,measured_or_calculated
19-632,edible_proportion,1.00,1.0,measured_or_calculated
15-838,edible_proportion,1.00,1.0,measured_or_calculated
17-622,edible_proportion,1.00,1.0,measured_or_calculated
17-622,nitrogen_conversion_factor,6.38,6.38,measured_or_calculated
17-622,glycerol_conversion_factor,0.956,0.956,measured_or_calculated
17-623,edible_proportion,1.00,1.0,measured_or_calculated
17-623,nitrogen_conversion_factor,6.38,6.38,measured_or_calculated
17-623,glycerol_conversion_factor,0.956,0.956,measured_or_calculated
18-383,edible_proportion,1.00,1.0,measured_or_calculated
18-384,edible_proportion,0.52,0.52,measured_or_calculated
14-207,edible_proportion,0.87,0.87,measured_or_calculated
17-702,edible_proportion,1.00,1.0,measured_or_calculated
17-718,edible_proportion,1.00,1.0,measured_or_calculated
17-718,nitrogen_conversion_factor,6.25,6.25,measured_or_calculated
11-1024,edible_proportion,1.00,1.0,measured_or_calculated
11-1025,edible_proportion,1.00,1.0,measured_or_calculated
11-920,edible_proportion,1.00,1.0,measured_or_calculated
11-920,nitrogen_conversion_factor,6.25,6.25,measured_or_calculated
11-920,glycerol_conversion_factor,0.956,0.956,measured_or_calculated
11-921,edible_proportion,1.00,1.0,measured_or_calculated
11-921,nitrogen_conversion_factor,6.25,6.25,measured_or_calculated
11-921,glycerol_conversion_factor,0.956,0.956,measured_or_calculated
11-1026,edible_proportion,1.00,1.0,measured_or_calculated
11-1027,edible_proportion,1.00,1.0,measured_or_calculated
12-394,edible_proportion,1.00,1.0,measured_or_calculated
12-394,nitrogen_conversion_factor,6.25,6.25,measured_or_calculated
12-394,glycerol_conversion_factor,0.956,0.956,measured_or_calculated
18-505,edible_proportion,1.00,1.0,measured_or_calculated
18-505,nitrogen_conversion_factor,6.25,6.25,measured_or_calculated
18-505,glycerol_conversion_factor,0.953,0.953,measured_or_calculated
18-506,edible_proportion,1.00,1.0,measured_or_calculated
18-506,nitrogen_conversion_factor,6.25,6.25,measured_or_calculated
18-506,glycerol_conversion_factor,0.953,0.953,measured_or_calculated
12-560,edible_proportion,1.00,1.0,measured_or_calculated
19-559,edible_proportion,1.00,1.0,measured_or_calculated
19-515,edible_proportion,1.00,1.0,measured_or_calculated
19-515,nitrogen_conversion_factor,6.25,6.25,measured_or_calculated
19-515,glycerol_conversion_factor,0.950,0.95,measured_or_calculated
19-575,edible_proportion,1.00,1.0,measured_or_calculated
19-494,edible_proportion,1.00,1.0,measured_or_calculated
19-494,nitrogen_conversion_factor,6.25,6.25,measured_or_calculated
19-494,glycerol_conversion_factor,0.950,0.95,measured_or_calculated
16-460,edible_proportion,1.00,1.0,measured_or_calculated
16-410,edible_proportion,1.00,1.0,measured_or_calculated
16-410,nitrogen_conversion_factor,6.25,6.25,measured_or_calculated
16-410,glycerol_conversion_factor,0.945,0.945,measured_or_calculated
11-847,edible_proportion,1.00,1.0,measured_or_calculated
11-847,nitrogen_conversion_factor,5.70,5.7,measured_or_calculated
11-847,glycerol_conversion_factor,0.956,0.956,measured_or_calculated
11-1007,edible_proportion,1.00,1.0,measured_or_calculated
11-1073,edible_proportion,1.00,1.0,measured_or_calculated
11-1008,edible_proportion,1.00,1.0,measured_or_calculated
11-1075,edible_proportion,1.00,1.0,measured_or_calculated
11-1074,edible_proportion,1.00,1.0,measured_or_calculated
11-1076,edible_proportion,1.00,1.0,measured_or_calculated
11-1077,edible_proportion,1.00,1.0,measured_or_calculated
11-1078,edible_proportion,1.00,1.0,measured_or_calculated
19-058,edible_proportion,1.00,1.0,measured_or_calculated
11-548,edible_proportion,1.00,1.0,measured_or_calculated
11-548,nitrogen_conversion_factor,5.70,5.7,measured_or_calculated
11-548,glycerol_conversion_factor,0.956,0.956,measured_or_calculated
15-816,edible_proportion,1.00,1.0,measured_or_calculated
15-839,edible_proportion,1.00,1.0,measured_or_calculated
15-840,edible_proportion,1.00,1.0,measured_or_calculated
19-629,edible_proportion,1.00,1.0,measured_or_calculated
19-557,edible_proportion,1.00,1.0,measured_or_calculated
19-639,edible_proportion,1.00,1.0,measured_or_calculated
15-647,edible_proportion,1.00,1.0,measured_or_calculated
15-841,edible_proportion,1.00,1.0,measured_or_calculated
18-385,edible_proportion,1.00,1.0,measured_or_calculated
18-386,edible_proportion,0.47,0.47,measured_or_calculated
15-842,edible_proportion,1.00,1.0,measured_or_calculated
15-843,edible_proportion,1.00,1.0,measured_or_calculated
15-845,edible_proportion,1.00,1.0,measured_or_calculated
15-844,edible_proportion,1.00,1.0,measured_or_calculated
15-846,edible_proportion,1.00,1.0,measured_or_calculated
16-461,edible_proportion,1.00,1.0,measured_or_calculated
12-472,edible_proportion,1.00,1.0,measured_or_calculated
12-472,nitrogen_conversion_factor,6.25,6.25,measured_or_calculated
14-839,edible_proportion,1.00,1.0,measured_or_calculated
14-839,nitrogen_conversion_factor,5.30,5.3,measured_or_calculated
14-286,edible_proportion,1.00,1.0,measured_or_calculated
14-211,edible_proportion,1.00,1.0,measured_or_calculated
14-211,nitrogen_conversion_factor,6.25,6.25,measured_or_calculated
14-212,edible_proportion,1.00,1.0,measured_or_calculated
14-212,nitrogen_conversion_factor,6.25,6.25,measured_or_calculated
14-396,edible_proportion,1,1.0,measured_or_calculated
14-396,nitrogen_conversion_factor,6.25,6.25,measured_or_calculated
14-396,glycerol_conversion_factor,0.8,0.8,measured_or_calculated
14-376,edible_proportion,1,1.0,measured_or_calculated
14-376,nitrogen_conversion_factor,6.25,6.25,measured_or_calculated
14-376,glycerol_conversion_factor,0.8,0.8,measured_or_calculated
14-377,edible_proportion,0.43,0.43,measured_or_calculated
14-377,nitrogen_conversion_factor,6.25,6.25,measured_or_calculated
14-377,glycerol_conversion_factor,0.8,0.8,measured_or_calculated
11-1105,edible_proportion,1.00,1.0,measured_or_calculated
14-840,edible_proportion,1.00,1.0,measured_or_calculated
14-840,nitrogen_conversion_factor,5.30,5.3,measured_or_calculated
14-841,edible_proportion,0.55,0.55,measured_or_calculated
11-1016,edible_proportion,1.00,1.0,measured_or_calculated
11-1016,nitrogen_conversion_factor,5.70,5.7,measured_or_calculated
11-1016,glycerol_conversion_factor,0.956,0.956,measured_or_calculated
11-936,edible_proportion,1.00,1.0,measured_or_calculated
11-936,nitrogen_conversion_factor,6.25,6.25,measured_or_calculated
11-936,glycerol_conversion_factor,0.945,0.945,measured_or_calculated
11-1012,edible_proportion,1.00,1.0,measured_or_calculated
11-1012,nitrogen_conversion_factor,6.25,6.25,measured_or_calculated
11-1012,glycerol_conversion_factor,0.956,0.956,measured_or_calculated
11-1011,edible_proportion,1.00,1.0,measured_or_calculated
11-1011,nitrogen_conversion_factor,6.25,6.25,measured_or_calculated
11-1011,glycerol_conversion_factor,0.900,0.9,measured_or_calculated
11-1013,edible_proportion,1.00,1.0,measured_or_calculated
11-1013,nitrogen_conversion_factor,6.25,6.25,measured_or_calculated
11-1013,glycerol_conversion_factor,0.956,0.956,measured_or_calculated
11-1015,edible_proportion,1.00,1.0,measured_or_calculated
11-1015,nitrogen_conversion_factor,6.25,6.25,measured_or_calculated
11-1015,glycerol_conversion_factor,0.956,0.956,measured_or_calculated
15-255,edible_proportion,1.00,1.0,measured_or_calculated
11-1014,edible_proportion,1.00,1.0,measured_or_calculated
11-1014,nitrogen_conversion_factor,6.25,6.25,measured_or_calculated
11-1014,glycerol_conversion_factor,0.956,0.956,measured_or_calculated
16-434,edible_proportion,1,1.0,measured_or_calculated
16-381,edible_proportion,0.72,0.72,measured_or_calculated
16-381,nitrogen_conversion_factor,6.25,6.25,measured_or_calculated
16-381,glycerol_conversion_factor,0.700,0.7,measured_or_calculated
16-435,edible_proportion,1.00,1.0,measured_or_calculated
16-435,nitrogen_conversion_factor,6.25,6.25,measured_or_calculated
16-435,glycerol_conversion_factor,0.700,0.7,measured_or_calculated
16-480,edible_proportion,0.74,0.74,measured_or_calculated
16-480,nitrogen_conversion_factor,6.25,6.25,measured_or_calculated
16-480,glycerol_conversion_factor,0.700,0.7,measured_or_calculated
16-498,edible_proportion,1.00,1.0,measured_or_calculated
16-498,nitrogen_conversion_factor,6.25,6.25,measured_or_calculated
16-499,edible_proportion,1.00,1.0,measured_or_calculated
16-499,nitrogen_conversion_factor,6.25,6.25,measured_or_calculated
16-500,edible_proportion,1.00,1.0,measured_or_calculated
16-500,nitrogen_conversion_factor,6.25,6.25,measured_or_calculated
16-403,edible_proportion,1.00,1.0,measured_or_calculated
16-403,nitrogen_conversion_factor,6.25,6.25,measured_or_calculated
16-403,glycerol_conversion_factor,0.956,0.956,measured_or_calculated
13-324,edible_proportion,1.00,1.0,measured_or_calculated
13-324,nitrogen_conversion_factor,6.25,6.25,measured_or_calculated
13-323,edible_proportion,0.65,0.65,measured_or_calculated
13-569,edible_proportion,1.00,1.0,measured_or_calculated
13-569,nitrogen_conversion_factor,6.25,6.25,measured_or_calculated
14-316,edible_proportion,0.95,0.95,measured_or_calculated
14-315,edible_proportion,1.00,1.0,measured_or_calculated
14-317,edible_proportion,0.95,0.95,measured_or_calculated
14-314,edible_proportion,1.00,1.0,measured_or_calculated
14-372,edible_proportion,1,1.0,measured_or_calculated
14-372,nitrogen_conversion_factor,6.25,6.25,measured_or_calculated
14-372,glycerol_conversion_factor,0.8,0.8,measured_or_calculated
14-374,edible_proportion,0.97,0.97,measured_or_calculated
14-374,nitrogen_conversion_factor,6.25,6.25,measured_or_calculated
14-374,glycerol_conversion_factor,0.8,0.8,measured_or_calculated
14-220,edible_proportion,1.00,1.0,measured_or_calculated
14-221,edible_proportion,0.94,0.94,measured_or_calculated
14-222,edible_proportion,1.00,1.0,measured_or_calculated
14-223,edible_proportion,0.95,0.95,measured_or_calculated
14-224,edible_proportion,1.00,1.0,measured_or_calculated
14-225,edible_proportion,0.96,0.96,measured_or_calculated
11-905,edible_proportion,1.00,1.0,measured_or_calculated
11-905,nitrogen_conversion_factor,6.25,6.25,measured_or_calculated
11-905,glycerol_conversion_factor,0.800,0.8,measured_or_calculated
16-436,edible_proportion,1,1.0,measured_or_calculated
16-378,edible_proportion,1.00,1.0,measured_or_calculated
16-378,nitrogen_conversion_factor,6.25,6.25,measured_or_calculated
16-378,glycerol_conversion_factor,0.700,0.7,measured_or_calculated
16-437,edible_proportion,1.00,1.0,measured_or_calculated
16-437,nitrogen_conversion_factor,6.25,6.25,measured_or_calculated
16-437,glycerol_conversion_factor,0.700,0.7,measured_or_calculated
14-341,edible_proportion,1.00,1.0,measured_or_calculated
14-226,edible_proportion,1.00,1.0,measured_or_calculated
14-226,nitrogen_conversion_factor,6.25,6.25,measured_or_calculated
14-227,edible_proportion,0.65,0.65,measured_or_calculated
14-228,edible_proportion,1.00,1.0,measured_or_calculated
14-229,edible_proportion,0.61,0.61,measured_or_calculated
16-124,edible_proportion,0.70,0.7,measured_or_calculated
16-125,edible_proportion,0.68,0.68,measured_or_calculated
17-691,edible_proportion,1.00,1.0,measured_or_calculated
17-692,edible_proportion,1.00,1.0,measured_or_calculated
13-849,edible_proportion,1.00,1.0,measured_or_calculated
13-849,glycerol_conversion_factor,0.960,0.96,measured_or_calculated
19-665,edible_proportion,1,1.0,measured_or_calculated
19-666,edible_proportion,0.84,0.84,measured_or_calculated
19-467,edible_proportion,1.00,1.0,measured_or_calculated
19-467,nitrogen_conversion_factor,6.25,6.25,measured_or_calculated
19-467,glycerol_conversion_factor,0.953,0.953,measured_or_calculated
17-132,edible_proportion,1.00,1.0,measured_or_calculated
17-132,nitrogen_conversion_factor,6.25,6.25,measured_or_calculated
17-132,glycerol_conversion_factor,0.960,0.96,measured_or_calculated
18-555,edible_proportion,1.00,1.0,measured_or_calculated
18-555,nitrogen_conversion_factor,6.25,6.25,measured_or_calculated
18-555,glycerol_conversion_factor,0.930,0.93,measured_or_calculated
18-556,edible_proportion,1.00,1.0,measured_or_calculated
18-556,nitrogen_conversion_factor,6.25,6.25,measured_or_calculated
18-556,glycerol_conversion_factor,0.93,0.93,measured_or_calculated
18-557,edible_proportion,1.00,1.0,measured_or_calculated
18-557,nitrogen_conversion_factor,6.25,6.25,measured_or_calculated
18-557,glycerol_conversion_factor,0.93,0.93,measured_or_calculated
18-558,edible_proportion,0.92,0.92,measured_or_calculated
18-216,edible_proportion,1.00,1.0,measured_or_calculated
18-527,edible_proportion,1,1.0,measured_or_calculated
18-527,nitrogen_conversion_factor,6.25,6.25,measured_or_calculated
18-527,glycerol_conversion_factor,0.91,0.91,measured_or_calculated
18-528,edible_proportion,1,1.0,measured_or_calculated
18-528,nitrogen_conversion_factor,6.25,6.25,measured_or_calculated
18-528,glycerol_conversion_factor,0.93,0.93,measured_or_calculated
18-540,edible_proportion,1,1.0,measured_or_calculated
18-540,nitrogen_conversion_factor,6.25,6.25,measured_or_calculated
18-540,glycerol_conversion_factor,0.91,0.91,measured_or_calculated
18-541,edible_proportion,1,1.0,measured_or_calculated
18-541,nitrogen_conversion_factor,6.25,6.25,measured_or_calculated
18-541,glycerol_conversion_factor,0.93,0.93,measured_or_calculated
18-529,edible_proportion,1,1.0,measured_or_calculated
18-529,nitrogen_conversion_factor,6.25,6.25,measured_or_calculated
18-529,glycerol_conversion_factor,0.91,0.91,measured_or_calculated
18-530,edible_proportion,1,1.0,measured_or_calculated
18-530,nitrogen_conversion_factor,6.25,6.25,measured_or_calculated
18-530,glycerol_conversion_factor,0.93,0.93,measured_or_calculated
18-559,edible_proportion,1.00,1.0,measured_or_calculated
18-559,glycerol_conversion_factor,0.950,0.95,measured_or_calculated
18-600,edible_proportion,1.00,1.0,measured_or_calculated
18-600,glycerol_conversion_factor,0.950,0.95,measured_or_calculated
18-531,edible_proportion,1,1.0,measured_or_calculated
18-531,nitrogen_conversion_factor,6.25,6.25,measured_or_calculated
18-531,glycerol_conversion_factor,0.91,0.91,measured_or_calculated
18-532,edible_proportion,1,1.0,measured_or_calculated
18-532,nitrogen_conversion_factor,6.25,6.25,measured_or_calculated
18-532,glycerol_conversion_factor,0.93,0.93,measured_or_calculated
18-510,edible_proportion,1,1.0,measured_or_calculated
18-510,nitrogen_conversion_factor,6.25,6.25,measured_or_calculated
18-510,glycerol_conversion_factor,0.91,0.91,measured_or_calculated
18-511,edible_proportion,1,1.0,measured_or_calculated
18-511,nitrogen_conversion_factor,6.25,6.25,measured_or_calculated
18-511,glycerol_conversion_factor,0.93,0.93,measured_or_calculated
18-533,edible_proportion,1,1.0,measured_or_calculated
18-533,nitrogen_conversion_factor,6.25,6.25,measured_or_calculated
18-601,edible_proportion,1.00,1.0,measured_or_calculated
18-601,nitrogen_conversion_factor,6.25,6.25,measured_or_calculated
18-601,glycerol_conversion_factor,0.91,0.91,measured_or_calculated
18-602,edible_proportion,1.00,1.0,measured_or_calculated
18-602,nitrogen_conversion_factor,6.25,6.25,measured_or_calculated
18-602,glycerol_conversion_factor,0.93,0.93,measured_or_calculated
18-603,edible_proportion,1.00,1.0,measured_or_calculated
18-604,edible_proportion,1.00,1.0,measured_or_calculated
18-608,edible_proportion,1,1.0,measured_or_calculated
18-608,nitrogen_conversion_factor,6.25,6.25,measured_or_calculated
18-608,glycerol_conversion_factor,0.91,0.91,measured_or_calculated
18-512,edible_proportion,1,1.0,measured_or_calculated
18-512,nitrogen_conversion_factor,6.25,6.25,measured_or_calculated
18-512,glycerol_conversion_factor,0.91,0.91,measured_or_calculated
18-514,edible_proportion,1,1.0,measured_or_calculated
18-514,nitrogen_conversion_factor,6.25,6.25,measured_or_calculated
18-514,glycerol_conversion_factor,0.93,0.93,measured_or_calculated
18-513,edible_proportion,1,1.0,measured_or_calculated
18-513,nitrogen_conversion_factor,6.25,6.25,measured_or_calculated
18-513,glycerol_conversion_factor,0.93,0.93,measured_or_calculated
18-517,edible_proportion,1,1.0,measured_or_calculated
18-517,nitrogen_conversion_factor,6.25,6.25,measured_or_calculated
18-517,glycerol_conversion_factor,0.93,0.93,measured_or_calculated
18-516,edible_proportion,1,1.0,measured_or_calculated
18-516,nitrogen_conversion_factor,6.25,6.25,measured_or_calculated
18-516,glycerol_conversion_factor,0.93,0.93,measured_or_calculated
18-515,edible_proportion,1,1.0,measured_or_calculated
18-515,nitrogen_conversion_factor,6.25,6.25,measured_or_calculated
18-515,glycerol_conversion_factor,0.91,0.91,measured_or_calculated
18-534,edible_proportion,1,1.0,measured_or_calculated
18-534,nitrogen_conversion_factor,6.25,6.25,measured_or_calculated
18-534,glycerol_conversion_factor,0.91,0.91,measured_or_calculated
18-535,edible_proportion,1,1.0,measured_or_calculated
18-535,nitrogen_conversion_factor,6.25,6.25,measured_or_calculated
18-535,glycerol_conversion_factor,0.93,0.93,measured_or_calculated
18-536,edible_proportion,1,1.0,measured_or_calculated
18-536,nitrogen_conversion_factor,6.25,6.25,measured_or_calculated
18-536,glycerol_conversion_factor,0.93,0.93,measured_or_calculated
18-537,edible_proportion,0.85,0.85,measured_or_calculated
18-537,nitrogen_conversion_factor,6.25,6.25,measured_or_calculated
18-537,glycerol_conversion_factor,0.93,0.93,measured_or_calculated
18-613,edible_proportion,1,1.0,measured_or_calculated
18-613,nitrogen_conversion_factor,6.25,6.25,measured_or_calculated
18-613,glycerol_conversion_factor,0.91,0.91,measured_or_calculated
18-610,edible_proportion,1.00,1.0,measured_or_calculated
18-610,nitrogen_conversion_factor,6.25,6.25,measured_or_calculated
18-610,glycerol_conversion_factor,0.93,0.93,measured_or_calculated
18-611,edible_proportion,0.77,0.77,measured_or_calculated
18-611,nitrogen_conversion_factor,6.25,6.25,measured_or_calculated
18-611,glycerol_conversion_factor,0.93,0.93,measured_or_calculated
18-518,edible_proportion,1,1.0,measured_or_calculated
18-518,nitrogen_conversion_factor,6.25,6.25,measured_or_calculated
18-518,glycerol_conversion_factor,0.91,0.91,measured_or_calculated
18-519,edible_proportion,1,1.0,measured_or_calculated
18-519,nitrogen_conversion_factor,6.25,6.25,measured_or_calculated
18-519,glycerol_conversion_factor,0.93,0.93,measured_or_calculated
18-520,edible_proportion,1,1.0,measured_or_calculated
18-520,nitrogen_conversion_factor,6.25,6.25,measured_or_calculated
18-520,glycerol_conversion_factor,0.93,0.93,measured_or_calculated
18-538,edible_proportion,1,1.0,measured_or_calculated
18-538,nitrogen_conversion_factor,6.25,6.25,measured_or_calculated
18-539,edible_proportion,1,1.0,measured_or_calculated
18-539,nitrogen_conversion_factor,6.25,6.25,measured_or_calculated
18-524,edible_proportion,1,1.0,measured_or_calculated
18-524,nitrogen_conversion_factor,6.25,6.25,measured_or_calculated
18-524,glycerol_conversion_factor,0.91,0.91,measured_or_calculated
18-526,edible_proportion,1,1.0,measured_or_calculated
18-526,nitrogen_conversion_factor,6.25,6.25,measured_or_calculated
18-526,glycerol_conversion_factor,0.93,0.93,measured_or_calculated
18-525,edible_proportion,1,1.0,measured_or_calculated
18-525,nitrogen_conversion_factor,6.25,6.25,measured_or_calculated
18-525,glycerol_conversion_factor,0.93,0.93,measured_or_calculated
18-521,edible_proportion,1,1.0,measured_or_calculated
18-521,nitrogen_conversion_factor,6.25,6.25,measured_or_calculated
18-521,glycerol_conversion_factor,0.91,0.91,measured_or_calculated
18-522,edible_proportion,1,1.0,measured_or_calculated
18-522,nitrogen_conversion_factor,6.25,6.25,measured_or_calculated
18-522,glycerol_conversion_factor,0.93,0.93,measured_or_calculated
18-523,edible_proportion,1,1.0,measured_or_calculated
18-523,nitrogen_conversion_factor,6.25,6.25,measured_or_calculated
18-523,glycerol_conversion_factor,0.93,0.93,measured_or_calculated
18-605,edible_proportion,1,1.0,measured_or_calculated
18-605,nitrogen_conversion_factor,6.25,6.25,measured_or_calculated
18-605,glycerol_conversion_factor,0.91,0.91,measured_or_calculated
18-612,edible_proportion,1,1.0,measured_or_calculated
18-612,nitrogen_conversion_factor,6.25,6.25,measured_or_calculated
18-612,glycerol_conversion_factor,0.93,0.93,measured_or_calculated
18-606,edible_proportion,1.00,1.0,measured_or_calculated
18-606,glycerol_conversion_factor,0.930,0.93,measured_or_calculated
18-607,edible_proportion,1.00,1.0,measured_or_calculated
18-607,glycerol_conversion_factor,0.930,0.93,measured_or_calculated
18-542,edible_proportion,1.00,1.0,measured_or_calculated
18-542,nitrogen_conversion_factor,6.25,6.25,measured_or_calculated
18-542,glycerol_conversion_factor,0.91,0.91,measured_or_calculated
18-543,edible_proportion,1,1.0,measured_or_calculated
18-543,nitrogen_conversion_factor,6.25,6.25,measured_or_calculated
18-543,glycerol_conversion_factor,0.93,0.93,measured_or_calculated
18-544,edible_proportion,0.77,0.77,measured_or_calculated
18-544,nitrogen_conversion_factor,6.25,6.25,measured_or_calculated
18-544,glycerol_conversion_factor,0.93,0.93,measured_or_calculated
18-545,edible_proportion,1,1.0,measured_or_calculated
18-545,nitrogen_conversion_factor,6.25,6.25,measured_or_calculated
18-545,glycerol_conversion_factor,0.93,0.93,measured_or_calculated
18-546,edible_proportion,0.79,0.79,measured_or_calculated
18-546,nitrogen_conversion_factor,6.25,6.25,measured_or_calculated
18-546,glycerol_conversion_factor,0.93,0.93,measured_or_calculated
18-547,edible_proportion,1,1.0,measured_or_calculated
18-547,nitrogen_conversion_factor,6.25,6.25,measured_or_calculated
18-547,glycerol_conversion_factor,0.91,0.91,measured_or_calculated
18-548,edible_proportion,1,1.0,measured_or_calculated
18-548,nitrogen_conversion_factor,6.25,6.25,measured_or_calculated
18-548,glycerol_conversion_factor,0.93,0.93,measured_or_calculated
18-549,edible_proportion,1,1.0,measured_or_calculated
18-549,nitrogen_conversion_factor,6.25,6.25,measured_or_calculated
18-549,glycerol_conversion_factor,0.93,0.93,measured_or_calculated
18-550,edible_proportion,0.74,0.74,measured_or_calculated
18-550,nitrogen_conversion_factor,6.25,6.25,measured_or_calculated
18-550,glycerol_conversion_factor,0.93,0.93,measured_or_calculated
18-551,edible_proportion,1,1.0,measured_or_calculated
18-551,nitrogen_conversion_factor,6.25,6.25,measured_or_calculated
18-551,glycerol_conversion_factor,0.93,0.93,measured_or_calculated
18-552,edible_proportion,0.46,0.46,measured_or_calculated
18-552,nitrogen_conversion_factor,6.25,6.25,measured_or_calculated
18-552,glycerol_conversion_factor,0.93,0.93,measured_or_calculated
18-554,edible_proportion,1,1.0,measured_or_calculated
18-554,nitrogen_conversion_factor,6.25,6.25,measured_or_calculated
18-554,glycerol_conversion_factor,0.93,0.93,measured_or_calculated
18-553,edible_proportion,0.48,0.48,measured_or_calculated
18-553,nitrogen_conversion_factor,6.25,6.25,measured_or_calculated
18-553,glycerol_conversion_factor,0.93,0.93,measured_or_calculated
19-670,edible_proportion,1.00,1.0,measured_or_calculated
19-671,edible_proportion,0.48,0.48,measured_or_calculated
19-265,edible_proportion,0.35,0.35,measured_or_calculated
19-264,edible_proportion,1.00,1.0,measured_or_calculated
19-264,glycerol_conversion_factor,0.930,0.93,measured_or_calculated
18-499,edible_proportion,1.00,1.0,measured_or_calculated
18-499,nitrogen_conversion_factor,6.25,6.25,measured_or_calculated
18-499,glycerol_conversion_factor,0.953,0.953,measured_or_calculated
19-672,edible_proportion,1.00,1.0,measured_or_calculated
19-673,edible_proportion,0.48,0.48,measured_or_calculated
18-609,edible_proportion,1.00,1.0,measured_or_calculated
18-609,nitrogen_conversion_factor,6.25,6.25,measured_or_calculated
18-609,glycerol_conversion_factor,0.93,0.93,measured_or_calculated
19-667,edible_proportion,1,1.0,measured_or_calculated
19-668,edible_proportion,1,1.0,measured_or_calculated
19-669,edible_proportion,1,1.0,measured_or_calculated
18-429,edible_proportion,0.54,0.54,measured_or_calculated
11-788,edible_proportion,1.00,1.0,measured_or_calculated
11-788,nitrogen_conversion_factor,5.83,5.83,measured_or_calculated
11-789,edible_proportion,1.00,1.0,measured_or_calculated
11-789,nitrogen_conversion_factor,6.38,6.38,measured_or_calculated
11-789,glycerol_conversion_factor,0.945,0.945,measured_or_calculated
11-1106,edible_proportion,1.00,1.0,measured_or_calculated
11-1107,edible_proportion,1.00,1.0,measured_or_calculated
11-1108,edible_proportion,1.00,1.0,measured_or_calculated
17-234,edible_proportion,1.00,1.0,measured_or_calculated
17-234,specific_gravity,1.03,1.03,measured_or_calculated
17-234,total_solids,13.0,13.0,measured_or_calculated
17-849,edible_proportion,1.00,1.0,measured_or_calculated
17-849,nitrogen_conversion_factor,6.25,6.25,measured_or_calculated
17-682,edible_proportion,1.00,1.0,measured_or_calculated
17-682,nitrogen_conversion_factor,6.25,6.25,measured_or_calculated
15-849,edible_proportion,1.00,1.0,measured_or_calculated
13-024,edible_proportion,1.00,1.0,measured_or_calculated
13-486,edible_proportion,1.00,1.0,measured_or_calculated
13-486,nitrogen_conversion_factor,6.25,6.25,measured_or_calculated
13-486,glycerol_conversion_factor,0.956,0.956,measured_or_calculated
50-684,edible_proportion,1.00,1.0,measured_or_calculated
13-026,edible_proportion,1.00,1.0,measured_or_calculated
50-686,edible_proportion,1.00,1.0,measured_or_calculated
13-613,edible_proportion,1.00,1.0,measured_or_calculated
13-613,nitrogen_conversion_factor,6.25,6.25,measured_or_calculated
13-613,glycerol_conversion_factor,0.956,0.956,measured_or_calculated
13-485,edible_proportion,1.00,1.0,measured_or_calculated
13-485,nitrogen_conversion_factor,6.25,6.25,measured_or_calculated
13-485,glycerol_conversion_factor,0.956,0.956,measured_or_calculated
13-612,edible_proportion,1.00,1.0,measured_or_calculated
13-612,nitrogen_conversion_factor,6.25,6.25,measured_or_calculated
13-612,glycerol_conversion_factor,0.956,0.956,measured_or_calculated
13-614,edible_proportion,1.00,1.0,measured_or_calculated
13-614,nitrogen_conversion_factor,6.25,6.25,measured_or_calculated
13-614,glycerol_conversion_factor,0.956,0.956,measured_or_calculated
13-595,edible_proportion,1.00,1.0,measured_or_calculated
13-595,nitrogen_conversion_factor,6.25,6.25,measured_or_calculated
13-595,glycerol_conversion_factor,0.956,0.956,measured_or_calculated
13-596,edible_proportion,1.00,1.0,measured_or_calculated
13-596,nitrogen_conversion_factor,6.25,6.25,measured_or_calculated
13-596,glycerol_conversion_factor,0.953,0.953,measured_or_calculated
13-555,edible_proportion,1.00,1.0,measured_or_calculated
13-555,nitrogen_conversion_factor,6.25,6.25,measured_or_calculated
13-555,glycerol_conversion_factor,0.956,0.956,measured_or_calculated
13-597,edible_proportion,1.00,1.0,measured_or_calculated
13-597,nitrogen_conversion_factor,6.25,6.25,measured_or_calculated
13-597,glycerol_conversion_factor,0.956,0.956,measured_or_calculated
13-557,edible_proportion,1.00,1.0,measured_or_calculated
13-557,glycerol_conversion_factor,0.880,0.88,measured_or_calculated
13-487,edible_proportion,1.00,1.0,measured_or_calculated
13-487,nitrogen_conversion_factor,6.25,6.25,measured_or_calculated
13-487,glycerol_conversion_factor,0.956,0.956,measured_or_calculated
13-488,edible_proportion,1.00,1.0,measured_or_calculated
13-488,nitrogen_conversion_factor,6.25,6.25,measured_or_calculated
13-488,glycerol_conversion_factor,0.956,0.956,measured_or_calculated
50-681,edible_proportion,1.00,1.0,measured_or_calculated
13-025,edible_proportion,1.00,1.0,measured_or_calculated
50-683,edible_proportion,1.00,1.0,measured_or_calculated
13-027,edible_proportion,1.00,1.0,measured_or_calculated
17-671,edible_proportion,1.00,1.0,measured_or_calculated
17-671,nitrogen_conversion_factor,6.25,6.25,measured_or_calculated
17-671,glycerol_conversion_factor,0.956,0.956,measured_or_calculated
17-693,edible_proportion,1.00,1.0,measured_or_calculated
17-693,nitrogen_conversion_factor,6.25,6.25,measured_or_calculated
17-693,glycerol_conversion_factor,0.960,0.96,measured_or_calculated
13-038,edible_proportion,1.00,1.0,measured_or_calculated
13-615,edible_proportion,1.00,1.0,measured_or_calculated
13-615,nitrogen_conversion_factor,6.25,6.25,measured_or_calculated
13-616,edible_proportion,1.00,1.0,measured_or_calculated
13-616,nitrogen_conversion_factor,6.25,6.25,measured_or_calculated
13-558,edible_proportion,1.00,1.0,measured_or_calculated
13-617,edible_proportion,1.00,1.0,measured_or_calculated
13-617,nitrogen_conversion_factor,6.25,6.25,measured_or_calculated
13-598,edible_proportion,1.00,1.0,measured_or_calculated
13-598,nitrogen_conversion_factor,6.25,6.25,measured_or_calculated
13-598,glycerol_conversion_factor,0.800,0.8,measured_or_calculated
13-533,edible_proportion,1.00,1.0,measured_or_calculated
13-533,nitrogen_conversion_factor,6.25,6.25,measured_or_calculated
13-533,glycerol_conversion_factor,0.956,0.956,measured_or_calculated
17-643,edible_proportion,1.00,1.0,measured_or_calculated
17-643,nitrogen_conversion_factor,6.25,6.25,measured_or_calculated
17-643,glycerol_conversion_factor,0.956,0.956,measured_or_calculated
17-642,edible_proportion,1.00,1.0,measured_or_calculated
17-642,nitrogen_conversion_factor,6.25,6.25,measured_or_calculated
17-642,glycerol_conversion_factor,0.956,0.956,measured_or_calculated
13-483,edible_proportion,1.00,1.0,measured_or_calculated
13-483,nitrogen_conversion_factor,6.25,6.25,measured_or_calculated
13-483,glycerol_conversion_factor,0.956,0.956,measured_or_calculated
15-259,edible_proportion,1.00,1.0,measured_or_calculated
15-261,edible_proportion,1.00,1.0,measured_or_calculated
15-850,edible_proportion,1.00,1.0,measured_or_calculated
13-610,edible_proportion,1.00,1.0,measured_or_calculated
13-610,nitrogen_conversion_factor,6.25,6.25,measured_or_calculated
13-610,glycerol_conversion_factor,0.800,0.8,measured_or_calculated
13-495,edible_proportion,1.00,1.0,measured_or_calculated
13-495,nitrogen_conversion_factor,6.25,6.25,measured_or_calculated
13-495,glycerol_conversion_factor,0.800,0.8,measured_or_calculated
13-618,edible_proportion,1.00,1.0,measured_or_calculated
13-618,nitrogen_conversion_factor,6.25,6.25,measured_or_calculated
13-619,edible_proportion,1.00,1.0,measured_or_calculated
13-619,nitrogen_conversion_factor,6.25,6.25,measured_or_calculated
13-491,edible_proportion,1.00,1.0,measured_or_calculated
13-491,nitrogen_conversion_factor,6.25,6.25,measured_or_calculated
13-491,glycerol_conversion_factor,0.800,0.8,measured_or_calculated
13-620,edible_proportion,1.00,1.0,measured_or_calculated
13-620,nitrogen_conversion_factor,6.25,6.25,measured_or_calculated
13-621,edible_proportion,0.67,0.67,measured_or_calculated
13-621,nitrogen_conversion_factor,6.25,6.25,measured_or_calculated
13-605,edible_proportion,1.00,1.0,measured_or_calculated
13-605,nitrogen_conversion_factor,6.25,6.25,measured_or_calculated
13-605,glycerol_conversion_factor,0.800,0.8,measured_or_calculated
13-490,edible_proportion,1.00,1.0,measured_or_calculated
13-490,nitrogen_conversion_factor,6.25,6.25,measured_or_calculated
13-490,glycerol_conversion_factor,0.800,0.8,measured_or_calculated
13-553,edible_proportion,1.00,1.0,measured_or_calculated
13-554,edible_proportion,1.00,1.0,measured_or_calculated
13-494,edible_proportion,1.00,1.0,measured_or_calculated
13-494,nitrogen_conversion_factor,6.25,6.25,measured_or_calculated
13-494,glycerol_conversion_factor,0.800,0.8,measured_or_calculated
13-566,edible_proportion,1.00,1.0,measured_or_calculated
13-566,nitrogen_conversion_factor,6.25,6.25,measured_or_calculated
13-489,edible_proportion,0.85,0.85,measured_or_calculated
13-489,nitrogen_conversion_factor,6.25,6.25,measured_or_calculated
13-489,glycerol_conversion_factor,0.800,0.8,measured_or_calculated
13-599,edible_proportion,1.00,1.0,measured_or_calculated
13-599,nitrogen_conversion_factor,6.25,6.25,measured_or_calculated
13-599,glycerol_conversion_factor,0.956,0.956,measured_or_calculated
13-600,edible_proportion,1.00,1.0,measured_or_calculated
13-600,nitrogen_conversion_factor,6.25,6.25,measured_or_calculated
13-600,glycerol_conversion_factor,0.953,0.953,measured_or_calculated
13-534,edible_proportion,1.00,1.0,measured_or_calculated
13-534,nitrogen_conversion_factor,6.25,6.25,measured_or_calculated
13-492,edible_proportion,1.00,1.0,measured_or_calculated
13-492,nitrogen_conversion_factor,6.25,6.25,measured_or_calculated
13-493,edible_proportion,1.00,1.0,measured_or_calculated
13-493,nitrogen_conversion_factor,6.25,6.25,measured_or_calculated
18-305,edible_proportion,1.00,1.0,measured_or_calculated
18-306,edible_proportion,0.58,0.58,measured_or_calculated
11-1023,edible_proportion,1.00,1.0,measured_or_calculated
11-1023,nitrogen_conversion_factor,5.70,5.7,measured_or_calculated
11-1023,glycerol_conversion_factor,0.956,0.956,measured_or_calculated
16-388,edible_proportion,1.00,1.0,measured_or_calculated
16-388,nitrogen_conversion_factor,6.25,6.25,measured_or_calculated
16-388,glycerol_conversion_factor,0.700,0.7,measured_or_calculated
16-389,edible_proportion,1.00,1.0,measured_or_calculated
16-389,nitrogen_conversion_factor,6.25,6.25,measured_or_calculated
16-389,glycerol_conversion_factor,0.700,0.7,measured_or_calculated
16-481,edible_proportion,0.54,0.54,measured_or_calculated
16-481,nitrogen_conversion_factor,6.25,6.25,measured_or_calculated
16-481,glycerol_conversion_factor,0.700,0.7,measured_or_calculated
16-387,edible_proportion,0.54,0.54,measured_or_calculated
16-387,nitrogen_conversion_factor,6.25,6.25,measured_or_calculated
16-387,glycerol_conversion_factor,0.700,0.7,measured_or_calculated
16-482,edible_proportion,1.00,1.0,measured_or_calculated
16-482,nitrogen_conversion_factor,6.25,6.25,measured_or_calculated
16-482,glycerol_conversion_factor,0.700,0.7,measured_or_calculated
16-384,edible_proportion,0.35,0.35,measured_or_calculated
16-384,nitrogen_conversion_factor,6.25,6.25,measured_or_calculated
16-384,glycerol_conversion_factor,0.700,0.7,measured_or_calculated
17-758,edible_proportion,1.00,1.0,measured_or_calculated
17-758,nitrogen_conversion_factor,6.25,6.25,measured_or_calculated
14-230,edible_proportion,0.61,0.61,measured_or_calculated
12-405,edible_proportion,1.00,1.0,measured_or_calculated
12-405,nitrogen_conversion_factor,6.25,6.25,measured_or_calculated
12-405,glycerol_conversion_factor,0.956,0.956,measured_or_calculated
14-289,edible_proportion,1.00,1.0,measured_or_calculated
14-237,edible_proportion,0.93,0.93,measured_or_calculated
14-237,nitrogen_conversion_factor,6.25,6.25,measured_or_calculated
14-231,edible_proportion,1.00,1.0,measured_or_calculated
14-233,edible_proportion,1.00,1.0,measured_or_calculated
14-234,edible_proportion,0.92,0.92,measured_or_calculated
14-235,edible_proportion,1.00,1.0,measured_or_calculated
14-236,edible_proportion,0.91,0.91,measured_or_calculated
14-232,edible_proportion,0.84,0.84,measured_or_calculated
14-391,edible_proportion,1,1.0,measured_or_calculated
14-391,nitrogen_conversion_factor,6.25,6.25,measured_or_calculated
14-391,glycerol_conversion_factor,0.8,0.8,measured_or_calculated
14-398,edible_proportion,0.86,0.86,measured_or_calculated
14-398,nitrogen_conversion_factor,6.25,6.25,measured_or_calculated
14-398,glycerol_conversion_factor,0.8,0.8,measured_or_calculated
11-1037,edible_proportion,1.00,1.0,measured_or_calculated
11-1051,edible_proportion,1.00,1.0,measured_or_calculated
11-1022,edible_proportion,1.00,1.0,measured_or_calculated
11-1022,nitrogen_conversion_factor,6.25,6.25,measured_or_calculated
11-1065,edible_proportion,1.00,1.0,measured_or_calculated
11-1097,edible_proportion,1.00,1.0,measured_or_calculated
12-580,edible_proportion,1.00,1.0,measured_or_calculated
12-580,nitrogen_conversion_factor,6.25,6.25,measured_or_calculated
12-580,glycerol_conversion_factor,0.945,0.945,measured_or_calculated
12-553,edible_proportion,1.00,1.0,measured_or_calculated
12-553,nitrogen_conversion_factor,6.25,6.25,measured_or_calculated
12-553,glycerol_conversion_factor,0.945,0.945,measured_or_calculated
12-514,edible_proportion,1.00,1.0,measured_or_calculated
12-607,edible_proportion,1.00,1.0,measured_or_calculated
12-608,edible_proportion,1.00,1.0,measured_or_calculated
11-1021,edible_proportion,1.00,1.0,measured_or_calculated
11-1021,nitrogen_conversion_factor,5.70,5.7,measured_or_calculated
11-1021,glycerol_conversion_factor,0.956,0.956,measured_or_calculated
11-1119,edible_proportion,1.00,1.0,measured_or_calculated
11-1120,edible_proportion,1.00,1.0,measured_or_calculated
11-1121,edible_proportion,1.00,1.0,measured_or_calculated
11-1122,edible_proportion,1.00,1.0,measured_or_calculated
11-1124,edible_proportion,1.00,1.0,measured_or_calculated
14-842,edible_proportion,1.00,1.0,measured_or_calculated
14-842,nitrogen_conversion_factor,5.30,5.3,measured_or_calculated
14-842,glycerol_conversion_factor,0.960,0.96,measured_or_calculated
13-549,edible_proportion,1.00,1.0,measured_or_calculated
13-549,nitrogen_conversion_factor,6.25,6.25,measured_or_calculated
13-326,edible_proportion,0.67,0.67,measured_or_calculated
11-911,edible_proportion,1.00,1.0,measured_or_calculated
11-911,nitrogen_conversion_factor,6.25,6.25,measured_or_calculated
12-948,edible_proportion,1.00,1.0,measured_or_calculated
11-995,edible_proportion,1.00,1.0,measured_or_calculated
12-952,edible_proportion,1.00,1.0,measured_or_calculated
12-936,edible_proportion,1.00,1.0,measured_or_calculated
12-936,nitrogen_conversion_factor,6.25,6.25,measured_or_calculated
12-936,glycerol_conversion_factor,0.945,0.945,measured_or_calculated
12-953,edible_proportion,1.00,1.0,measured_or_calculated
12-954,edible_proportion,1.00,1.0,measured_or_calculated
12-955,edible_proportion,1.00,1.0,measured_or_calculated
12-949,edible_proportion,1.00,1.0,measured_or_calculated
12-949,nitrogen_conversion_factor,6.25,6.25,measured_or_calculated
12-949,glycerol_conversion_factor,0.956,0.956,measured_or_calculated
14-241,edible_proportion,0.69,0.69,measured_or_calculated
14-843,edible_proportion,1.00,1.0,measured_or_calculated
15-262,edible_proportion,1.00,1.0,measured_or_calculated
13-574,edible_proportion,1.00,1.0,measured_or_calculated
13-574,nitrogen_conversion_factor,6.25,6.25,measured_or_calculated
13-574,glycerol_conversion_factor,0.800,0.8,measured_or_calculated
18-387,edible_proportion,1.00,1.0,measured_or_calculated
18-388,edible_proportion,1.00,1.0,measured_or_calculated
18-389,edible_proportion,0.60,0.6,measured_or_calculated
13-329,edible_proportion,N,,present_amount_unknown
13-332,edible_proportion,0.90,0.9,measured_or_calculated
13-656,edible_proportion,0.96,0.96,measured_or_calculated
13-656,nitrogen_conversion_factor,6.25,6.25,measured_or_calculated
13-656,glycerol_conversion_factor,0.8,0.8,measured_or_calculated
13-331,edible_proportion,0.87,0.87,measured_or_calculated
14-393,edible_proportion,1,1.0,measured_or_calculated
14-393,nitrogen_conversion_factor,6.25,6.25,measured_or_calculated
14-393,glycerol_conversion_factor,0.8,0.8,measured_or_calculated
17-832,edible_proportion,1.00,1.0,measured_or_calculated
12-595,edible_proportion,1.00,1.0,measured_or_calculated
14-243,edible_proportion,0.40,0.4,measured_or_calculated
13-333,edible_proportion,0.87,0.87,measured_or_calculated
14-375,edible_proportion,1,1.0,measured_or_calculated
14-375,nitrogen_conversion_factor,6.25,6.25,measured_or_calculated
14-375,glycerol_conversion_factor,0.8,0.8,measured_or_calculated
14-245,edible_proportion,1.00,1.0,measured_or_calculated
14-246,edible_proportion,1.00,1.0,measured_or_calculated
15-659,edible_proportion,1.00,1.0,measured_or_calculated
15-853,edible_proportion,1.00,1.0,measured_or_calculated
11-877,edible_proportion,1.00,1.0,measured_or_calculated
11-877,nitrogen_conversion_factor,5.95,5.95,measured_or_calculated
16-127,edible_proportion,1.00,1.0,measured_or_calculated
16-128,edible_proportion,0.51,0.51,measured_or_calculated
16-129,edible_proportion,1.00,1.0,measured_or_calculated
16-130,edible_proportion,0.51,0.51,measured_or_calculated
16-126,edible_proportion,0.47,0.47,measured_or_calculated
14-249,edible_proportion,0.97,0.97,measured_or_calculated
14-250,edible_proportion,1.00,1.0,measured_or_calculated
14-251,edible_proportion,1.00,1.0,measured_or_calculated
16-131,edible_proportion,0.45,0.45,measured_or_calculated
15-854,edible_proportion,1.00,1.0,measured_or_calculated
17-708,edible_proportion,1.00,1.0,measured_or_calculated
17-708,nitrogen_conversion_factor,6.25,6.25,measured_or_calculated
17-354,edible_proportion,1.00,1.0,measured_or_calculated
14-252,edible_proportion,0.87,0.87,measured_or_calculated
14-253,edible_proportion,1.00,1.0,measured_or_calculated
14-253,nitrogen_conversion_factor,6.25,6.25,measured_or_calculated
14-389,edible_proportion,1,1.0,measured_or_calculated
14-389,nitrogen_conversion_factor,6.25,6.25,measured_or_calculated
14-389,glycerol_conversion_factor,0.8,0.8,measured_or_calculated
15-855,edible_proportion,1.00,1.0,measured_or_calculated
15-856,edible_proportion,1.00,1.0,measured_or_calculated
15-857,edible_proportion,1.00,1.0,measured_or_calculated
15-858,edible_proportion,1.00,1.0,measured_or_calculated
15-859,edible_proportion,1.00,1.0,measured_or_calculated
15-860,edible_proportion,1.00,1.0,measured_or_calculated
15-861,edible_proportion,1.00,1.0,measured_or_calculated
15-862,edible_proportion,1.00,1.0,measured_or_calculated
11-867,edible_proportion,1.00,1.0,measured_or_calculated
11-867,nitrogen_conversion_factor,5.95,5.95,measured_or_calculated
11-867,glycerol_conversion_factor,0.820,0.82,measured_or_calculated
11-866,edible_proportion,1.00,1.0,measured_or_calculated
11-866,nitrogen_conversion_factor,5.95,5.95,measured_or_calculated
11-866,glycerol_conversion_factor,0.820,0.82,measured_or_calculated
11-871,edible_proportion,1.00,1.0,measured_or_calculated
11-871,nitrogen_conversion_factor,5.95,5.95,measured_or_calculated
11-870,edible_proportion,1.00,1.0,measured_or_calculated
11-870,nitrogen_conversion_factor,5.95,5.95,measured_or_calculated
11-869,edible_proportion,1.00,1.0,measured_or_calculated
11-869,nitrogen_conversion_factor,5.95,5.95,measured_or_calculated
11-869,glycerol_conversion_factor,0.820,0.82,measured_or_calculated
11-868,edible_proportion,1.00,1.0,measured_or_calculated
11-868,nitrogen_conversion_factor,5.95,5.95,measured_or_calculated
11-868,glycerol_conversion_factor,0.820,0.82,measured_or_calculated
11-885,edible_proportion,1.00,1.0,measured_or_calculated
11-885,nitrogen_conversion_factor,5.95,5.95,measured_or_calculated
11-885,glycerol_conversion_factor,0.956,0.956,measured_or_calculated
11-444,edible_proportion,1.00,1.0,measured_or_calculated
11-444,nitrogen_conversion_factor,5.95,5.95,measured_or_calculated
11-444,glycerol_conversion_factor,0.956,0.956,measured_or_calculated
11-968,edible_proportion,1.00,1.0,measured_or_calculated
11-884,edible_proportion,1.00,1.0,measured_or_calculated
11-884,nitrogen_conversion_factor,5.95,5.95,measured_or_calculated
11-884,glycerol_conversion_factor,0.820,0.82,measured_or_calculated
11-876,edible_proportion,1.00,1.0,measured_or_calculated
11-876,nitrogen_conversion_factor,5.95,5.95,measured_or_calculated
11-876,glycerol_conversion_factor,0.820,0.82,measured_or_calculated
11-881,edible_proportion,1.00,1.0,measured_or_calculated
11-881,nitrogen_conversion_factor,5.95,5.95,measured_or_calculated
11-881,glycerol_conversion_factor,0.956,0.956,measured_or_calculated
11-880,edible_proportion,1.00,1.0,measured_or_calculated
11-880,nitrogen_conversion_factor,5.95,5.95,measured_or_calculated
11-880,glycerol_conversion_factor,0.956,0.956,measured_or_calculated
11-875,edible_proportion,1.00,1.0,measured_or_calculated
11-875,nitrogen_conversion_factor,5.95,5.95,measured_or_calculated
11-874,edible_proportion,1.00,1.0,measured_or_calculated
11-874,nitrogen_conversion_factor,5.95,5.95,measured_or_calculated
11-874,glycerol_conversion_factor,0.820,0.82,measured_or_calculated
11-858,edible_proportion,1.00,1.0,measured_or_calculated
11-858,nitrogen_conversion_factor,5.95,5.95,measured_or_calculated
11-858,glycerol_conversion_factor,0.820,0.82,measured_or_calculated
11-860,edible_proportion,1.00,1.0,measured_or_calculated
11-860,nitrogen_conversion_factor,5.95,5.95,measured_or_calculated
11-859,edible_proportion,1.00,1.0,measured_or_calculated
11-859,nitrogen_conversion_factor,5.95,5.95,measured_or_calculated
11-859,glycerol_conversion_factor,0.820,0.82,measured_or_calculated
11-857,edible_proportion,1.00,1.0,measured_or_calculated
11-857,nitrogen_conversion_factor,5.95,5.95,measured_or_calculated
11-857,glycerol_conversion_factor,0.820,0.82,measured_or_calculated
11-879,edible_proportion,1.00,1.0,measured_or_calculated
11-879,nitrogen_conversion_factor,5.95,5.95,measured_or_calculated
11-879,glycerol_conversion_factor,0.820,0.82,measured_or_calculated
11-878,edible_proportion,1.00,1.0,measured_or_calculated
11-878,nitrogen_conversion_factor,5.95,5.95,measured_or_calculated
11-878,glycerol_conversion_factor,0.820,0.82,measured_or_calculated
11-862,edible_proportion,1.00,1.0,measured_or_calculated
11-862,nitrogen_conversion_factor,5.95,5.95,measured_or_calculated
11-864,edible_proportion,1.00,1.0,measured_or_calculated
11-864,nitrogen_conversion_factor,5.95,5.95,measured_or_calculated
11-864,glycerol_conversion_factor,0.820,0.82,measured_or_calculated
11-863,edible_proportion,1.00,1.0,measured_or_calculated
11-863,nitrogen_conversion_factor,5.95,5.95,measured_or_calculated
11-863,glycerol_conversion_factor,0.820,0.82,measured_or_calculated
11-861,edible_proportion,1.00,1.0,measured_or_calculated
11-861,nitrogen_conversion_factor,5.95,5.95,measured_or_calculated
11-861,glycerol_conversion_factor,0.820,0.82,measured_or_calculated
11-865,edible_proportion,1.00,1.0,measured_or_calculated
11-865,nitrogen_conversion_factor,5.95,5.95,measured_or_calculated
11-865,glycerol_conversion_factor,0.820,0.82,measured_or_calculated
11-873,edible_proportion,1.00,1.0,measured_or_calculated
11-873,nitrogen_conversion_factor,5.95,5.95,measured_or_calculated
11-873,glycerol_conversion_factor,0.820,0.82,measured_or_calculated
11-872,edible_proportion,1.00,1.0,measured_or_calculated
11-872,nitrogen_conversion_factor,5.95,5.95,measured_or_calculated
11-872,glycerol_conversion_factor,0.820,0.82,measured_or_calculated
19-566,edible_proportion,1.00,1.0,measured_or_calculated
11-999,edible_proportion,1.00,1.0,measured_or_calculated
15-864,edible_proportion,1.00,1.0,measured_or_calculated
15-863,edible_proportion,1.00,1.0,measured_or_calculated
15-281,edible_proportion,1.00,1.0,measured_or_calculated
15-282,edible_proportion,1.00,1.0,measured_or_calculated
15-865,edible_proportion,1.00,1.0,measured_or_calculated
15-866,edible_proportion,1.00,1.0,measured_or_calculated
15-279,edible_proportion,1.00,1.0,measured_or_calculated
15-280,edible_proportion,1.00,1.0,measured_or_calculated
15-867,edible_proportion,1.00,1.0,measured_or_calculated
15-868,edible_proportion,1.00,1.0,measured_or_calculated
11-1109,edible_proportion,1.00,1.0,measured_or_calculated
16-134,edible_proportion,1.00,1.0,measured_or_calculated
16-135,edible_proportion,0.93,0.93,measured_or_calculated
16-136,edible_proportion,1.00,1.0,measured_or_calculated
16-137,edible_proportion,0.93,0.93,measured_or_calculated
16-138,edible_proportion,1.00,1.0,measured_or_calculated
16-139,edible_proportion,0.93,0.93,measured_or_calculated
16-140,edible_proportion,1.00,1.0,measured_or_calculated
16-141,edible_proportion,0.93,0.93,measured_or_calculated
16-133,edible_proportion,N,,present_amount_unknown
13-522,edible_proportion,1.00,1.0,measured_or_calculated
13-522,nitrogen_conversion_factor,6.25,6.25,measured_or_calculated
16-301,edible_proportion,1.00,1.0,measured_or_calculated
16-299,edible_proportion,1.00,1.0,measured_or_calculated
16-299,glycerol_conversion_factor,0.700,0.7,measured_or_calculated
16-302,edible_proportion,1.00,1.0,measured_or_calculated
16-302,glycerol_conversion_factor,0.700,0.7,measured_or_calculated
16-132,edible_proportion,0.78,0.78,measured_or_calculated
13-882,edible_proportion,1.00,1.0,measured_or_calculated
13-882,nitrogen_conversion_factor,6.25,6.25,measured_or_calculated
13-892,edible_proportion,1.00,1.0,measured_or_calculated
13-892,nitrogen_conversion_factor,6.25,6.25,measured_or_calculated
13-892,glycerol_conversion_factor,0.800,0.8,measured_or_calculated
15-869,edible_proportion,1.00,1.0,measured_or_calculated
11-1111,edible_proportion,1.00,1.0,measured_or_calculated
11-940,edible_proportion,1.00,1.0,measured_or_calculated
11-940,nitrogen_conversion_factor,5.70,5.7,measured_or_calculated
11-940,glycerol_conversion_factor,0.956,0.956,measured_or_calculated
15-629,edible_proportion,1.00,1.0,measured_or_calculated
15-629,nitrogen_conversion_factor,6.25,6.25,measured_or_calculated
13-852,edible_proportion,1.00,1.0,measured_or_calculated
13-854,edible_proportion,1.00,1.0,measured_or_calculated
13-853,edible_proportion,1.00,1.0,measured_or_calculated
11-023,edible_proportion,1.00,1.0,measured_or_calculated
11-023,nitrogen_conversion_factor,5.70,5.7,measured_or_calculated
17-703,edible_proportion,1.00,1.0,measured_or_calculated
17-703,nitrogen_conversion_factor,6.25,6.25,measured_or_calculated
17-703,glycerol_conversion_factor,0.956,0.956,measured_or_calculated
17-704,edible_proportion,1.00,1.0,measured_or_calculated
17-704,nitrogen_conversion_factor,6.25,6.25,measured_or_calculated
15-870,edible_proportion,1.00,1.0,measured_or_calculated
15-871,edible_proportion,1.00,1.0,measured_or_calculated
15-648,edible_proportion,1.00,1.0,measured_or_calculated
15-872,edible_proportion,1.00,1.0,measured_or_calculated
15-873,edible_proportion,1.00,1.0,measured_or_calculated
15-874,edible_proportion,1.00,1.0,measured_or_calculated
15-654,edible_proportion,1.00,1.0,measured_or_calculated
15-654,nitrogen_conversion_factor,6.25,6.25,measured_or_calculated
15-875,edible_proportion,1.00,1.0,measured_or_calculated
15-649,edible_proportion,1.00,1.0,measured_or_calculated
15-876,edible_proportion,1.00,1.0,measured_or_calculated
15-878,edible_proportion,1.00,1.0,measured_or_calculated
15-294,edible_proportion,1.00,1.0,measured_or_calculated
19-517,edible_proportion,1.00,1.0,measured_or_calculated
19-517,glycerol_conversion_factor,0.930,0.93,measured_or_calculated
19-508,edible_proportion,1.00,1.0,measured_or_calculated
19-508,nitrogen_conversion_factor,6.25,6.25,measured_or_calculated
19-508,glycerol_conversion_factor,0.930,0.93,measured_or_calculated
19-625,edible_proportion,1.00,1.0,measured_or_calculated
16-453,edible_proportion,1.00,1.0,measured_or_calculated
16-359,edible_proportion,0.87,0.87,measured_or_calculated
16-359,nitrogen_conversion_factor,6.25,6.25,measured_or_calculated
16-359,glycerol_conversion_factor,0.900,0.9,measured_or_calculated
16-357,edible_proportion,0.87,0.87,measured_or_calculated
16-357,nitrogen_conversion_factor,6.25,6.25,measured_or_calculated
16-357,glycerol_conversion_factor,0.900,0.9,measured_or_calculated
16-484,edible_proportion,0.87,0.87,measured_or_calculated
16-484,nitrogen_conversion_factor,6.25,6.25,measured_or_calculated
16-484,glycerol_conversion_factor,0.900,0.9,measured_or_calculated
16-356,edible_proportion,0.93,0.93,measured_or_calculated
16-356,nitrogen_conversion_factor,6.25,6.25,measured_or_calculated
16-356,glycerol_conversion_factor,0.900,0.9,measured_or_calculated
16-358,edible_proportion,0.87,0.87,measured_or_calculated
16-358,nitrogen_conversion_factor,6.25,6.25,measured_or_calculated
16-358,glycerol_conversion_factor,0.900,0.9,measured_or_calculated
16-483,edible_proportion,0.87,0.87,measured_or_calculated
16-483,nitrogen_conversion_factor,6.25,6.25,measured_or_calculated
16-483,glycerol_conversion_factor,0.900,0.9,measured_or_calculated
16-420,edible_proportion,0.71,0.71,measured_or_calculated
16-420,nitrogen_conversion_factor,6.25,6.25,measured_or_calculated
16-420,glycerol_conversion_factor,0.900,0.9,measured_or_calculated
16-418,edible_proportion,0.70,0.7,measured_or_calculated
16-418,nitrogen_conversion_factor,6.25,6.25,measured_or_calculated
16-418,glycerol_conversion_factor,0.900,0.9,measured_or_calculated
16-419,edible_proportion,0.72,0.72,measured_or_calculated
16-419,nitrogen_conversion_factor,6.25,6.25,measured_or_calculated
16-419,glycerol_conversion_factor,0.900,0.9,measured_or_calculated
16-412,edible_proportion,1.00,1.0,measured_or_calculated
16-412,nitrogen_conversion_factor,6.25,6.25,measured_or_calculated
16-412,glycerol_conversion_factor,0.900,0.9,measured_or_calculated
16-413,edible_proportion,0.96,0.96,measured_or_calculated
16-413,nitrogen_conversion_factor,6.25,6.25,measured_or_calculated
16-413,glycerol_conversion_factor,0.900,0.9,measured_or_calculated
16-485,edible_proportion,1.00,1.0,measured_or_calculated
16-485,nitrogen_conversion_factor,6.25,6.25,measured_or_calculated
16-485,glycerol_conversion_factor,0.900,0.9,measured_or_calculated
16-360,edible_proportion,0.77,0.77,measured_or_calculated
16-360,nitrogen_conversion_factor,6.25,6.25,measured_or_calculated
16-360,glycerol_conversion_factor,0.900,0.9,measured_or_calculated
16-486,edible_proportion,1.00,1.0,measured_or_calculated
16-486,nitrogen_conversion_factor,6.25,6.25,measured_or_calculated
16-486,glycerol_conversion_factor,0.900,0.9,measured_or_calculated
16-487,edible_proportion,1.00,1.0,measured_or_calculated
16-487,nitrogen_conversion_factor,6.25,6.25,measured_or_calculated
16-487,glycerol_conversion_factor,0.900,0.9,measured_or_calculated
13-601,edible_proportion,1.00,1.0,measured_or_calculated
13-601,nitrogen_conversion_factor,6.25,6.25,measured_or_calculated
13-601,glycerol_conversion_factor,0.800,0.8,measured_or_calculated
13-334,edible_proportion,0.59,0.59,measured_or_calculated
17-367,edible_proportion,1.00,1.0,measured_or_calculated
16-010,edible_proportion,N,,present_amount_unknown
12-467,edible_proportion,1.00,1.0,measured_or_calculated
12-467,nitrogen_conversion_factor,6.25,6.25,measured_or_calculated
19-596,edible_proportion,1.00,1.0,measured_or_calculated
19-597,edible_proportion,1.00,1.0,measured_or_calculated
15-305,edible_proportion,1.00,1.0,measured_or_calculated
15-305,glycerol_conversion_factor,0.960,0.96,measured_or_calculated
11-955,edible_proportion,1.00,1.0,measured_or_calculated
11-963,edible_proportion,1.00,1.0,measured_or_calculated
11-964,edible_proportion,1.00,1.0,measured_or_calculated
11-966,edible_proportion,1.00,1.0,measured_or_calculated
11-965,edible_proportion,1.00,1.0,measured_or_calculated
11-967,edible_proportion,1.00,1.0,measured_or_calculated
14-256,edible_proportion,0.81,0.81,measured_or_calculated
16-424,edible_proportion,0.58,0.58,measured_or_calculated
16-424,nitrogen_conversion_factor,6.25,6.25,measured_or_calculated
16-424,glycerol_conversion_factor,0.900,0.9,measured_or_calculated
16-440,edible_proportion,0.7,0.7,measured_or_calculated
16-439,edible_proportion,0.7,0.7,measured_or_calculated
16-422,edible_proportion,1.00,1.0,measured_or_calculated
16-422,nitrogen_conversion_factor,6.25,6.25,measured_or_calculated
16-422,glycerol_conversion_factor,0.900,0.9,measured_or_calculated
16-438,edible_proportion,1,1.0,measured_or_calculated
16-488,edible_proportion,0.63,0.63,measured_or_calculated
16-488,nitrogen_conversion_factor,6.25,6.25,measured_or_calculated
16-488,glycerol_conversion_factor,0.900,0.9,measured_or_calculated
16-401,edible_proportion,0.47,0.47,measured_or_calculated
16-401,nitrogen_conversion_factor,6.25,6.25,measured_or_calculated
16-401,glycerol_conversion_factor,0.900,0.9,measured_or_calculated
12-593,edible_proportion,1.00,1.0,measured_or_calculated
12-593,nitrogen_conversion_factor,6.25,6.25,measured_or_calculated
17-628,edible_proportion,1.00,1.0,measured_or_calculated
17-628,nitrogen_conversion_factor,6.25,6.25,measured_or_calculated
17-628,glycerol_conversion_factor,0.956,0.956,measured_or_calculated
17-629,edible_proportion,1.00,1.0,measured_or_calculated
17-629,nitrogen_conversion_factor,6.25,6.25,measured_or_calculated
17-629,glycerol_conversion_factor,0.956,0.956,measured_or_calculated
15-879,edible_proportion,1.00,1.0,measured_or_calculated
15-880,edible_proportion,1.00,1.0,measured_or_calculated
15-751,edible_proportion,1.00,1.0,measured_or_calculated
15-881,edible_proportion,1.00,1.0,measured_or_calculated
17-329,edible_proportion,1.00,1.0,measured_or_calculated
17-330,edible_proportion,1.00,1.0,measured_or_calculated
19-577,edible_proportion,1.00,1.0,measured_or_calculated
17-626,edible_proportion,1.00,1.0,measured_or_calculated
17-626,nitrogen_conversion_factor,6.25,6.25,measured_or_calculated
17-626,glycerol_conversion_factor,0.956,0.956,measured_or_calculated
17-625,edible_proportion,1.00,1.0,measured_or_calculated
17-625,nitrogen_conversion_factor,6.25,6.25,measured_or_calculated
17-625,glycerol_conversion_factor,0.945,0.945,measured_or_calculated
17-624,edible_proportion,1.00,1.0,measured_or_calculated
17-624,nitrogen_conversion_factor,6.38,6.38,measured_or_calculated
17-624,glycerol_conversion_factor,0.945,0.945,measured_or_calculated
17-618,edible_proportion,1.00,1.0,measured_or_calculated
17-618,nitrogen_conversion_factor,6.25,6.25,measured_or_calculated
17-618,glycerol_conversion_factor,0.956,0.956,measured_or_calculated
17-619,edible_proportion,1.00,1.0,measured_or_calculated
17-619,nitrogen_conversion_factor,6.25,6.25,measured_or_calculated
17-619,glycerol_conversion_factor,0.956,0.956,measured_or_calculated
17-620,edible_proportion,1.00,1.0,measured_or_calculated
17-620,nitrogen_conversion_factor,6.25,6.25,measured_or_calculated
17-620,glycerol_conversion_factor,0.800,0.8,measured_or_calculated
17-621,edible_proportion,1.00,1.0,measured_or_calculated
17-621,nitrogen_conversion_factor,6.25,6.25,measured_or_calculated
17-621,glycerol_conversion_factor,0.956,0.956,measured_or_calculated
17-827,edible_proportion,1,1.0,measured_or_calculated
17-336,edible_proportion,1.00,1.0,measured_or_calculated
15-882,edible_proportion,1.00,1.0,measured_or_calculated
17-834,edible_proportion,1.00,1.0,measured_or_calculated
17-630,edible_proportion,1.00,1.0,measured_or_calculated
17-630,nitrogen_conversion_factor,6.25,6.25,measured_or_calculated
17-630,glycerol_conversion_factor,0.956,0.956,measured_or_calculated
17-631,edible_proportion,1.00,1.0,measured_or_calculated
17-631,nitrogen_conversion_factor,6.25,6.25,measured_or_calculated
17-631,glycerol_conversion_factor,0.956,0.956,measured_or_calculated
17-627,edible_proportion,1.00,1.0,measured_or_calculated
17-627,nitrogen_conversion_factor,6.25,6.25,measured_or_calculated
17-627,glycerol_conversion_factor,0.956,0.956,measured_or_calculated
13-336,edible_proportion,0.71,0.71,measured_or_calculated
19-468,edible_proportion,1.00,1.0,measured_or_calculated
19-468,nitrogen_conversion_factor,6.25,6.25,measured_or_calculated
19-468,glycerol_conversion_factor,0.953,0.953,measured_or_calculated
19-643,edible_proportion,1.00,1.0,measured_or_calculated
19-653,edible_proportion,1.00,1.0,measured_or_calculated
19-653,nitrogen_conversion_factor,6.25,6.25,measured_or_calculated
19-653,glycerol_conversion_factor,0.930,0.93,measured_or_calculated
19-489,edible_proportion,1.00,1.0,measured_or_calculated
19-489,nitrogen_conversion_factor,6.25,6.25,measured_or_calculated
19-489,glycerol_conversion_factor,0.930,0.93,measured_or_calculated
19-656,edible_proportion,1.00,1.0,measured_or_calculated
19-656,nitrogen_conversion_factor,6.25,6.25,measured_or_calculated
19-656,glycerol_conversion_factor,0.930,0.93,measured_or_calculated
19-512,edible_proportion,1.00,1.0,measured_or_calculated
19-512,nitrogen_conversion_factor,6.25,6.25,measured_or_calculated
19-512,glycerol_conversion_factor,0.930,0.93,measured_or_calculated
19-509,edible_proportion,1.00,1.0,measured_or_calculated
19-509,nitrogen_conversion_factor,6.25,6.25,measured_or_calculated
19-654,edible_proportion,1.00,1.0,measured_or_calculated
19-654,nitrogen_conversion_factor,6.25,6.25,measured_or_calculated
19-655,edible_proportion,1.00,1.0,measured_or_calculated
19-655,nitrogen_conversion_factor,6.25,6.25,measured_or_calculated
19-510,edible_proportion,1.00,1.0,measured_or_calculated
19-510,nitrogen_conversion_factor,6.25,6.25,measured_or_calculated
19-662,edible_proportion,1.00,1.0,measured_or_calculated
19-662,nitrogen_conversion_factor,6.25,6.25,measured_or_calculated
19-662,glycerol_conversion_factor,0.930,0.93,measured_or_calculated
19-511,edible_proportion,1.00,1.0,measured_or_calculated
19-511,nitrogen_conversion_factor,6.25,6.25,measured_or_calculated
19-658,edible_proportion,1.00,1.0,measured_or_calculated
19-658,nitrogen_conversion_factor,6.25,6.25,measured_or_calculated
19-658,glycerol_conversion_factor,0.930,0.93,measured_or_calculated
19-661,edible_proportion,1.00,1.0,measured_or_calculated
19-661,glycerol_conversion_factor,0.930,0.93,measured_or_calculated
19-513,edible_proportion,1.00,1.0,measured_or_calculated
19-513,nitrogen_conversion_factor,6.25,6.25,measured_or_calculated
19-657,edible_proportion,1.00,1.0,measured_or_calculated
19-657,nitrogen_conversion_factor,6.25,6.25,measured_or_calculated
19-657,glycerol_conversion_factor,0.930,0.93,measured_or_calculated
15-658,edible_proportion,1.00,1.0,measured_or_calculated
15-658,nitrogen_conversion_factor,6.25,6.25,measured_or_calculated
15-658,glycerol_conversion_factor,0.956,0.956,measured_or_calculated
19-319,edible_proportion,1.00,1.0,measured_or_calculated
19-319,nitrogen_conversion_factor,6.25,6.25,measured_or_calculated
19-319,glycerol_conversion_factor,0.934,0.934,measured_or_calculated
16-262,edible_proportion,1.00,1.0,measured_or_calculated
16-409,edible_proportion,1.00,1.0,measured_or_calculated
16-409,nitrogen_conversion_factor,6.25,6.25,measured_or_calculated
16-409,glycerol_conversion_factor,0.956,0.956,measured_or_calculated
16-443,edible_proportion,1.00,1.0,measured_or_calculated
16-443,nitrogen_conversion_factor,6.25,6.25,measured_or_calculated
16-442,edible_proportion,1.00,1.0,measured_or_calculated
16-442,nitrogen_conversion_factor,6.25,6.25,measured_or_calculated
11-1112,edible_proportion,1.00,1.0,measured_or_calculated
11-993,edible_proportion,1.00,1.0,measured_or_calculated
11-993,nitrogen_conversion_factor,5.70,5.7,measured_or_calculated
11-993,glycerol_conversion_factor,0.956,0.956,measured_or_calculated
11-1115,edible_proportion,1.00,1.0,measured_or_calculated
11-958,edible_proportion,1.00,1.0,measured_or_calculated
11-827,edible_proportion,1.00,1.0,measured_or_calculated
11-827,nitrogen_conversion_factor,5.70,5.7,measured_or_calculated
11-827,glycerol_conversion_factor,0.945,0.945,measured_or_calculated
11-1113,edible_proportion,1.00,1.0,measured_or_calculated
11-1114,edible_proportion,1.00,1.0,measured_or_calculated
17-835,edible_proportion,1.00,1.0,measured_or_calculated
19-518,edible_proportion,1.00,1.0,measured_or_calculated
19-518,nitrogen_conversion_factor,6.25,6.25,measured_or_calculated
19-518,glycerol_conversion_factor,0.830,0.83,measured_or_calculated
11-1116,edible_proportion,1.00,1.0,measured_or_calculated
11-544,edible_proportion,1.00,1.0,measured_or_calculated
11-544,nitrogen_conversion_factor,5.83,5.83,measured_or_calculated
11-544,glycerol_conversion_factor,0.670,0.67,measured_or_calculated
16-454,edible_proportion,1.00,1.0,measured_or_calculated
16-454,nitrogen_conversion_factor,6.25,6.25,measured_or_calculated
16-415,edible_proportion,1.00,1.0,measured_or_calculated
16-415,nitrogen_conversion_factor,6.25,6.25,measured_or_calculated
16-415,glycerol_conversion_factor,0.956,0.956,measured_or_calculated
13-337,edible_proportion,1.00,1.0,measured_or_calculated
13-338,edible_proportion,1.00,1.0,measured_or_calculated
13-339,edible_proportion,1.00,1.0,measured_or_calculated
13-340,edible_proportion,1.00,1.0,measured_or_calculated
13-341,edible_proportion,1.00,1.0,measured_or_calculated
11-903,edible_proportion,1.00,1.0,measured_or_calculated
11-903,nitrogen_conversion_factor,5.70,5.7,measured_or_calculated
11-903,glycerol_conversion_factor,0.670,0.67,measured_or_calculated
16-367,edible_proportion,1.00,1.0,measured_or_calculated
16-367,nitrogen_conversion_factor,6.25,6.25,measured_or_calculated
16-367,glycerol_conversion_factor,0.956,0.956,measured_or_calculated
14-844,edible_proportion,1.00,1.0,measured_or_calculated
14-844,nitrogen_conversion_factor,5.30,5.3,measured_or_calculated
14-844,glycerol_conversion_factor,0.960,0.96,measured_or_calculated
17-836,edible_proportion,1.00,1.0,measured_or_calculated
11-915,edible_proportion,1.00,1.0,measured_or_calculated
11-915,nitrogen_conversion_factor,6.25,6.25,measured_or_calculated
13-342,edible_proportion,0.72,0.72,measured_or_calculated
17-760,edible_proportion,1.00,1.0,measured_or_calculated
17-760,specific_gravity,0.50,0.5,measured_or_calculated
17-760,nitrogen_conversion_factor,6.25,6.25,measured_or_calculated
17-821,edible_proportion,1.00,1.0,measured_or_calculated
17-821,nitrogen_conversion_factor,6.25,6.25,measured_or_calculated
16-142,edible_proportion,N,,present_amount_unknown
14-259,edible_proportion,0.93,0.93,measured_or_calculated
19-626,edible_proportion,1.00,1.0,measured_or_calculated
15-883,edible_proportion,1.00,1.0,measured_or_calculated
15-655,edible_proportion,1.00,1.0,measured_or_calculated
15-655,nitrogen_conversion_factor,6.25,6.25,measured_or_calculated
17-236,edible_proportion,1.00,1.0,measured_or_calculated
17-236,specific_gravity,1.00,1.0,measured_or_calculated
17-236,total_solids,N,,present_amount_unknown
19-525,edible_proportion,1.00,1.0,measured_or_calculated
19-150,edible_proportion,1.00,1.0,measured_or_calculated
19-150,glycerol_conversion_factor,0.920,0.92,measured_or_calculated
19-627,edible_proportion,1.00,1.0,measured_or_calculated
11-802,edible_proportion,1.00,1.0,measured_or_calculated
11-802,nitrogen_conversion_factor,5.70,5.7,measured_or_calculated
11-802,glycerol_conversion_factor,0.945,0.945,measured_or_calculated
11-837,edible_proportion,1.00,1.0,measured_or_calculated
11-837,nitrogen_conversion_factor,5.70,5.7,measured_or_calculated
11-837,glycerol_conversion_factor,0.956,0.956,measured_or_calculated
16-245,edible_proportion,1.00,1.0,measured_or_calculated
16-246,edible_proportion,0.33,0.33,measured_or_calculated
16-247,edible_proportion,0.65,0.65,measured_or_calculated
16-249,edible_proportion,1.00,1.0,measured_or_calculated
16-248,edible_proportion,1.00,1.0,measured_or_calculated
16-144,edible_proportion,1.00,1.0,measured_or_calculated
16-145,edible_proportion,0.74,0.74,measured_or_calculated
16-143,edible_proportion,N,,present_amount_unknown
17-096,edible_proportion,1.00,1.0,measured_or_calculated
17-096,nitrogen_conversion_factor,6.25,6.25,measured_or_calculated
17-747,edible_proportion,1.00,1.0,measured_or_calculated
17-747,nitrogen_conversion_factor,6.25,6.25,measured_or_calculated
16-477,edible_proportion,0.77,0.77,measured_or_calculated
16-477,nitrogen_conversion_factor,6.25,6.25,measured_or_calculated
12-393,edible_proportion,1.00,1.0,measured_or_calculated
12-393,specific_gravity,0.79,0.79,measured_or_calculated
12-393,nitrogen_conversion_factor,6.25,6.25,measured_or_calculated
12-393,glycerol_conversion_factor,0.956,0.956,measured_or_calculated
12-958,edible_proportion,1.00,1.0,measured_or_calculated
12-959,edible_proportion,1.00,1.0,measured_or_calculated
17-637,edible_proportion,1.00,1.0,measured_or_calculated
17-637,nitrogen_conversion_factor,6.25,6.25,measured_or_calculated
17-637,glycerol_conversion_factor,0.945,0.945,measured_or_calculated
17-634,edible_proportion,1.00,1.0,measured_or_calculated
17-634,nitrogen_conversion_factor,6.25,6.25,measured_or_calculated
17-776,edible_proportion,1.00,1.0,measured_or_calculated
17-850,edible_proportion,1.00,1.0,measured_or_calculated
17-850,nitrogen_conversion_factor,6.25,6.25,measured_or_calculated
17-714,edible_proportion,1.00,1.0,measured_or_calculated
17-714,nitrogen_conversion_factor,6.25,6.25,measured_or_calculated
17-695,edible_proportion,1.00,1.0,measured_or_calculated
17-696,edible_proportion,1.00,1.0,measured_or_calculated
17-652,edible_proportion,1.00,1.0,measured_or_calculated
17-652,nitrogen_conversion_factor,6.38,6.38,measured_or_calculated
17-652,glycerol_conversion_factor,0.956,0.956,measured_or_calculated
17-794,edible_proportion,1.00,1.0,measured_or_calculated
17-795,edible_proportion,1.00,1.0,measured_or_calculated
17-796,edible_proportion,1.00,1.0,measured_or_calculated
17-653,edible_proportion,1.00,1.0,measured_or_calculated
17-653,nitrogen_conversion_factor,6.25,6.25,measured_or_calculated
17-653,glycerol_conversion_factor,0.956,0.956,measured_or_calculated
17-660,edible_proportion,1.00,1.0,measured_or_calculated
17-660,nitrogen_conversion_factor,6.25,6.25,measured_or_calculated
17-660,glycerol_conversion_factor,0.956,0.956,measured_or_calculated
17-698,edible_proportion,1.00,1.0,measured_or_calculated
17-808,edible_proportion,1.00,1.0,measured_or_calculated
17-699,edible_proportion,1.00,1.0,measured_or_calculated
17-711,edible_proportion,1.00,1.0,measured_or_calculated
17-711,nitrogen_conversion_factor,6.25,6.25,measured_or_calculated
17-810,edible_proportion,1.00,1.0,measured_or_calculated
17-813,edible_proportion,1.00,1.0,measured_or_calculated
17-635,edible_proportion,1.00,1.0,measured_or_calculated
17-635,nitrogen_conversion_factor,6.25,6.25,measured_or_calculated
17-635,glycerol_conversion_factor,0.945,0.945,measured_or_calculated
17-713,edible_proportion,1.00,1.0,measured_or_calculated
17-713,glycerol_conversion_factor,0.950,0.95,measured_or_calculated
17-700,edible_proportion,1.00,1.0,measured_or_calculated
17-829,edible_proportion,1.00,1.0,measured_or_calculated
17-831,edible_proportion,1.00,1.0,measured_or_calculated
17-636,edible_proportion,1.00,1.0,measured_or_calculated
17-636,nitrogen_conversion_factor,6.25,6.25,measured_or_calculated
17-636,glycerol_conversion_factor,0.945,0.945,measured_or_calculated
17-712,edible_proportion,1.00,1.0,measured_or_calculated
17-712,nitrogen_conversion_factor,6.25,6.25,measured_or_calculated
17-684,edible_proportion,1.00,1.0,measured_or_calculated
17-721,edible_proportion,1.00,1.0,measured_or_calculated
17-721,nitrogen_conversion_factor,6.25,6.25,measured_or_calculated
19-628,edible_proportion,1.00,1.0,measured_or_calculated
19-542,edible_proportion,1.00,1.0,measured_or_calculated
19-542,nitrogen_conversion_factor,6.25,6.25,measured_or_calculated
19-542,glycerol_conversion_factor,0.950,0.95,measured_or_calculated
19-524,edible_proportion,1.00,1.0,measured_or_calculated
13-550,edible_proportion,1.00,1.0,measured_or_calculated
13-550,nitrogen_conversion_factor,6.25,6.25,measured_or_calculated
13-521,edible_proportion,1.00,1.0,measured_or_calculated
13-521,nitrogen_conversion_factor,6.25,6.25,measured_or_calculated
17-417,edible_proportion,1.00,1.0,measured_or_calculated
13-458,edible_proportion,1.00,1.0,measured_or_calculated
13-458,nitrogen_conversion_factor,6.25,6.25,measured_or_calculated
13-458,glycerol_conversion_factor,0.800,0.8,measured_or_calculated
13-573,edible_proportion,1.00,1.0,measured_or_calculated
13-573,nitrogen_conversion_factor,6.25,6.25,measured_or_calculated
13-573,glycerol_conversion_factor,0.800,0.8,measured_or_calculated
13-572,edible_proportion,0.81,0.81,measured_or_calculated
13-572,nitrogen_conversion_factor,6.25,6.25,measured_or_calculated
13-572,glycerol_conversion_factor,0.800,0.8,measured_or_calculated
17-247,edible_proportion,1.00,1.0,measured_or_calculated
17-247,specific_gravity,0.95,0.95,measured_or_calculated
17-247,total_solids,Tr,0.0,trace
16-219,edible_proportion,1.00,1.0,measured_or_calculated
16-220,edible_proportion,0.60,0.6,measured_or_calculated
16-218,edible_proportion,0.68,0.68,measured_or_calculated
16-218,glycerol_conversion_factor,0.900,0.9,measured_or_calculated
13-350,edible_proportion,1.00,1.0,measured_or_calculated
13-348,edible_proportion,0.84,0.84,measured_or_calculated
13-352,edible_proportion,0.69,0.69,measured_or_calculated
13-352,nitrogen_conversion_factor,6.25,6.25,measured_or_calculated
13-351,edible_proportion,0.31,0.31,measured_or_calculated
19-327,edible_proportion,1.00,1.0,measured_or_calculated
19-327,nitrogen_conversion_factor,6.25,6.25,measured_or_calculated
19-327,glycerol_conversion_factor,0.956,0.956,measured_or_calculated
13-354,edible_proportion,1.00,1.0,measured_or_calculated
13-353,edible_proportion,0.76,0.76,measured_or_calculated
13-644,edible_proportion,1,1.0,measured_or_calculated
13-644,nitrogen_conversion_factor,6.25,6.25,measured_or_calculated
13-644,glycerol_conversion_factor,0.8,0.8,measured_or_calculated
13-643,edible_proportion,1,1.0,measured_or_calculated
13-643,nitrogen_conversion_factor,6.25,6.25,measured_or_calculated
13-643,glycerol_conversion_factor,0.8,0.8,measured_or_calculated
13-355,edible_proportion,0.82,0.82,measured_or_calculated
13-358,edible_proportion,1.00,1.0,measured_or_calculated
13-357,edible_proportion,0.75,0.75,measured_or_calculated
16-267,edible_proportion,1.00,1.0,measured_or_calculated
16-263,edible_proportion,N,,present_amount_unknown
14-059,edible_proportion,0.97,0.97,measured_or_calculated
19-630,edible_proportion,1.00,1.0,measured_or_calculated
19-473,edible_proportion,1.00,1.0,measured_or_calculated
19-550,edible_proportion,1.00,1.0,measured_or_calculated
19-590,edible_proportion,1.00,1.0,measured_or_calculated
19-479,edible_proportion,1.00,1.0,measured_or_calculated
19-585,edible_proportion,1.00,1.0,measured_or_calculated
19-460,edible_proportion,1.00,1.0,measured_or_calculated
19-460,nitrogen_conversion_factor,6.25,6.25,measured_or_calculated
19-460,glycerol_conversion_factor,0.956,0.956,measured_or_calculated
17-515,edible_proportion,1.00,1.0,measured_or_calculated
17-515,nitrogen_conversion_factor,6.25,6.25,measured_or_calculated
17-515,glycerol_conversion_factor,0.956,0.956,measured_or_calculated
17-726,edible_proportion,1.00,1.0,measured_or_calculated
17-726,nitrogen_conversion_factor,6.25,6.25,measured_or_calculated
17-774,edible_proportion,1.00,1.0,measured_or_calculated
17-727,edible_proportion,1.00,1.0,measured_or_calculated
17-727,nitrogen_conversion_factor,6.25,6.25,measured_or_calculated
17-680,edible_proportion,1.00,1.0,measured_or_calculated
17-680,nitrogen_conversion_factor,6.25,6.25,measured_or_calculated
17-681,edible_proportion,1.00,1.0,measured_or_calculated
17-681,nitrogen_conversion_factor,6.25,6.25,measured_or_calculated
17-767,edible_proportion,1.00,1.0,measured_or_calculated
14-324,edible_proportion,0.94,0.94,measured_or_calculated
14-324,nitrogen_conversion_factor,6.25,6.25,measured_or_calculated
11-919,edible_proportion,1.00,1.0,measured_or_calculated
11-919,nitrogen_conversion_factor,5.70,5.7,measured_or_calculated
11-919,glycerol_conversion_factor,0.956,0.956,measured_or_calculated
17-371,edible_proportion,1.00,1.0,measured_or_calculated
17-372,edible_proportion,1.00,1.0,measured_or_calculated
11-1000,edible_proportion,1.00,1.0,measured_or_calculated
17-011,edible_proportion,1.00,1.0,measured_or_calculated
17-011,glycerol_conversion_factor,0.960,0.96,measured_or_calculated
17-759,edible_proportion,1.00,1.0,measured_or_calculated
17-759,nitrogen_conversion_factor,6.25,6.25,measured_or_calculated
17-759,glycerol_conversion_factor,0.960,0.96,measured_or_calculated
14-076,edible_proportion,0.51,0.51,measured_or_calculated
17-060,edible_proportion,1.00,1.0,measured_or_calculated
17-060,nitrogen_conversion_factor,6.25,6.25,measured_or_calculated
17-061,edible_proportion,1.00,1.0,measured_or_calculated
17-061,nitrogen_conversion_factor,6.25,6.25,measured_or_calculated
17-062,edible_proportion,1.00,1.0,measured_or_calculated
17-062,nitrogen_conversion_factor,6.25,6.25,measured_or_calculated
17-063,edible_proportion,1.00,1.0,measured_or_calculated
17-063,nitrogen_conversion_factor,6.25,6.25,measured_or_calculated
14-263,edible_proportion,1.00,1.0,measured_or_calculated
14-263,nitrogen_conversion_factor,6.25,6.25,measured_or_calculated
14-845,edible_proportion,1.00,1.0,measured_or_calculated
14-845,nitrogen_conversion_factor,5.30,5.3,measured_or_calculated
14-845,glycerol_conversion_factor,0.960,0.96,measured_or_calculated
14-846,edible_proportion,1.00,1.0,measured_or_calculated
16-361,edible_proportion,1.00,1.0,measured_or_calculated
16-361,nitrogen_conversion_factor,6.25,6.25,measured_or_calculated
16-361,glycerol_conversion_factor,0.900,0.9,measured_or_calculated
16-362,edible_proportion,1.00,1.0,measured_or_calculated
16-362,nitrogen_conversion_factor,6.25,6.25,measured_or_calculated
16-362,glycerol_conversion_factor,0.900,0.9,measured_or_calculated
15-617,edible_proportion,1.00,1.0,measured_or_calculated
15-617,nitrogen_conversion_factor,6.25,6.25,measured_or_calculated
13-650,edible_proportion,1,1.0,measured_or_calculated
13-650,nitrogen_conversion_factor,6.25,6.25,measured_or_calculated
13-650,glycerol_conversion_factor,0.8,0.8,measured_or_calculated
13-359,edible_proportion,0.73,0.73,measured_or_calculated
19-324,edible_proportion,1.00,1.0,measured_or_calculated
19-324,nitrogen_conversion_factor,6.25,6.25,measured_or_calculated
19-324,glycerol_conversion_factor,0.956,0.956,measured_or_calculated
19-304,edible_proportion,1.00,1.0,measured_or_calculated
19-304,glycerol_conversion_factor,0.930,0.93,measured_or_calculated
19-485,edible_proportion,1.00,1.0,measured_or_calculated
15-884,edible_proportion,1.00,1.0,measured_or_calculated
13-672,edible_proportion,1.00,1.0,measured_or_calculated
13-646,edible_proportion,1,1.0,measured_or_calculated
13-646,nitrogen_conversion_factor,6.25,6.25,measured_or_calculated
13-646,glycerol_conversion_factor,0.8,0.8,measured_or_calculated
13-463,edible_proportion,0.84,0.84,measured_or_calculated
13-463,nitrogen_conversion_factor,6.25,6.25,measured_or_calculated
13-671,edible_proportion,1.00,1.0,measured_or_calculated
13-647,edible_proportion,1,1.0,measured_or_calculated
13-647,nitrogen_conversion_factor,6.25,6.25,measured_or_calculated
13-647,glycerol_conversion_factor,0.956,0.956,measured_or_calculated
18-422,edible_proportion,1.00,1.0,measured_or_calculated
18-421,edible_proportion,1.00,1.0,measured_or_calculated
13-634,edible_proportion,1,1.0,measured_or_calculated
13-634,nitrogen_conversion_factor,6.25,6.25,measured_or_calculated
13-634,glycerol_conversion_factor,0.8,0.8,measured_or_calculated
13-635,edible_proportion,1,1.0,measured_or_calculated
13-635,nitrogen_conversion_factor,6.25,6.25,measured_or_calculated
13-635,glycerol_conversion_factor,0.956,0.956,measured_or_calculated
13-529,edible_proportion,0.87,0.87,measured_or_calculated
13-529,nitrogen_conversion_factor,6.25,6.25,measured_or_calculated
13-609,edible_proportion,1.00,1.0,measured_or_calculated
13-609,nitrogen_conversion_factor,6.25,6.25,measured_or_calculated
13-609,glycerol_conversion_factor,0.800,0.8,measured_or_calculated
13-508,edible_proportion,0.59,0.59,measured_or_calculated
13-508,nitrogen_conversion_factor,6.25,6.25,measured_or_calculated
13-606,edible_proportion,0.59,0.59,measured_or_calculated
13-606,nitrogen_conversion_factor,6.25,6.25,measured_or_calculated
13-606,glycerol_conversion_factor,0.800,0.8,measured_or_calculated
13-623,edible_proportion,0.59,0.59,measured_or_calculated
13-623,nitrogen_conversion_factor,6.25,6.25,measured_or_calculated
13-622,edible_proportion,1.00,1.0,measured_or_calculated
13-622,nitrogen_conversion_factor,6.25,6.25,measured_or_calculated
17-101,edible_proportion,1.00,1.0,measured_or_calculated
17-101,nitrogen_conversion_factor,6.25,6.25,measured_or_calculated
17-647,edible_proportion,1.00,1.0,measured_or_calculated
17-647,nitrogen_conversion_factor,6.25,6.25,measured_or_calculated
17-647,glycerol_conversion_factor,0.956,0.956,measured_or_calculated
17-828,edible_proportion,1.00,1.0,measured_or_calculated
17-828,nitrogen_conversion_factor,6.25,6.25,measured_or_calculated
16-222,edible_proportion,1.00,1.0,measured_or_calculated
16-223,edible_proportion,0.89,0.89,measured_or_calculated
16-221,edible_proportion,N,,present_amount_unknown
17-064,edible_proportion,1.00,1.0,measured_or_calculated
17-065,edible_proportion,1.00,1.0,measured_or_calculated
17-065,nitrogen_conversion_factor,6.25,6.25,measured_or_calculated
16-335,edible_proportion,1.00,1.0,measured_or_calculated
16-335,nitrogen_conversion_factor,6.25,6.25,measured_or_calculated
16-335,glycerol_conversion_factor,0.956,0.956,measured_or_calculated
15-885,edible_proportion,1.00,1.0,measured_or_calculated
14-847,edible_proportion,1.00,1.0,measured_or_calculated
14-847,nitrogen_conversion_factor,5.30,5.3,measured_or_calculated
14-264,edible_proportion,0.93,0.93,measured_or_calculated
14-265,edible_proportion,0.41,0.41,measured_or_calculated
13-855,edible_proportion,1.00,1.0,measured_or_calculated
13-856,edible_proportion,1.00,1.0,measured_or_calculated
13-375,edible_proportion,0.80,0.8,measured_or_calculated
11-027,edible_proportion,1.00,1.0,measured_or_calculated
11-027,nitrogen_conversion_factor,6.25,6.25,measured_or_calculated
16-449,edible_proportion,1.00,1.0,measured_or_calculated
16-449,glycerol_conversion_factor,0.900,0.9,measured_or_calculated
13-380,edible_proportion,0.70,0.7,measured_or_calculated
13-381,edible_proportion,1.00,1.0,measured_or_calculated
13-377,edible_proportion,1.00,1.0,measured_or_calculated
13-378,edible_proportion,1.00,1.0,measured_or_calculated
13-376,edible_proportion,0.66,0.66,measured_or_calculated
13-379,edible_proportion,1.00,1.0,measured_or_calculated
13-858,edible_proportion,1.00,1.0,measured_or_calculated
13-857,edible_proportion,1.00,1.0,measured_or_calculated
11-1028,edible_proportion,1.00,1.0,measured_or_calculated
11-1058,edible_proportion,1.00,1.0,measured_or_calculated
11-1093,edible_proportion,1.00,1.0,measured_or_calculated
17-722,edible_proportion,1.00,1.0,measured_or_calculated
17-722,nitrogen_conversion_factor,6.25,6.25,measured_or_calculated
11-1123,edible_proportion,1.00,1.0,measured_or_calculated
11-845,edible_proportion,1.00,1.0,measured_or_calculated
11-845,nitrogen_conversion_factor,5.70,5.7,measured_or_calculated
11-845,glycerol_conversion_factor,0.956,0.956,measured_or_calculated
12-461,edible_proportion,1.00,1.0,measured_or_calculated
12-461,nitrogen_conversion_factor,6.25,6.25,measured_or_calculated
12-461,glycerol_conversion_factor,0.956,0.956,measured_or_calculated
11-1085,edible_proportion,1.00,1.0,measured_or_calculated
11-1086,edible_proportion,1.00,1.0,measured_or_calculated
17-165,edible_proportion,1.00,1.0,measured_or_calculated
17-165,nitrogen_conversion_factor,6.25,6.25,measured_or_calculated
17-167,edible_proportion,1.00,1.0,measured_or_calculated
17-166,edible_proportion,1.00,1.0,measured_or_calculated
17-170,edible_proportion,1.00,1.0,measured_or_calculated
17-171,edible_proportion,1.00,1.0,measured_or_calculated
17-171,nitrogen_conversion_factor,6.25,6.25,measured_or_calculated
17-172,edible_proportion,1.00,1.0,measured_or_calculated
17-172,nitrogen_conversion_factor,6.25,6.25,measured_or_calculated
17-169,edible_proportion,1.00,1.0,measured_or_calculated
17-168,edible_proportion,1.00,1.0,measured_or_calculated
13-118,edible_proportion,1.00,1.0,measured_or_calculated
15-886,edible_proportion,1.00,1.0,measured_or_calculated
13-883,edible_proportion,1.00,1.0,measured_or_calculated
13-883,nitrogen_conversion_factor,6.25,6.25,measured_or_calculated
13-893,edible_proportion,1.00,1.0,measured_or_calculated
13-893,nitrogen_conversion_factor,6.25,6.25,measured_or_calculated
13-893,glycerol_conversion_factor,0.800,0.8,measured_or_calculated
14-848,edible_proportion,1.00,1.0,measured_or_calculated
16-154,edible_proportion,0.37,0.37,measured_or_calculated
15-626,edible_proportion,1.00,1.0,measured_or_calculated
15-626,nitrogen_conversion_factor,6.25,6.25,measured_or_calculated
12-476,edible_proportion,1.00,1.0,measured_or_calculated
12-476,nitrogen_conversion_factor,6.38,6.38,measured_or_calculated
12-476,glycerol_conversion_factor,0.945,0.945,measured_or_calculated
19-635,edible_proportion,1.00,1.0,measured_or_calculated
19-636,edible_proportion,1.00,1.0,measured_or_calculated
17-646,edible_proportion,1.00,1.0,measured_or_calculated
17-646,nitrogen_conversion_factor,6.25,6.25,measured_or_calculated
17-646,glycerol_conversion_factor,0.956,0.956,measured_or_calculated
15-887,edible_proportion,1.00,1.0,measured_or_calculated
15-888,edible_proportion,1.00,1.0,measured_or_calculated
13-570,edible_proportion,1.00,1.0,measured_or_calculated
13-570,nitrogen_conversion_factor,6.25,6.25,measured_or_calculated
13-571,edible_proportion,1.00,1.0,measured_or_calculated
13-571,nitrogen_conversion_factor,6.25,6.25,measured_or_calculated
13-382,edible_proportion,1.00,1.0,measured_or_calculated
13-382,nitrogen_conversion_factor,6.25,6.25,measured_or_calculated
17-709,edible_proportion,1.00,1.0,measured_or_calculated
17-709,nitrogen_conversion_factor,6.25,6.25,measured_or_calculated
17-709,glycerol_conversion_factor,0.956,0.956,measured_or_calculated
13-531,edible_proportion,1.00,1.0,measured_or_calculated
13-531,nitrogen_conversion_factor,6.25,6.25,measured_or_calculated
13-531,glycerol_conversion_factor,0.800,0.8,measured_or_calculated
50-1173,edible_proportion,1.00,1.0,measured_or_calculated
13-530,edible_proportion,1.00,1.0,measured_or_calculated
13-530,nitrogen_conversion_factor,6.25,6.25,measured_or_calculated
13-519,edible_proportion,0.99,0.99,measured_or_calculated
13-519,nitrogen_conversion_factor,6.25,6.25,measured_or_calculated
13-603,edible_proportion,1.00,1.0,measured_or_calculated
13-603,nitrogen_conversion_factor,6.25,6.25,measured_or_calculated
13-603,glycerol_conversion_factor,0.956,0.956,measured_or_calculated
13-602,edible_proportion,1.00,1.0,measured_or_calculated
13-602,nitrogen_conversion_factor,6.25,6.25,measured_or_calculated
13-602,glycerol_conversion_factor,0.956,0.956,measured_or_calculated
13-518,edible_proportion,0.90,0.9,measured_or_calculated
13-518,nitrogen_conversion_factor,6.25,6.25,measured_or_calculated
13-517,edible_proportion,0.99,0.99,measured_or_calculated
13-517,nitrogen_conversion_factor,6.25,6.25,measured_or_calculated
15-321,edible_proportion,1.00,1.0,measured_or_calculated
15-889,edible_proportion,1.00,1.0,measured_or_calculated
18-423,edible_proportion,0.57,0.57,measured_or_calculated
18-424,edible_proportion,0.60,0.6,measured_or_calculated
18-425,edible_proportion,1.00,1.0,measured_or_calculated
18-426,edible_proportion,1.00,1.0,measured_or_calculated
18-427,edible_proportion,1.00,1.0,measured_or_calculated
17-736,edible_proportion,1.00,1.0,measured_or_calculated
17-736,nitrogen_conversion_factor,6.25,6.25,measured_or_calculated
17-670,edible_proportion,1.00,1.0,measured_or_calculated
17-670,nitrogen_conversion_factor,5.41,5.41,measured_or_calculated
15-625,edible_proportion,1.00,1.0,measured_or_calculated
15-625,nitrogen_conversion_factor,6.25,6.25,measured_or_calculated
12-408,edible_proportion,1.00,1.0,measured_or_calculated
12-408,nitrogen_conversion_factor,6.25,6.25,measured_or_calculated
12-408,glycerol_conversion_factor,0.945,0.945,measured_or_calculated
17-644,edible_proportion,1.00,1.0,measured_or_calculated
17-644,nitrogen_conversion_factor,6.25,6.25,measured_or_calculated
17-644,glycerol_conversion_factor,0.956,0.956,measured_or_calculated
11-925,edible_proportion,1.00,1.0,measured_or_calculated
11-925,nitrogen_conversion_factor,5.70,5.7,measured_or_calculated
14-849,edible_proportion,1.00,1.0,measured_or_calculated
14-849,nitrogen_conversion_factor,6.25,6.25,measured_or_calculated
11-1126,edible_proportion,1.00,1.0,measured_or_calculated
17-826,edible_proportion,1.00,1.0,measured_or_calculated
17-826,nitrogen_conversion_factor,6.25,6.25,measured_or_calculated
12-409,edible_proportion,1.00,1.0,measured_or_calculated
12-409,nitrogen_conversion_factor,6.25,6.25,measured_or_calculated
12-409,glycerol_conversion_factor,0.945,0.945,measured_or_calculated
12-600,edible_proportion,1.00,1.0,measured_or_calculated
12-601,edible_proportion,1.00,1.0,measured_or_calculated
19-637,edible_proportion,1.00,1.0,measured_or_calculated
18-428,edible_proportion,1.00,1.0,measured_or_calculated
50-502,edible_proportion,1.00,1.0,measured_or_calculated
16-224,edible_proportion,N,,present_amount_unknown
50-629,edible_proportion,1.00,1.0,measured_or_calculated
50-630,edible_proportion,0.66,0.66,measured_or_calculated
16-489,edible_proportion,0.87,0.87,measured_or_calculated
16-489,nitrogen_conversion_factor,6.25,6.25,measured_or_calculated
16-489,glycerol_conversion_factor,0.900,0.9,measured_or_calculated
16-396,edible_proportion,0.71,0.71,measured_or_calculated
16-396,nitrogen_conversion_factor,6.25,6.25,measured_or_calculated
16-396,glycerol_conversion_factor,0.900,0.9,measured_or_calculated
16-395,edible_proportion,0.70,0.7,measured_or_calculated
16-395,nitrogen_conversion_factor,6.25,6.25,measured_or_calculated
16-395,glycerol_conversion_factor,0.900,0.9,measured_or_calculated
17-098,edible_proportion,1.00,1.0,measured_or_calculated
17-837,edible_proportion,1.00,1.0,measured_or_calculated
16-416,edible_proportion,0.62,0.62,measured_or_calculated
16-416,nitrogen_conversion_factor,6.25,6.25,measured_or_calculated
16-416,glycerol_conversion_factor,0.900,0.9,measured_or_calculated
16-417,edible_proportion,0.62,0.62,measured_or_calculated
16-417,nitrogen_conversion_factor,6.25,6.25,measured_or_calculated
16-417,glycerol_conversion_factor,0.956,0.956,measured_or_calculated
16-400,edible_proportion,0.76,0.76,measured_or_calculated
16-400,nitrogen_conversion_factor,6.25,6.25,measured_or_calculated
16-400,glycerol_conversion_factor,0.900,0.9,measured_or_calculated
16-399,edible_proportion,0.76,0.76,measured_or_calculated
16-399,nitrogen_conversion_factor,6.25,6.25,measured_or_calculated
16-399,glycerol_conversion_factor,0.900,0.9,measured_or_calculated
16-156,edible_proportion,1.00,1.0,measured_or_calculated
16-157,edible_proportion,0.62,0.62,measured_or_calculated
16-155,edible_proportion,N,,present_amount_unknown
19-638,edible_proportion,1.00,1.0,measured_or_calculated
19-543,edible_proportion,1.00,1.0,measured_or_calculated
18-356,edible_proportion,1.00,1.0,measured_or_calculated
18-356,glycerol_conversion_factor,0.950,0.95,measured_or_calculated
18-348,edible_proportion,1.00,1.0,measured_or_calculated
18-358,edible_proportion,1.00,1.0,measured_or_calculated
18-358,glycerol_conversion_factor,0.950,0.95,measured_or_calculated
18-365,edible_proportion,1.00,1.0,measured_or_calculated
18-366,edible_proportion,0.72,0.72,measured_or_calculated
18-364,edible_proportion,1.00,1.0,measured_or_calculated
18-349,edible_proportion,1.00,1.0,measured_or_calculated
18-359,edible_proportion,1.00,1.0,measured_or_calculated
18-359,glycerol_conversion_factor,0.950,0.95,measured_or_calculated
18-350,edible_proportion,1.00,1.0,measured_or_calculated
18-361,edible_proportion,1.00,1.0,measured_or_calculated
18-354,edible_proportion,1.00,1.0,measured_or_calculated
18-354,glycerol_conversion_factor,0.950,0.95,measured_or_calculated
18-360,edible_proportion,1.00,1.0,measured_or_calculated
18-362,edible_proportion,1.00,1.0,measured_or_calculated
18-363,edible_proportion,1.00,1.0,measured_or_calculated
18-351,edible_proportion,1.00,1.0,measured_or_calculated
18-351,glycerol_conversion_factor,0.950,0.95,measured_or_calculated
19-640,edible_proportion,1.00,1.0,measured_or_calculated
18-357,edible_proportion,1.00,1.0,measured_or_calculated
18-355,edible_proportion,1.00,1.0,measured_or_calculated
18-355,glycerol_conversion_factor,0.950,0.95,measured_or_calculated
18-352,edible_proportion,1.00,1.0,measured_or_calculated
18-353,edible_proportion,0.70,0.7,measured_or_calculated
18-367,edible_proportion,1.00,1.0,measured_or_calculated
18-368,edible_proportion,0.65,0.65,measured_or_calculated
17-593,edible_proportion,1.00,1.0,measured_or_calculated
17-122,edible_proportion,1.00,1.0,measured_or_calculated
17-122,nitrogen_conversion_factor,6.25,6.25,measured_or_calculated
13-861,edible_proportion,1.00,1.0,measured_or_calculated
13-392,edible_proportion,1.00,1.0,measured_or_calculated
13-391,edible_proportion,1.00,1.0,measured_or_calculated
13-391,nitrogen_conversion_factor,6.25,6.25,measured_or_calculated
13-389,edible_proportion,0.75,0.75,measured_or_calculated
17-694,edible_proportion,1.00,1.0,measured_or_calculated
17-694,nitrogen_conversion_factor,5.70,5.7,measured_or_calculated
17-694,glycerol_conversion_factor,0.960,0.96,measured_or_calculated
12-547,edible_proportion,1.00,1.0,measured_or_calculated
12-468,edible_proportion,1.00,1.0,measured_or_calculated
12-468,nitrogen_conversion_factor,6.25,6.25,measured_or_calculated
18-487,edible_proportion,1.00,1.0,measured_or_calculated
18-487,nitrogen_conversion_factor,6.25,6.25,measured_or_calculated
18-487,glycerol_conversion_factor,0.916,0.916,measured_or_calculated
18-486,edible_proportion,1.00,1.0,measured_or_calculated
18-486,nitrogen_conversion_factor,6.25,6.25,measured_or_calculated
18-486,glycerol_conversion_factor,0.916,0.916,measured_or_calculated
18-094,edible_proportion,1.00,1.0,measured_or_calculated
18-095,edible_proportion,1.00,1.0,measured_or_calculated
18-095,glycerol_conversion_factor,0.930,0.93,measured_or_calculated
15-656,edible_proportion,1.00,1.0,measured_or_calculated
15-656,nitrogen_conversion_factor,5.70,5.7,measured_or_calculated
15-657,edible_proportion,1.00,1.0,measured_or_calculated
15-657,nitrogen_conversion_factor,6.25,6.25,measured_or_calculated
15-657,glycerol_conversion_factor,0.870,0.87,measured_or_calculated
15-650,edible_proportion,1.00,1.0,measured_or_calculated
15-344,edible_proportion,1.00,1.0,measured_or_calculated
15-661,edible_proportion,1.00,1.0,measured_or_calculated
15-661,nitrogen_conversion_factor,6.25,6.25,measured_or_calculated
15-345,edible_proportion,1.00,1.0,measured_or_calculated
15-621,edible_proportion,1.00,1.0,measured_or_calculated
15-621,nitrogen_conversion_factor,6.25,6.25,measured_or_calculated
13-543,edible_proportion,1.00,1.0,measured_or_calculated
13-543,nitrogen_conversion_factor,6.25,6.25,measured_or_calculated
13-604,edible_proportion,1.00,1.0,measured_or_calculated
13-604,nitrogen_conversion_factor,6.25,6.25,measured_or_calculated
13-604,glycerol_conversion_factor,0.956,0.956,measured_or_calculated
15-364,edible_proportion,1.00,1.0,measured_or_calculated
15-364,nitrogen_conversion_factor,6.25,6.25,measured_or_calculated
15-364,glycerol_conversion_factor,0.956,0.956,measured_or_calculated
19-610,edible_proportion,1.00,1.0,measured_or_calculated
18-390,edible_proportion,1.00,1.0,measured_or_calculated
18-491,edible_proportion,1.00,1.0,measured_or_calculated
18-491,nitrogen_conversion_factor,6.25,6.25,measured_or_calculated
18-491,glycerol_conversion_factor,0.935,0.935,measured_or_calculated
17-239,edible_proportion,1.00,1.0,measured_or_calculated
17-239,specific_gravity,1.00,1.0,measured_or_calculated
17-239,total_solids,6.6,6.6,measured_or_calculated
15-823,edible_proportion,1.00,1.0,measured_or_calculated
17-339,edible_proportion,1.00,1.0,measured_or_calculated
11-800,edible_proportion,1.00,1.0,measured_or_calculated
11-800,nitrogen_conversion_factor,5.70,5.7,measured_or_calculated
11-800,glycerol_conversion_factor,0.956,0.956,measured_or_calculated
11-1130,edible_proportion,1.00,1.0,measured_or_calculated
14-879,edible_proportion,1.00,1.0,measured_or_calculated
14-879,nitrogen_conversion_factor,5.30,5.3,measured_or_calculated
14-879,glycerol_conversion_factor,0.956,0.956,measured_or_calculated
14-887,edible_proportion,0.43,0.43,measured_or_calculated
13-394,edible_proportion,0.73,0.73,measured_or_calculated
17-377,edible_proportion,1.00,1.0,measured_or_calculated
13-669__dup2,edible_proportion,1,1.0,measured_or_calculated
13-669__dup2,nitrogen_conversion_factor,6.25,6.25,measured_or_calculated
13-669__dup2,glycerol_conversion_factor,0.8,0.8,measured_or_calculated
11-1131,edible_proportion,1.00,1.0,measured_or_calculated
11-1132,edible_proportion,1.00,1.0,measured_or_calculated
12-602,edible_proportion,1.00,1.0,measured_or_calculated
12-603,edible_proportion,1.00,1.0,measured_or_calculated
11-904,edible_proportion,1.00,1.0,measured_or_calculated
11-904,nitrogen_conversion_factor,5.70,5.7,measured_or_calculated
11-904,glycerol_conversion_factor,0.720,0.72,measured_or_calculated
11-907,edible_proportion,1.00,1.0,measured_or_calculated
11-907,nitrogen_conversion_factor,5.83,5.83,measured_or_calculated
11-907,glycerol_conversion_factor,0.720,0.72,measured_or_calculated
16-268,edible_proportion,1.00,1.0,measured_or_calculated
16-268,glycerol_conversion_factor,0.700,0.7,measured_or_calculated
16-269,edible_proportion,0.34,0.34,measured_or_calculated
16-158,edible_proportion,0.75,0.75,measured_or_calculated
17-667,edible_proportion,1.00,1.0,measured_or_calculated
17-778,edible_proportion,1.00,1.0,measured_or_calculated
17-779,edible_proportion,1.00,1.0,measured_or_calculated
17-841,edible_proportion,1.00,1.0,measured_or_calculated
17-842,edible_proportion,1.00,1.0,measured_or_calculated
17-843,edible_proportion,1.00,1.0,measured_or_calculated
16-231,edible_proportion,1.00,1.0,measured_or_calculated
14-268,edible_proportion,0.96,0.96,measured_or_calculated
14-269,edible_proportion,1.00,1.0,measured_or_calculated
14-270,edible_proportion,1.00,1.0,measured_or_calculated
16-159,edible_proportion,0.39,0.39,measured_or_calculated
16-160,edible_proportion,1.00,1.0,measured_or_calculated
16-161,edible_proportion,0.93,0.93,measured_or_calculated
16-162,edible_proportion,1.00,1.0,measured_or_calculated
16-163,edible_proportion,0.90,0.9,measured_or_calculated
16-164,edible_proportion,1.00,1.0,measured_or_calculated
16-165,edible_proportion,0.90,0.9,measured_or_calculated
16-166,edible_proportion,1.00,1.0,measured_or_calculated
16-167,edible_proportion,0.90,0.9,measured_or_calculated
19-641,edible_proportion,1.00,1.0,measured_or_calculated
17-812,edible_proportion,1.00,1.0,measured_or_calculated
17-752,edible_proportion,1.00,1.0,measured_or_calculated
17-752,specific_gravity,1.00,1.0,measured_or_calculated
17-752,total_solids,N,,present_amount_unknown
17-752,nitrogen_conversion_factor,6.25,6.25,measured_or_calculated
17-754,edible_proportion,1.00,1.0,measured_or_calculated
17-754,specific_gravity,1.00,1.0,measured_or_calculated
17-754,total_solids,4.0,4.0,measured_or_calculated
17-755,edible_proportion,1.00,1.0,measured_or_calculated
17-755,specific_gravity,1.00,1.0,measured_or_calculated
17-755,total_solids,1.8,1.8,measured_or_calculated
17-756,edible_proportion,1.00,1.0,measured_or_calculated
17-756,specific_gravity,1.00,1.0,measured_or_calculated
17-756,total_solids,N,,present_amount_unknown
17-757,edible_proportion,1.00,1.0,measured_or_calculated
17-757,specific_gravity,1.00,1.0,measured_or_calculated
17-757,total_solids,N,,present_amount_unknown
17-757,nitrogen_conversion_factor,6.25,6.25,measured_or_calculated
17-233,edible_proportion,1.00,1.0,measured_or_calculated
17-233,specific_gravity,1.02,1.02,measured_or_calculated
17-233,total_solids,N,,present_amount_unknown
16-270,edible_proportion,1.00,1.0,measured_or_calculated
16-270,glycerol_conversion_factor,0.700,0.7,measured_or_calculated
16-271,edible_proportion,0.19,0.19,measured_or_calculated
17-723,edible_proportion,1.00,1.0,measured_or_calculated
17-723,nitrogen_conversion_factor,6.25,6.25,measured_or_calculated
13-398,edible_proportion,1.00,1.0,measured_or_calculated
13-655,edible_proportion,1,1.0,measured_or_calculated
13-655,nitrogen_conversion_factor,6.25,6.25,measured_or_calculated
13-655,glycerol_conversion_factor,0.8,0.8,measured_or_calculated
13-397,edible_proportion,0.81,0.81,measured_or_calculated
13-401,edible_proportion,1.00,1.0,measured_or_calculated
17-517,edible_proportion,1.00,1.0,measured_or_calculated
17-517,nitrogen_conversion_factor,6.25,6.25,measured_or_calculated
17-517,glycerol_conversion_factor,0.956,0.956,measured_or_calculated
17-378,edible_proportion,1.00,1.0,measured_or_calculated
17-379,edible_proportion,1.00,1.0,measured_or_calculated
12-377,edible_proportion,1.00,1.0,measured_or_calculated
12-377,specific_gravity,1.06,1.06,measured_or_calculated
12-377,nitrogen_conversion_factor,6.38,6.38,measured_or_calculated
12-377,glycerol_conversion_factor,0.945,0.945,measured_or_calculated
12-555,edible_proportion,1.00,1.0,measured_or_calculated
12-555,specific_gravity,1.02,1.02,measured_or_calculated
12-555,nitrogen_conversion_factor,6.38,6.38,measured_or_calculated
12-555,glycerol_conversion_factor,0.945,0.945,measured_or_calculated
12-380,edible_proportion,1.00,1.0,measured_or_calculated
12-380,specific_gravity,1.08,1.08,measured_or_calculated
12-380,nitrogen_conversion_factor,6.38,6.38,measured_or_calculated
12-380,glycerol_conversion_factor,0.945,0.945,measured_or_calculated
12-904,edible_proportion,1.00,1.0,measured_or_calculated
12-904,specific_gravity,1.07,1.07,measured_or_calculated
12-904,nitrogen_conversion_factor,6.38,6.38,measured_or_calculated
12-904,glycerol_conversion_factor,0.945,0.945,measured_or_calculated
12-379,edible_proportion,1.00,1.0,measured_or_calculated
12-379,specific_gravity,1.02,1.02,measured_or_calculated
12-379,nitrogen_conversion_factor,6.38,6.38,measured_or_calculated
12-379,glycerol_conversion_factor,0.945,0.945,measured_or_calculated
12-905,edible_proportion,1.00,1.0,measured_or_calculated
12-905,specific_gravity,1.08,1.08,measured_or_calculated
12-905,nitrogen_conversion_factor,6.38,6.38,measured_or_calculated
12-905,glycerol_conversion_factor,0.950,0.95,measured_or_calculated
12-609,edible_proportion,1.00,1.0,measured_or_calculated
12-609,specific_gravity,1.04,1.04,measured_or_calculated
12-609,nitrogen_conversion_factor,5.71,5.71,measured_or_calculated
12-609,glycerol_conversion_factor,0.956,0.956,measured_or_calculated
12-532,edible_proportion,1.00,1.0,measured_or_calculated
12-532,specific_gravity,1.05,1.05,measured_or_calculated
12-532,nitrogen_conversion_factor,6.38,6.38,measured_or_calculated
12-532,glycerol_conversion_factor,0.945,0.945,measured_or_calculated
12-533,edible_proportion,1.00,1.0,measured_or_calculated
12-533,specific_gravity,1.04,1.04,measured_or_calculated
12-533,nitrogen_conversion_factor,6.38,6.38,measured_or_calculated
12-533,glycerol_conversion_factor,0.945,0.945,measured_or_calculated
12-375,edible_proportion,1.00,1.0,measured_or_calculated
12-375,nitrogen_conversion_factor,6.38,6.38,measured_or_calculated
12-375,glycerol_conversion_factor,0.945,0.945,measured_or_calculated
12-530,edible_proportion,1.00,1.0,measured_or_calculated
12-530,specific_gravity,1.06,1.06,measured_or_calculated
12-530,nitrogen_conversion_factor,6.38,6.38,measured_or_calculated
12-530,glycerol_conversion_factor,0.945,0.945,measured_or_calculated
12-184,edible_proportion,1.00,1.0,measured_or_calculated
12-184,glycerol_conversion_factor,0.950,0.95,measured_or_calculated
12-515,edible_proportion,1.00,1.0,measured_or_calculated
12-515,nitrogen_conversion_factor,6.38,6.38,measured_or_calculated
12-515,glycerol_conversion_factor,0.945,0.945,measured_or_calculated
12-531,edible_proportion,1.00,1.0,measured_or_calculated
12-531,nitrogen_conversion_factor,6.38,6.38,measured_or_calculated
12-531,glycerol_conversion_factor,0.945,0.945,measured_or_calculated
11-960,edible_proportion,1.00,1.0,measured_or_calculated
11-1135,edible_proportion,1.00,1.0,measured_or_calculated
11-1146,edible_proportion,1.00,1.0,measured_or_calculated
