food_id,food_code,duplicate_code_sequence,source_row_index,food_name,search_name,description,group_code,previous_code,main_data_references,footnote
13-145,13-145,1,1,"Ackee, canned, drained","ackee, canned, drained 8 cans",8 cans,DG,554,"MW4, 1978; and Vegetables, Herbs and Spices Supplement, 1991",
13-146,13-146,1,2,"Agar, dried","agar, dried literature sources",Literature sources,DG,,"Wu Leung et al. (1972) Food composition table for use in East Asia, Food and Agriculature Organization and US Department of Health",
13-147,13-147,1,3,"Agar, dried, soaked and drained","agar, dried, soaked and drained literature sources",Literature sources,DG,,"Wu Leung et al. (1972) Food composition table for use in East Asia, Food and Agriculature Organization and US Department of Health",
13-148,13-148,1,4,"Alfalfa sprouts, raw","alfalfa sprouts, raw analytical and literature sources",Analytical and literature sources,DG,,"Vegetables, Herbs and Spices Supplement, 1991",
13-801,13-801,1,5,"Allspice, ground","allspice, ground literature sources",Literature sources,H,,"Marsh et al. (1977) Composition of foods: spices and herbs, raw, processed and prepared, Agriculture Handbook No. 8-2",
14-870,14-870,1,6,"Almonds, flaked and ground","almonds, flaked and ground 10 samples",10 samples,GA,14-801 14-855 50-972,"Reviewed 2013. LGC, Snacks and nuts, 1989-1991; and Fatty Acid Supplement, 1998 (14-855). Selenium from Analysis of foods for Selenium 1994",
14-897,14-897,1,7,"Almonds, toasted","almonds, toasted literature sources",Literature sources,GA,14-803,"USDA SR28, 2015",
14-898,14-898,1,8,"Almonds, weighed with shells","almonds, weighed with shells calculated from 14-896",Calculated from 14-896,GA,14-883,"USDA SR28, 2015",
14-896,14-896,1,9,"Almonds, whole kernels","almonds, whole kernels literature sources, prunus dulcis","Literature sources, Prunus dulcis",GA,,"USDA SR28, 2015",
13-150,13-150,1,10,"Amaranth leaves, boiled in unsalted water","amaranth leaves, boiled in unsalted water calculation from raw",Calculation from raw,DG,,"Wu Leung et al. (1972) Food composition table for use in East Asia, Food and Agriculature Organization and US Department of Health",
13-149,13-149,1,11,"Amaranth leaves, raw","amaranth leaves, raw literature sources",Literature sources,DG,,"Wu Leung et al. (1972) Food composition table for use in East Asia, Food and Agriculature Organization and US Department of Health",
14-001,14-001,1,12,Amla,amla literature sources,Literature sources,FA,,"Gopalan et al. (1980) Nutritive value of Indian foods, National Insitute of Nutrition, Indian Council of Medical Research",
16-448,16-448,1,13,"Anchovies, canned in oil, drained","anchovies, canned in oil, drained 10 samples, 4 brands","10 samples, 4 brands",JC,16-323,"Data from Fish and Fish Products Supplement, 1993 (16-168) except fatty acids and phytosterols from RHM, fatty acids in foods, 1993",
13-802,13-802,1,14,Anise seeds,anise seeds literature sources,Literature sources,H,,"Marsh et al. (1977) Composition of foods: spices and herbs, raw, processed and prepared, Agriculture Handbook No. 8-2",
14-272,14-272,1,15,"Apple juice concentrate, unsweetened, commerical","apple juice concentrate, unsweetened, commerical 10 samples, 68.6 brix; imported commercial concentrate","10 samples, 68.6 Brix; imported commercial concentrate",PE,,"Fruit and Nuts Supplement, 1992",
14-331,14-331,1,16,"Apple juice, clear, ambient and chilled","apple juice, clear, ambient and chilled 10 samples, 9 brands, from concentrate","10 samples, 9 brands, from concentrate",FC,14-271,"DH, Nutrient analysis of fruit and vegetables, 2013",
17-851,17-851,1,17,"Apple sauce, homemade","apple sauce, homemade recipe",Recipe,WC,17-608,Updated 2014,
14-344,14-344,1,18,"Apples, cooking, baked with sugar, flesh only","apples, cooking, baked with sugar, flesh only calculated from 672g apple (14-342) and 40g sugar (17-061)",Calculated from 672g apple (14-342) and 40g sugar (17-061),FA,14-007,Updated 2014,
14-345,14-345,1,19,"Apples, cooking, baked with sugar, flesh only, weighed with skin","apples, cooking, baked with sugar, flesh only, weighed with skin calculated from 14-344 using edible portion of 0.84",Calculated from 14-344 using edible portion of 0.84,FA,14-008,Updated 2014,
14-342,14-342,1,20,"Apples, cooking, baked without sugar, flesh only","apples, cooking, baked without sugar, flesh only calculated from 14-320",Calculated from 14-320,FA,14-010,"DH, Nutrient analysis of fruit and vegetables, 2013",
14-343,14-343,1,21,"Apples, cooking, baked without sugar, flesh only, weighed with skin","apples, cooking, baked without sugar, flesh only, weighed with skin calculated from 14-342 using edible portion of 0.84",Calculated from 14-342 using edible portion of 0.84,FA,14-011,"DH, Nutrient analysis of fruit and vegetables, 2013",
14-362,14-362,1,22,"Apples, cooking, raw, flesh only, peeled","apples, cooking, raw, flesh only, peeled bramley apples and unspecified. analytical data, 1985-86; and 2011-12","Bramley apples and unspecified. Analytical data, 1985-86; and 2011-12",F,14-002,"LGC, Nutritional composition of fresh fruit, 1985-1986; and Fruit and Nuts Supplement, 1992",
14-363,14-363,1,23,"Apples, cooking, raw, flesh only, weighed with skin and core","apples, cooking, raw, flesh only, weighed with skin and core bramley variety; calculated from 14-362",Bramley variety; calculated from 14-362,F,14-003,"LGC, Nutritional composition of fresh fruit, 1985-1986; and Fruit and Nuts Supplement, 1992",
14-332,14-332,1,24,"Apples, cooking, stewed with sugar, flesh only","apples, cooking, stewed with sugar, flesh only calculated from stewed without sugar",Calculated from stewed without sugar,FA,14-004,"DH, Nutrient analysis of fruit and vegetables, 2013",
14-320,14-320,1,25,"Apples, cooking, stewed without sugar, flesh only","apples, cooking, stewed without sugar, flesh only 22 samples, autumn and winter, uk grown pre-packed and loose, including bramley and unspecified varieties","22 samples, autumn and winter, UK grown pre-packed and loose, including Bramley and unspecified varieties",FA,,"DH, Nutrient analysis of fruit and vegetables, 2013",
14-016,14-016,1,26,"Apples, eating, dried","apples, eating, dried 6 samples, 3 brands and calculation from 14-014","6 samples, 3 brands and calculation from 14-014",FA,,"LGC, Fruit and vegetables, 1989-1990",
14-319,14-319,1,27,"Apples, eating, raw, flesh and skin","apples, eating, raw, flesh and skin 22 samples, autumn and winter, uk grown and imported, pre-packed and loose, including gala, braeburn, golden delicious, pink lady, cox and granny smith","22 samples, autumn and winter, UK grown and imported, pre-packed and loose, including Gala, Braeburn, Golden Delicious, Pink Lady, Cox and Granny Smith",FA,14-012,"DH, Nutrient analysis of fruit and vegetables, 2013",
14-346,14-346,1,28,"Apples, eating, raw, flesh and skin, weighed with core","apples, eating, raw, flesh and skin, weighed with core calculated from 14-319 using edible portion of 0.87",Calculated from 14-319 using edible portion of 0.87,FA,14-013,"DH, Nutrient analysis of fruit and vegetables, 2013. Vitamin K1 calculated from Bolton-Smith et al, Br.J. Nutr 83, 2000",
14-031,14-031,1,29,"Apricots, dried","apricots, dried no stones",No stones,FA,,"LGC, Nutritional composition of fruit products, 1985-1986",
14-032,14-032,1,30,"Apricots, dried, stewed with sugar","apricots, dried, stewed with sugar calculated from 450g fruit, 770g water, 54g sugar","Calculated from 450g fruit, 770g water, 54g sugar",FA,,"Fruit and Nuts Supplement, 1992",
14-033,14-033,1,31,"Apricots, dried, stewed without sugar","apricots, dried, stewed without sugar calculated from 450g fruit, 770g water","Calculated from 450g fruit, 770g water",FA,,"Fruit and Nuts Supplement, 1992",
14-025,14-025,1,32,"Apricots, raw, flesh and skin","apricots, raw, flesh and skin 18 samples",18 samples,FA,50-860,"Reviewed 2013. LGC, Fruit and vegetables, 1989-1990",
14-026,14-026,1,33,"Apricots, raw, flesh and skin, weighed with stones","apricots, raw, flesh and skin, weighed with stones calculated from 14-025",Calculated from 14-025,FA,50-861,"LGC, Fruit and vegetables, 1989-1990",
14-392,14-392,1,34,"Apricots, ready-to-eat, semi-dried","apricots, ready-to-eat, semi-dried 10 samples, 8 products, including soft, ready-to-eat and partially rehydrated","10 samples, 8 products, including soft, ready-to-eat and partially rehydrated",FA,14-036,"PHE, Nutrient analysis of fresh and processed fruit and vegetables with respect to fibre, 2017",
14-027,14-027,1,35,"Apricots, stewed with sugar","apricots, stewed with sugar 1000g fruit, 100g water, 120g sugar; stones removed","1000g fruit, 100g water, 120g sugar; stones removed",FA,,"Fruit and Nuts Supplement, 1992",
14-028,14-028,1,36,"Apricots, stewed with sugar, weighed with stones","apricots, stewed with sugar, weighed with stones calculated from 14-027",Calculated from 14-027,FA,,"Fruit and Nuts Supplement, 1992",
14-029,14-029,1,37,"Apricots, stewed without sugar","apricots, stewed without sugar 500g fruit, 75g water; stones removed","500g fruit, 75g water; stones removed",FA,,"Fruit and Nuts Supplement, 1992",
14-030,14-030,1,38,"Apricots, stewed without sugar, weighed with stones","apricots, stewed without sugar, weighed with stones calculated from 14-029",Calculated from 14-029,FA,,"Fruit and Nuts Supplement, 1992",
13-152,13-152,1,39,"Arrowhead, boiled in unsalted water","arrowhead, boiled in unsalted water calculated from raw",Calculated from raw,DG,,"Haytowitz and Matthews (1984) Composition of foods: vegetables and vegetable products, raw, processed and prepared, Agricultural Handbook No. 8-11, and Wu Leung et al. (1972) Food composition table for use in East Asia",
13-151,13-151,1,40,"Arrowhead, raw","arrowhead, raw literature sources",Literature sources,DG,,"Haytowitz and Matthews (1984) Composition of foods: vegetables and vegetable products, raw, processed and prepared, Agricultural Handbook No. 8-11, and Wu Leung et al. (1972) Food composition table for use in East Asia",
11-001,11-001,1,41,Arrowroot,arrowroot 2 samples from different shops,2 samples from different shops,AA,,"MW3, 1960. Reviewed 2014",
13-155,13-155,1,42,"Artichoke, globe, base of leaves and heart, boiled in unsalted water","artichoke, globe, base of leaves and heart, boiled in unsalted water base of leaves and heart; boiled 35 minutes",Base of leaves and heart; boiled 35 minutes,DG,,"IFR, The nutritional composition of retail vegetables in the UK, 1984-1987",
13-154,13-154,1,43,"Artichoke, globe, boiled, weighed as served","artichoke, globe, boiled, weighed as served calculated from boiled in unsalted water",Calculated from boiled in unsalted water,DG,,"IFR, The nutritional composition of retail vegetables in the UK, 1984-1987",
13-153,13-153,1,44,"Artichoke, globe, raw","artichoke, globe, raw literature sources",Literature sources,DG,,"Vegetables, Herbs and Spices Supplement, 1991",
13-156,13-156,1,45,"Artichoke, Jerusalem, boiled in unsalted water, flesh only","artichoke, jerusalem, boiled in unsalted water, flesh only boiled 20 minutes",Boiled 20 minutes,DG,,"MW4, 1978",
13-803,13-803,1,46,Asafoetida,asafoetida resin from root of ferula plant. literature sources,Resin from root of Ferula plant. Literature sources,H,,"Gopalan et al. (1980) Nutritive value of Indian foods, National Institute of Nutrition",
13-639,13-639,1,47,"Asparagus, grilled","asparagus, grilled calculated from steamed. water and fat analysed, 2017. 7 samples, fresh, imported, including tips and thicker stems. tough base of stems removed, grilled for 4-6 minutes","Calculated from steamed. Water and fat analysed, 2017. 7 samples, fresh, imported, including tips and thicker stems. Tough base of stems removed, grilled for 4-6 minutes",DG,,"PHE, Nutrient analysis of fresh and processed fruit and vegetables with respect to fibre, 2017",
13-157,13-157,1,48,"Asparagus, raw","asparagus, raw tough base of stems removed",Tough base of stems removed,DG,50-737,"Reviewed 2013. IFR, The nutritional composition of retail vegetables in the UK, 1984-1987",
13-640,13-640,1,49,"Asparagus, roasted in rapeseed oil","asparagus, roasted in rapeseed oil calculated from steamed. water and fat analysed, 2017. 7 samples, fresh, imported, including tips and thicker stems, tough base of stems removed. roasted in 0.5-1 tbsp oil for 10 minutes","Calculated from steamed. Water and fat analysed, 2017. 7 samples, fresh, imported, including tips and thicker stems, tough base of stems removed. Roasted in 0.5-1 tbsp oil for 10 minutes",DG,,"PHE, Nutrient analysis of fresh and processed fruit and vegetables with respect to fibre, 2017",
13-638,13-638,1,50,"Asparagus, steamed","asparagus, steamed 11 samples, fresh, uk and imported, including tips and thicker stems. tough base of stems removed, steamed for 3-18 minutes","11 samples, fresh, UK and imported, including tips and thicker stems. Tough base of stems removed, steamed for 3-18 minutes",DG,,"PHE, Nutrient analysis of fresh and processed fruit and vegetables with respect to fibre, 2017",
13-651,13-651,1,51,"Aubergine, flesh and skin, boiled in unsalted water","aubergine, flesh and skin, boiled in unsalted water 11 samples, uk and imported. cut into chunks and boiled for 10-30 minutes","11 samples, UK and imported. Cut into chunks and boiled for 10-30 minutes",DG,,"PHE, Nutrient analysis of fresh and processed fruit and vegetables with respect to fibre, 2017",
13-669,13-669,1,52,"Aubergine, flesh and skin, roasted in rapeseed oil","aubergine, flesh and skin, roasted in rapeseed oil 11 samples, uk and imported, roasted in a small amount of rapeseed oil for 20-30 minutes","11 samples, UK and imported, roasted in a small amount of rapeseed oil for 20-30 minutes",DG,,"PHE, Nutrient analysis of fresh and processed fruit and vegetables with respect to fibre, 2017",
13-412,13-412,1,53,"Aubergine, fried in butter","aubergine, fried in butter calculation from fried in corn oil",Calculation from fried in corn oil,DG,,"Calculated using data from Vegetables, Herbs and Spices Supplement (1991) 13-162, Vitamin K1 from Bolton-Smith et al Br.J. Nutr.83, 2000",
13-162,13-162,1,54,"Aubergine, fried in corn oil","aubergine, fried in corn oil sliced; shallow fried 10 minutes",Sliced; shallow fried 10 minutes,DG,50-740,"Reviewed 2013. IFR, The nutritional composition of retail vegetables in the UK, 1984-1987. Vitamin K1 from Bolton-Smith et al Br.J. Nutr.83, 2000",
13-577,13-577,1,55,"Aubergine, fried in rapeseed oil","aubergine, fried in rapeseed oil calculated from fried in corn oil and 17-686",Calculated from fried in corn oil and 17-686,DG,13-413,"Updated 2014. Calculated using data from Vegetables, Herbs and Spices Supplement (1991) 13-162, Vitamin K1 from Bolton-Smith et al Br.J. Nutr.83, 2000",
13-161,13-161,1,56,"Aubergine, raw","aubergine, raw ends trimmed",Ends trimmed,DG,50-739,"Reviewed 2013. IFR, The nutritional composition of retail vegetables in the UK, 1984-1987. Vitamin K1 from Bolton-Smith et al Br.J. Nutr.83, 2000",
15-001,15-001,1,57,"Aubergine, stuffed with lentils and vegetables","aubergine, stuffed with lentils and vegetables recipe from dietary survey records. whole dish consumed",Recipe from dietary survey records. Whole dish consumed,DR,,As Vegetable Dishes Supplement 1992,
15-662,15-662,1,58,"Aubergine, stuffed with rice","aubergine, stuffed with rice rice, tomato, onion and raisin stuffing. recipe from review of recipe collection. whole dish consumed","Rice, tomato, onion and raisin stuffing. Recipe from review of recipe collection. Whole dish consumed",DR,15-385,Updated 2014,
15-663,15-663,1,59,"Aubergine, stuffed with vegetables, cheese topping","aubergine, stuffed with vegetables, cheese topping tomato, mushroom and onion stuffing. recipe from review of recipe collection. whole dish consumed","Tomato, mushroom and onion stuffing. Recipe from review of recipe collection. Whole dish consumed",DR,15-386,Updated 2014,
14-039,14-039,1,60,"Avocado, Fuerte, flesh only","avocado, fuerte, flesh only 10 samples and literature",10 samples and literature,FA,,"LGC, Fruit and vegetables, 1989-1990",
14-040,14-040,1,61,"Avocado, Fuerte, flesh only, weighed with skin and stone","avocado, fuerte, flesh only, weighed with skin and stone calculated from 14-039",Calculated from 14-039,FA,,"LGC, Fruit and vegetables, 1989-1990",
14-386,14-386,1,62,"Avocado, Hass, flesh only","avocado, hass, flesh only 11 samples, imported, hass variety, ripe and ripen at home","11 samples, imported, Hass variety, ripe and ripen at home",FA,14-041 14-037,"PHE, Nutrient analysis of fresh and processed fruit and vegetables with respect to fibre, 2017",
14-387,14-387,1,63,"Avocado, Hass, flesh only, weighed with skin and stone","avocado, hass, flesh only, weighed with skin and stone calculated from 14-386",Calculated from 14-386,FA,14-042 14-038,"PHE, Nutrient analysis of fresh and processed fruit and vegetables with respect to fibre, 2017",
16-001,16-001,1,64,"Ayr, raw","ayr, raw literature sources. imported frozen from bangladesh",Literature sources. Imported frozen from Bangladesh,JA,,"Gopalan et al (1980) Nutritive value of Indian foods. National Insitute of Nutrition, Indian Council of Medical Research",
14-043,14-043,1,65,"Babaco, flesh only","babaco, flesh only literature sources",Literature sources,FA,,"Cashel et al (1989) Composition of foods, Australia, volume 1, and Wu Leung and Flores (1961) Food composition table for use in Latin America, Institute of Nutrition of Central America and Panama",
16-169,16-169,1,66,"Bacha, raw","bacha, raw literature sources. imported frozen from bangladesh",Literature sources. Imported frozen from Bangladesh,JC,,"Gopalan et al (1980) Nutritive value of Indian foods. National Insitute of Nutrition, Indian Council of Medical Research",
19-644,19-644,1,67,"Bacon loin steaks, lean, grilled","bacon loin steaks, lean, grilled 7 samples; smoked and unsmoked, loose and prepacked danish bacon","7 samples; smoked and unsmoked, loose and prepacked Danish bacon",MAA,19-019,"LGC, Nutrient analysis of retail cuts of bacon, 1993-1994; and industry data, 2014",
19-645,19-645,1,68,"Bacon rashers, back, dry-cured, grilled","bacon rashers, back, dry-cured, grilled 7 samples; smoked and unsmoked, loose and prepacked british and irish bacon","7 samples; smoked and unsmoked, loose and prepacked British and Irish bacon",MAA,19-006,"LGC, Nutrient analysis of retail cuts of bacon, 1993-1994; and industry data, 2014",
19-498,19-498,1,69,"Bacon rashers, back, dry-fried","bacon rashers, back, dry-fried 10 samples; smoked and unsmoked, loose and prepacked british, danish and dutch bacon","10 samples; smoked and unsmoked, loose and prepacked British, Danish and Dutch bacon",MAA,19-002,"LGC, Nutrient analysis of retail cuts of bacon, 1993-1994; and calculated from industry raw data, 2013",
19-499,19-499,1,70,"Bacon rashers, back, fat trimmed, grilled","bacon rashers, back, fat trimmed, grilled 15 samples; smoked and unsmoked, loose and prepacked british, danish and dutch bacon, back fat removed","15 samples; smoked and unsmoked, loose and prepacked British, Danish and Dutch bacon, back fat removed",MAA,19-008,"LGC, Nutrient analysis of retail cuts of bacon, 1993-1994; and calculated from industry raw data, 2013",
19-646,19-646,1,71,"Bacon rashers, back, fat trimmed, raw","bacon rashers, back, fat trimmed, raw 24 samples, back fat removed. mlc data and calculation from 19-499","24 samples, back fat removed. MLC data and calculation from 19-499",MAA,19-007,"LGC, Nutrient analysis of retail cuts of bacon, 1993-1994; industry data 2013; vitamin K1 from Bolton-Smith et al Br.J. Nutr.83, 2000",
19-500,19-500,1,72,"Bacon rashers, back, grilled","bacon rashers, back, grilled 15 samples; smoked and unsmoked, loose and prepacked british, danish and dutch bacon","15 samples; smoked and unsmoked, loose and prepacked British, Danish and Dutch bacon",MAA,19-003,"LGC, Nutrient analysis of retail cuts of bacon, 1993-1994; and calculated from industry raw data, 2013",
19-501,19-501,1,73,"Bacon rashers, back, grilled crispy","bacon rashers, back, grilled crispy 10 samples; smoked and unsmoked, loose and prepacked british, danish and dutch bacon","10 samples; smoked and unsmoked, loose and prepacked British, Danish and Dutch bacon",MAA,19-004,"LGC, Nutrient analysis of retail cuts of bacon, 1993-1994; and calculated from industry raw data, 2013",
19-502,19-502,1,74,"Bacon rashers, back, microwaved","bacon rashers, back, microwaved 15 samples; smoked and unsmoked, loose and prepacked british, danish and dutch bacon","15 samples; smoked and unsmoked, loose and prepacked British, Danish and Dutch bacon",MAA,19-005,"LGC, Nutrient analysis of retail cuts of bacon, 1993-1994; and calculated from industry raw data, 2013",
19-497,19-497,1,75,"Bacon rashers, back, raw","bacon rashers, back, raw 10 samples; smoked and unsmoked, loose and prepacked british, danish and dutch bacon","10 samples; smoked and unsmoked, loose and prepacked British, Danish and Dutch bacon",MAA,19-001,"LGC, Nutrient analysis of retail cuts of bacon, 1993-1994; and industry data, 2013",
19-009,19-009,1,76,"Bacon rashers, back, reduced salt, grilled","bacon rashers, back, reduced salt, grilled 6 samples; smoked and unsmoked, loose and prepacked british and danish bacon","6 samples; smoked and unsmoked, loose and prepacked British and Danish bacon",MAA,,"LGC, Nutrient analysis of retail cuts of bacon, 1993-1994; Na reviewed 2014",
19-659,19-659,1,77,"Bacon rashers, back, smoked, grilled","bacon rashers, back, smoked, grilled 9 samples; loose and prepacked british and danish bacon",9 samples; loose and prepacked British and Danish bacon,MAA,19-010,"LGC, Nutrient analysis of retail cuts of bacon, 1993-1994; and industry data, 2014",
19-647,19-647,1,78,"Bacon rashers, back, sweetcure, grilled","bacon rashers, back, sweetcure, grilled 9 samples; smoked and unsmoked, loose and prepacked british and danish bacon","9 samples; smoked and unsmoked, loose and prepacked British and Danish bacon",MAA,19-011,"LGC, Nutrient analysis of retail cuts of bacon, 1993-1994; and industry data, 2014",
19-660,19-660,1,79,"Bacon rashers, back, 'tendersweet', grilled","bacon rashers, back, 'tendersweet', grilled 10 samples; smoked and unsmoked, loose and prepacked british bacon","10 samples; smoked and unsmoked, loose and prepacked British bacon",MAA,19-012,"LGC, Nutrient analysis of retail cuts of bacon, 1993-1994; and industry data, 2014",
19-648,19-648,1,80,"Bacon rashers, middle, fried in corn oil","bacon rashers, middle, fried in corn oil 9 samples; smoked and unsmoked, loose and prepacked british and danish bacon","9 samples; smoked and unsmoked, loose and prepacked British and Danish bacon",MAA,19-014,"LGC, Nutrient analysis of retail cuts of bacon, 1993-1994; and industry data, 2014",
19-503,19-503,1,81,"Bacon rashers, middle, grilled","bacon rashers, middle, grilled 9 samples; smoked and unsmoked, loose and prepacked british and danish bacon","9 samples; smoked and unsmoked, loose and prepacked British and Danish bacon",MAA,19-015,"LGC, Nutrient analysis of retail cuts of bacon, 1993-1994; and calculated from industry raw data, 2013",
19-649,19-649,1,82,"Bacon rashers, middle, raw","bacon rashers, middle, raw 9 samples; smoked and unsmoked, loose and prepacked british and danish bacon","9 samples; smoked and unsmoked, loose and prepacked British and Danish bacon",MAA,19-013,"LGC, Nutrient analysis of retail cuts of bacon, 1993-1994; and calculated from industry raw data, 2013",
19-504,19-504,1,83,"Bacon rashers, streaky, fried in corn oil","bacon rashers, streaky, fried in corn oil 10 samples; smoked and unsmoked, loose and prepacked british and danish bacon","10 samples; smoked and unsmoked, loose and prepacked British and Danish bacon",MAA,19-017,"LGC, Nutrient analysis of retail cuts of bacon, 1993-1994",
19-018,19-018,1,84,"Bacon rashers, streaky, grilled","bacon rashers, streaky, grilled 10 samples; smoked and unsmoked, loose and prepacked british and danish bacon","10 samples; smoked and unsmoked, loose and prepacked British and Danish bacon",MAA,50-359,"Reviewed 2013. LGC, Nutrient analysis of retail cuts of bacon, 1993-1994",
19-016,19-016,1,85,"Bacon rashers, streaky, raw","bacon rashers, streaky, raw 10 samples; smoked and unsmoked, loose and prepacked british and danish bacon","10 samples; smoked and unsmoked, loose and prepacked British and Danish bacon",MAA,50-351,"Reviewed 2013. LGC, Nutrient analysis of retail cuts of bacon, 1993-1994",
19-537,19-537,1,86,"Bacon, fat only, average, cooked","bacon, fat only, average, cooked fat from five different cuts",Fat from five different cuts,MAA,50-339,"MW4, 1978; and industry data, 2013. Vitamin K1 from Bolton-Smith et al Br.J. Nutr.83, 2000",
19-650,19-650,1,87,"Bacon, fat only, average, raw","bacon, fat only, average, raw fat from five different cuts",Fat from five different cuts,MAA,50-338,"MW4, 1978; and industry data, 2013","Bacon may contain small amounts of vitamins. However, it is extremely difficult to obtain satisfactory analytical values for inclusion in the tables"
11-970,11-970,1,88,"Bagels, plain","bagels, plain 2 brands",2 brands,AP,11-534,"RHM, Nutrient content of selected foods, 1995; and industry data, 2013",
13-578,13-578,1,89,"Baked beans, canned in barbecue sauce","baked beans, canned in barbecue sauce 5 cans (heinz), and manufacturer's data","5 cans (Heinz), and manufacturer's data",DB,13-051,"Vegetables, Herbs and Spices Supplement, 1991; estimated from 13-532; and industry data, 2014",
13-532,13-532,1,90,"Baked beans, canned in tomato sauce","baked beans, canned in tomato sauce 16 samples, 9 brands","16 samples, 9 brands",DB,,"DH, Nutrient analysis of fruit and vegetables, 2013",
13-535,13-535,1,91,"Baked beans, canned in tomato sauce, reduced sugar, reduced salt","baked beans, canned in tomato sauce, reduced sugar, reduced salt estimated from 13-532 and industry data",Estimated from 13-532 and industry data,DB,,"DH, Nutrient analysis of fruit and vegetables, 2013; and industry data, 2013",
13-579,13-579,1,92,"Baked beans, canned in tomato sauce, with pork sausages","baked beans, canned in tomato sauce, with pork sausages lgc; 10 cans, 3 brands","LGC; 10 cans, 3 brands",DB,13-048,"Vegetables, Herbs and Spices Supplement, 1991; and indsutry data, 2014",
12-500,12-500,1,93,"Baking fat and margarine (75-90% fat), hard block","baking fat and margarine (75-90% fat), hard block 10 samples, 4 products, including stork and own brands","10 samples, 4 products, including Stork and own brands",BTM,17-539 17-018,"DH, Nutrient analysis of a range of processed foods with particular reference to trans fatty acids, 2011",
17-355,17-355,1,94,Baking powder,baking powder 6 samples of the same brand,6 samples of the same brand,WY,50-1174,"Reviewed 2013. MW4, 1978",
11-1029,11-1029,1,95,"Banana bread, homemade","banana bread, homemade recipe",Recipe,AN,11-573,Based on Mary Berry's complete cookbook. Recalculated 2014,
12-556,12-556,1,96,"Banana split, homemade","banana split, homemade recipe",Recipe,BP,12-447,Updated 2014,
14-318,14-318,1,97,"Bananas, flesh only","bananas, flesh only 11 samples, including fairtrade and organic, pre-packed and loose","11 samples, including Fairtrade and organic, pre-packed and loose",FA,14-045,"DH, Nutrient analysis of fruit and vegetables, 2013",
14-347,14-347,1,98,"Bananas, raw, flesh only, weighed with skin","bananas, raw, flesh only, weighed with skin calculated from 14-318 using edible factor of 0.87",Calculated from 14-318 using edible factor of 0.87,FA,14-318,"DH, Nutrient analysis of fruit and vegetables, 2013. Vitamin K1 calculated from Bolton-Smith et al, Br.J. Nutr 83, 2000.",
11-1030,11-1030,1,99,"Bannocks, made with beremeal, homemade","bannocks, made with beremeal, homemade recipe",Recipe,AF,11-627,Updated 2014,
11-951,11-951,1,100,"Bannocks, made with wheat flour, homemade","bannocks, made with wheat flour, homemade recipe",Recipe,AF,11-628,Updated 2014,
17-705,17-705,1,101,Barbecue sauce,barbecue sauce literature sources (1980),Literature sources (1980),WCN,17-289,"Miscellaneous Foods Supplement, 1994; and industry data, 2013",
17-769,17-769,1,102,"Barbecue sauce, homemade","barbecue sauce, homemade recipe",Recipe,WC,17-609,Updated 2014,
14-804,14-804,1,103,"Barcelona nuts, Kernel only","barcelona nuts, kernel only kernel only",Kernel only,GA,,"MW4, 1978. Values reviewed for Fruit and Nuts Supplement, 1992",
14-805,14-805,1,104,"Barcelona nuts, kernel only, weighed with shells","barcelona nuts, kernel only, weighed with shells calculated from 14-804",Calculated from 14-804,GA,,"MW4, 1978. Values reviewed for Fruit and Nuts Supplement, 1992",
17-844,17-844,1,105,"Barley water, diluted","barley water, diluted calculated from 50g concentrate to 200ml water",Calculated from 50g concentrate to 200ml water,PCC,17-186,"Miscellaneous Foods Supplement, 1994; and industry data, 2013",
17-743,17-743,1,106,"Barley water, undiluted","barley water, undiluted orange and lemon flavours",Orange and lemon flavours,PCC,17-185,"Miscellaneous Foods Supplement, 1994; and industry data, 2013",
11-003,11-003,1,107,"Barley, pearl, boiled","barley, pearl, boiled 2 samples from different shops, boiled in water","2 samples from different shops, boiled in water",AA,,"MW4, 1978. Reviewed 2014",
11-002,11-002,1,108,"Barley, pearl, raw","barley, pearl, raw 2 samples from different shops; literature sources",2 samples from different shops; literature sources,AA,,"MW4, 1978. Reviewed 2014",
13-805,13-805,1,109,"Basil, dried, ground","basil, dried, ground literature sources",Literature sources,H,,"Marsh et al. (1977) Composition of foods: spices and herbs, raw, processed and prepared, Agriculture Handbook No. 8-2",
13-804,13-804,1,110,"Basil, fresh","basil, fresh 6 samples and literature sources",6 samples and literature sources,H,,"Reviewed 2013. LGC, Fruit and Vegetables, 1989-1990; Polacchi et al. (1982) Food composition tables for the near east; and Wu Leung et al. (1972) Food composition table for use in East Asia",
16-386,16-386,1,111,"Bass, sea, flesh only, baked","bass, sea, flesh only, baked 10 samples, 10 products, frozen and chilled","10 samples, 10 products, frozen and chilled",JA,,"DH, Nutrient analysis of fish and fish products, 2013",
16-463,16-463,1,112,"Bass, sea, flesh only, baked, weighed with bones and skin","bass, sea, flesh only, baked, weighed with bones and skin calculated from baked 16-386 using edible conversion factor 0.89",Calculated from baked 16-386 using edible conversion factor 0.89,JA,,"DH, Nutrient analysis of fish and fish products, 2013",
16-385,16-385,1,113,"Bass, sea, flesh only, raw","bass, sea, flesh only, raw 10 samples, 10 products, frozen and chilled","10 samples, 10 products, frozen and chilled",JA,,"DH, Nutrient analysis of fish and fish products, 2013",
16-464,16-464,1,114,"Bass, sea, flesh only, raw, weighed with bones and skin","bass, sea, flesh only, raw, weighed with bones and skin calculated from 16-385 using edible conversion factor of 0.86",Calculated from 16-385 using edible conversion factor of 0.86,JA,,"DH, Nutrient analysis of fish and fish products, 2013",
13-806,13-806,1,115,"Bay leaf, dried","bay leaf, dried reviewed 2013. lgc, fruit and vegetables, 1989-1990; polacchi et al. (1982) food composition tables for the near east; and leung et al. (1972) food composition table for use in east asia","Reviewed 2013. LGC, Fruit and Vegetables, 1989-1990; Polacchi et al. (1982) Food composition tables for the near east; and Leung et al. (1972) Food composition table for use in East Asia",H,,"Marsh et al. (1977) Composition of foods: spices and herbs, raw, processed and prepared, Agriculture Handbook No. 8-2",
15-664,15-664,1,116,"Bean loaf, mixed beans, homemade","bean loaf, mixed beans, homemade recipe from dietary survey records",Recipe from dietary survey records,DR,15-387,Updated 2014,
15-665,15-665,1,117,"Beanburger, aduki, fried in rapeseed oil, homemade","beanburger, aduki, fried in rapeseed oil, homemade recipe",Recipe,DR,15-388,Updated 2014,
15-666,15-666,1,118,"Beanburger, butter bean, fried in rapeseed oil, homemade","beanburger, butter bean, fried in rapeseed oil, homemade recipe",Recipe,DR,15-389,Updated 2014,
15-667,15-667,1,119,"Beanburger, red kidney bean, fried in rapeseed oil","beanburger, red kidney bean, fried in rapeseed oil recipe from leeds polytechnic",Recipe from Leeds Polytechnic,DR,15-390,Updated 2014,
15-668,15-668,1,120,"Beanburger, soya, fried in rapeseed oil","beanburger, soya, fried in rapeseed oil recipe from review of recipe collection",Recipe from review of recipe collection,DR,15-366,Updated 2014,
13-042,13-042,1,121,"Beans, aduki, whole, dried, boiled in unsalted water","beans, aduki, whole, dried, boiled in unsalted water analysis and calculation from dried",Analysis and calculation from dried,DB,50-693,"LGC, Fruit and vegetables, 1989-1990",
13-041,13-041,1,122,"Beans, aduki, whole, dried, raw","beans, aduki, whole, dried, raw 6 samples, whole beans","6 samples, whole beans",DB,50-692,"LGC, Fruit and vegetables, 1989-1990",
13-049,13-049,1,123,"Beans, balor, ends trimmed, raw","beans, balor, ends trimmed, raw 5 samples",5 samples,DB,,"Vegetables, Herbs and Spices Supplement, 1991",
13-063,13-063,1,124,"Beans, blackeye, whole, dried, boiled in unsalted water","beans, blackeye, whole, dried, boiled in unsalted water soaked and boiled",Soaked and boiled,DB,50-701,"Reviewed 2013. LGC, Fruit and vegetables, 1989-1990",
13-062,13-062,1,125,"Beans, blackeye, whole, dried, raw","beans, blackeye, whole, dried, raw analysis and literature sources",Analysis and literature sources,DB,50-700,"LGC, Fruit and vegetables, 1989-1990",
13-067,13-067,1,126,"Beans, broad, dried, raw","beans, broad, dried, raw literature sources",Literature sources,DB,,"Vegetables, Herbs and Spices Supplement, 1991",
13-648,13-648,1,127,"Beans, broad, whole, boiled in unsalted water","beans, broad, whole, boiled in unsalted water 11 samples, uk, fresh. removed from pods and boiled for 3-10 minutes","11 samples, UK, fresh. Removed from pods and boiled for 3-10 minutes",DB,13-066,"PHE, Nutrient analysis of fresh and processed fruit and vegetables with respect to fibre, 2017",
13-064,13-064,1,128,"Beans, broad, whole, raw","beans, broad, whole, raw without pods",Without pods,DB,,"IFR, The nutritional composition of retail vegetables in the UK, 1984-1987",
13-559,13-559,1,129,"Beans, butter, canned, re-heated, drained","beans, butter, canned, re-heated, drained 10 cans, 5 brands, no added salt","10 cans, 5 brands, no added salt",DB,13-429,"Reviewed 2013. Vegetable, Herbs and Spice Supplement, 1991; and industry data, 2013. Selenium estimated from SAC 'Analysis of foods for Selenium' 1994 MAFF Project 2B006",
13-663,13-663,1,130,"Beans, butter, dried, boiled in unsalted water","beans, butter, dried, boiled in unsalted water 7 samples, 6 products, soaked and boiled for 25-75 minutes","7 samples, 6 products, soaked and boiled for 25-75 minutes",DB,13-071,"PHE, Nutrient analysis of fresh and processed fruit and vegetables with respect to fibre, 2017",
13-070,13-070,1,131,"Beans, butter, dried, raw","beans, butter, dried, raw analysis and literature sources",Analysis and literature sources,DB,,"As Vegetables, Herbs and Spices Supplement, 1991 13-062",
13-666,13-666,1,132,"Beans, cannellini, canned, re-heated, drained","beans, cannellini, canned, re-heated, drained 10 samples, 7 products, canned in water, no added salt. heated for 3-5 minutes before draining","10 samples, 7 products, canned in water, no added salt. Heated for 3-5 minutes before draining",DB,,"PHE, Nutrient analysis of fresh and processed fruit and vegetables with respect to fibre, 2017",
13-670,13-670,1,133,"Beans, chick peas, canned, re-heated, drained","beans, chick peas, canned, re-heated, drained fibre only analysed. 10 samples, 7 products, whole peas, canned in water, no added salt. heated for 3-5 minutes before draining","Fibre only analysed. 10 samples, 7 products, whole peas, canned in water, no added salt. Heated for 3-5 minutes before draining",DB,13-560,"PHE, Nutrient analysis of fresh and processed fruit and vegetables with respect to fibre, 2017",
13-077,13-077,1,134,"Beans, chick peas, Kabuli, split, dried, boiled in unsalted water","beans, chick peas, kabuli, split, dried, boiled in unsalted water soaked and boiled",Soaked and boiled,DB,,"Vegetables, Herbs and Spices Supplement, 1991",
13-076,13-076,1,135,"Beans, chick peas, Kabuli, split, dried, raw","beans, chick peas, kabuli, split, dried, raw no seed coat. literature sources",No seed coat. Literature sources,DB,,"Vegetables, Herbs and Spices Supplement, 1991",
13-662,13-662,1,136,"Beans, chick peas, Kabuli, whole, dried, boiled in unsalted water","beans, chick peas, kabuli, whole, dried, boiled in unsalted water 10 samples, 10 products, soaked and boiled for 45-100 minutes","10 samples, 10 products, soaked and boiled for 45-100 minutes",DB,13-430,"PHE, Nutrient analysis of fresh and processed fruit and vegetables with respect to fibre, 2017",
13-074,13-074,1,137,"Beans, chick peas, Kabuli, whole, dried, raw","beans, chick peas, kabuli, whole, dried, raw analytical and literature sources.",Analytical and literature sources.,DB,50-704,"LGC, Fruit and vegetables, 1989-1990. Vitamin K1 from Bolton-Smith et al Br.J. Nutr.83, 2000",
13-080,13-080,1,138,"Beans, cluster, raw","beans, cluster, raw 5 samples. ends trimmed",5 samples. Ends trimmed,DB,,"Vegetables, Herbs and Spices Supplement, 1991",
13-667,13-667,1,139,"Beans, edamame, frozen, boiled in unsalted water","beans, edamame, frozen, boiled in unsalted water 7 samples, 5 products, including shelled and in pods. boiled for 3-6 minutes, pods discarded","7 samples, 5 products, including shelled and in pods. Boiled for 3-6 minutes, pods discarded",DB,,"PHE, Nutrient analysis of fresh and processed fruit and vegetables with respect to fibre, 2017",
13-515,13-515,1,140,"Beans, green, boiled in unsalted water","beans, green, boiled in unsalted water as raw, boiled for 3-6 minutes, not runner bean","As raw, boiled for 3-6 minutes, not runner bean",DB,13-432,"DH, Nutrient analysis of fruit and vegetables, 2013",
13-514,13-514,1,141,"Beans, green, raw","beans, green, raw 22 samples, autumn and winter, uk grown and imported, pre-packed and loose, including dwarf, fine and extra fine, not runner bean","22 samples, autumn and winter, UK grown and imported, pre-packed and loose, including dwarf, fine and extra fine, not runner bean",DB,13-431,"DH, Nutrient analysis of fruit and vegetables, 2013",
13-665,13-665,1,142,"Beans, haricot, canned, re-heated, drained","beans, haricot, canned, re-heated, drained 6 samples, 4 products, canned in water, no added salt. heated for 2-5 minutes before draining","6 samples, 4 products, canned in water, no added salt. Heated for 2-5 minutes before draining",DB,,"PHE, Nutrient analysis of fresh and processed fruit and vegetables with respect to fibre, 2017",
13-087,13-087,1,143,"Beans, haricot, whole, dried, boiled in unsalted water","beans, haricot, whole, dried, boiled in unsalted water soaked 24 hours, boiled 2 hours","Soaked 24 hours, boiled 2 hours",DB,,"MW4, 1978. Values revised for Vegetables, Herbs and Spices Supplement, 1991",
13-086,13-086,1,144,"Beans, haricot, whole, dried, raw","beans, haricot, whole, dried, raw whole beans",Whole beans,DB,,"MW4, 1978. Values revised for Vegetables, Herbs and Spices Supplement, 1991",
13-099,13-099,1,145,"Beans, mung, dahl, dried, boiled in unsalted water","beans, mung, dahl, dried, boiled in unsalted water split beans, no seed coat, soaked and boiled. literature sources","Split beans, no seed coat, soaked and boiled. Literature sources",DB,,"Vegetables, Herbs and Spices Supplement, 1991",
13-098,13-098,1,146,"Beans, mung, dahl, dried, raw","beans, mung, dahl, dried, raw split beans, no seed coat. literature sources","Split beans, no seed coat. Literature sources",DB,,"Vegetables, Herbs and Spices Supplement, 1991",
13-664,13-664,1,147,"Beans, mung, whole, dried, boiled in unsalted water","beans, mung, whole, dried, boiled in unsalted water 6 samples, 6 products, soaked and boiled for 30-45 minutes","6 samples, 6 products, soaked and boiled for 30-45 minutes",DB,13-097,"PHE, Nutrient analysis of fresh and processed fruit and vegetables with respect to fibre, 2017",
13-096,13-096,1,148,"Beans, mung, whole, dried, raw","beans, mung, whole, dried, raw literature sources",Literature sources,DB,50-714,"Vegetables, Herbs and Spices Supplement, 1991",
13-100,13-100,1,149,"Beans, papri, raw","beans, papri, raw ends trimmed; 5 samples",Ends trimmed; 5 samples,DB,,"Vegetables, Herbs and Spices Supplement, 1991",
13-105,13-105,1,150,"Beans, pigeon peas, dahl, dried, boiled in unsalted water","beans, pigeon peas, dahl, dried, boiled in unsalted water soaked and boiled. split peas, no seed coat. literature sources","Soaked and boiled. Split peas, no seed coat. Literature sources",DB,,"Vegetables, Herbs and Spices Supplement, 1991",
13-104,13-104,1,151,"Beans, pigeon peas, dahl, dried, raw","beans, pigeon peas, dahl, dried, raw split peas, no seed coat. literature sources","Split peas, no seed coat. Literature sources",DB,,"Vegetables, Herbs and Spices Supplement, 1991",
13-103,13-103,1,152,"Beans, pigeon peas, whole, dried, boiled in unsalted water","beans, pigeon peas, whole, dried, boiled in unsalted water literature sources",Literature sources,DB,,"Vegetables, Herbs and Spices Supplement, 1991",
13-102,13-102,1,153,"Beans, pigeon peas, whole, dried, raw","beans, pigeon peas, whole, dried, raw literature sources",Literature sources,DB,,"Vegetables, Herbs and Spices Supplement, 1991",
13-107,13-107,1,154,"Beans, pinto, dried, boiled in unsalted water","beans, pinto, dried, boiled in unsalted water whole beans. literature sources",Whole beans. Literature sources,DB,,"Vegetables, Herbs and Spices Supplement, 1991",
13-106,13-106,1,155,"Beans, pinto, dried, raw","beans, pinto, dried, raw whole beans. literature sources",Whole beans. Literature sources,DB,,"Vegetables, Herbs and Spices Supplement, 1991",
13-108,13-108,1,156,"Beans, pinto, re-fried beans","beans, pinto, re-fried beans literature sources",Literature sources,DB,,"Haytowitz and Matthews (1984) Composition of foods: vegetables and vegetable products, raw, processed and prepared, Agricultural Handbook No. 8-11",
13-660,13-660,1,157,"Beans, red kidney, canned in water, re-heated, drained","beans, red kidney, canned in water, re-heated, drained fibre only analysed. 10 samples, 9 products, heated for 3-5 minutes","Fibre only analysed. 10 samples, 9 products, heated for 3-5 minutes",DB,13-561,"PHE, Nutrient analysis of fresh and processed fruit and vegetables with respect to fibre, 2017",
13-659,13-659,1,158,"Beans, red kidney, dried, boiled in unsalted water","beans, red kidney, dried, boiled in unsalted water 10 samples, 9 products, soaked and boiled for 40-70 minutes","10 samples, 9 products, soaked and boiled for 40-70 minutes",DB,13-110,"PHE, Nutrient analysis of fresh and processed fruit and vegetables with respect to fibre, 2017",
13-109,13-109,1,159,"Beans, red kidney, dried, raw","beans, red kidney, dried, raw whole beans. analytical and literature sources",Whole beans. Analytical and literature sources,DB,50-716,"Reviewed 2013. LGC, Fruit and vegetables, 1989-1990",
13-654,13-654,1,160,"Beans, runner, boiled in unsalted water","beans, runner, boiled in unsalted water 11 samples, mixture of uk and imported, fresh. tops, tails and strings removed, boiled for 5-6 minutes","11 samples, mixture of UK and imported, fresh. Tops, tails and strings removed, boiled for 5-6 minutes",DB,13-114,"PHE, Nutrient analysis of fresh and processed fruit and vegetables with respect to fibre, 2017",
13-112,13-112,1,161,"Beans, runner, raw","beans, runner, raw ends and sides trimmed",Ends and sides trimmed,DB,50-719,"Reviewed 2013. IFR, The nutritional composition of retail vegetables in the UK, 1984-1987. Vitamin K1 from Bolton-Smith et al Br.J. Nutr.83, 2000",
13-116,13-116,1,162,"Beans, soya, dried, boiled in unsalted water","beans, soya, dried, boiled in unsalted water whole beans. analysis and literature sources",Whole beans. Analysis and literature sources,DB,50-722,"Reviewed 2013. LGC, Fruit and vegetables, 1989-1990; and Vegetables, Herbs and Spices Supplement, 1991",
13-115,13-115,1,163,"Beans, soya, dried, raw","beans, soya, dried, raw whole beans. analysis and literature sources",Whole beans. Analysis and literature sources,DB,50-721,"Reviewed 2013. LGC, Fruit and vegetables, 1989-1990; and Vegetables, Herbs and Spices Supplement, 1991",
13-117,13-117,1,164,"Beans, sword, raw","beans, sword, raw literature sources",Literature sources,DB,,"Vegetables, Herbs and Spices Supplement, 1991",
13-580,13-580,1,165,"Beansprouts, mung, boiled in unsalted water","beansprouts, mung, boiled in unsalted water boiled 4 minutes",Boiled 4 minutes,DB,13-053,"Vegetables, Herbs and Spices Supplement, 1991",
13-426,13-426,1,166,"Beansprouts, mung, raw","beansprouts, mung, raw as purchased",As purchased,DB,13-052 50-696,"IFR, The nutritional composition of retail vegetables in the UK, 1984-1987; Selenium from 'Analysis of foods for Selenium', 1994. Vitamin K1 from Bolton-Smith et al Br.J. Nutr.83, 2000",
13-567,13-567,1,167,"Beansprouts, mung, stir-fried in rapeseed oil","beansprouts, mung, stir-fried in rapeseed oil 6 samples; stir-fried 2 minutes. and calculated from raw",6 samples; stir-fried 2 minutes. And calculated from raw,DB,13-427,"Reviewed 2013. LGC, Fruit and vegetables, 1989-1990, Folate from LGC 'Individual folates in foodstuffs' 1996 and selenium from 'Analysis of foods for Selenium' 1994 (raw). Vitamin K1 from Bolton-Smith et al Br.J. Nutr.83, 2000",
19-471,19-471,1,168,"Beef bourguignon, homemade","beef bourguignon, homemade recipe",Recipe,MR,19-330,Updated 2013,
19-548,19-548,1,169,"Beef bourguignonne, made with lean beef, homemade","beef bourguignonne, made with lean beef, homemade recipe",Recipe,MR,19-331,Updated 2014,
17-514,17-514,1,170,Beef extract,beef extract mixed sample including bovril and own brands,Mixed sample including Bovril and own brands,WY,17-361 50-1175,"Reviewed 2013. LFRA, Nutritional analysis of soft drinks, 1993; folate data from LGC 'Individual folates in foodstuffs' 1996",
19-588,19-588,1,171,"Beef olives, homemade","beef olives, homemade rolled beef stuffed with bacon and onions. recipe",Rolled beef stuffed with bacon and onions. Recipe,MR,19-373,Updated 2014,
19-589,19-589,1,172,"Beef steak pudding, homemade","beef steak pudding, homemade recipe",Recipe,MR,19-358,Updated 2014,
19-551,19-551,1,173,"Beef Stroganoff, homemade","beef stroganoff, homemade recipe",Recipe,MR,19-376,Updated 2014,
19-552,19-552,1,174,"Beef Wellington, homemade","beef wellington, homemade recipe",Recipe,MR,19-377,Updated 2014,
18-009,18-009,1,175,"Beef, braising steak, braised, lean and fat","beef, braising steak, braised, lean and fat calculated from 90% lean and 9% fat",Calculated from 90% lean and 9% fat,MAC,,"LGC, Nutrient analysis of carcase beef, 1992-1993",
18-008,18-008,1,176,"Beef, braising steak, braised, lean only","beef, braising steak, braised, lean only 10 samples",10 samples,MAC,,"LGC, Nutrient analysis of carcase beef, 1992-1993",
18-006,18-006,1,177,"Beef, braising steak, raw, lean","beef, braising steak, raw, lean 10 samples",10 samples,MAC,,"LGC, Nutrient analysis of carcase beef, 1992-1993",
18-007,18-007,1,178,"Beef, braising steak, raw, lean and fat","beef, braising steak, raw, lean and fat calculated from 92% lean and 7% fat",Calculated from 92% lean and 7% fat,MAC,,"LGC, Nutrient analysis of carcase beef, 1992-1993",
18-010,18-010,1,179,"Beef, braising steak, slow cooked, lean","beef, braising steak, slow cooked, lean 10 samples",10 samples,MAC,,"LGC, Nutrient analysis of carcase beef, 1992-1993",
18-011,18-011,1,180,"Beef, braising steak, slow cooked, lean and fat","beef, braising steak, slow cooked, lean and fat calculated from 88% lean and 10% fat",Calculated from 88% lean and 10% fat,MAC,,"LGC, Nutrient analysis of carcase beef, 1992-1993",
18-014,18-014,1,181,"Beef, brisket, boiled, lean","beef, brisket, boiled, lean 10 samples",10 samples,MAC,211,"LGC, Nutrient analysis of carcase beef, 1992-1993",
18-015,18-015,1,182,"Beef, brisket, boiled, lean and fat","beef, brisket, boiled, lean and fat calculated from 82% lean and 15% fat",Calculated from 82% lean and 15% fat,MAC,50-365,"LGC, Nutrient analysis of carcase beef, 1992-1993",
18-012,18-012,1,183,"Beef, brisket, raw, lean","beef, brisket, raw, lean 10 samples",10 samples,MAC,,"LGC, Nutrient analysis of carcase beef, 1992-1993",
18-013,18-013,1,184,"Beef, brisket, raw, lean and fat","beef, brisket, raw, lean and fat calculated from 79% lean and 19% fat",Calculated from 79% lean and 19% fat,MAC,50-364,"LGC, Nutrient analysis of carcase beef, 1992-1993",
18-005,18-005,1,185,"Beef, fat, average, cooked","beef, fat, average, cooked average of 8 different cuts",Average of 8 different cuts,MAC,50-362 18-458,"Reviewed 2013. LGC, Nutrient analysis of carcase beef, 1992-1993 (fatty acid data from 18-458 not integrated, data from different cuts of meat)",
18-003,18-003,1,186,"Beef, fat, average, raw","beef, fat, average, raw average of 10 different cuts, trimmed of lean","Average of 10 different cuts, trimmed of lean",MAC,50-361 18-431,"Reviewed 2013. LGC, Nutrient analysis of carcase beef, 1992-1993 (fatty acid data in 18-431 not integrated because samples are from different cuts of meat)",
18-004,18-004,1,187,"Beef, fat, average, raw, extra trimmed","beef, fat, average, raw, extra trimmed weighted average of 13 different cuts",Weighted average of 13 different cuts,MAC,,"LGC, Nutrient analysis of carcase beef, 1992-1993",
18-018,18-018,1,188,"Beef, fillet steak, fried in corn oil, lean","beef, fillet steak, fried in corn oil, lean 16 samples",16 samples,MAC,,"LGC, Nutrient analysis of carcase beef, 1992-1993",
18-019,18-019,1,189,"Beef, fillet steak, fried in corn oil, lean and fat","beef, fillet steak, fried in corn oil, lean and fat calculated from 96% lean and 4% fat",Calculated from 96% lean and 4% fat,MAC,,"LGC, Nutrient analysis of carcase beef, 1992-1993",
18-022,18-022,1,190,"Beef, fillet steak, from steakhouse, lean","beef, fillet steak, from steakhouse, lean 7 samples",7 samples,MAC,212,"LGC, Nutrient analysis of carcase beef, 1992-1993",
18-023,18-023,1,191,"Beef, fillet steak, from steakhouse, lean and fat","beef, fillet steak, from steakhouse, lean and fat calculated from 85% lean and 14% fat, including grilled and char-grilled","Calculated from 85% lean and 14% fat, including grilled and char-grilled",MAC,,"LGC, Nutrient analysis of carcase beef, 1992-1993",
18-020,18-020,1,192,"Beef, fillet steak, grilled, lean","beef, fillet steak, grilled, lean 20 samples",20 samples,MAC,,"LGC, Nutrient analysis of carcase beef, 1992-1993",
18-021,18-021,1,193,"Beef, fillet steak, grilled, lean and fat","beef, fillet steak, grilled, lean and fat calculated from 97% lean and 3% fat",Calculated from 97% lean and 3% fat,MAC,,"LGC, Nutrient analysis of carcase beef, 1992-1993",
18-016,18-016,1,194,"Beef, fillet steak, raw, lean","beef, fillet steak, raw, lean 17 samples",17 samples,MAC,,"LGC, Nutrient analysis of carcase beef, 1992-1993",
18-017,18-017,1,195,"Beef, fillet steak, raw, lean and fat","beef, fillet steak, raw, lean and fat calculated from 94% lean and 6% fat",Calculated from 94% lean and 6% fat,MAC,,"LGC, Nutrient analysis of carcase beef, 1992-1993",
18-026,18-026,1,196,"Beef, flank, pot-roasted, lean","beef, flank, pot-roasted, lean 6 samples",6 samples,MAC,,"LGC, Nutrient analysis of carcase beef, 1992-1993",
18-027,18-027,1,197,"Beef, flank, pot-roasted, lean and fat","beef, flank, pot-roasted, lean and fat calculated from 76% lean and 21% fat",Calculated from 76% lean and 21% fat,MAC,213,"LGC, Nutrient analysis of carcase beef, 1992-1993",
18-024,18-024,1,198,"Beef, flank, raw, lean","beef, flank, raw, lean 6 samples",6 samples,MAC,,"LGC, Nutrient analysis of carcase beef, 1992-1993",
18-025,18-025,1,199,"Beef, flank, raw, lean and fat","beef, flank, raw, lean and fat calculated from 76% lean and 23% fat",Calculated from 76% lean and 23% fat,MAC,,"LGC, Nutrient analysis of carcase beef, 1992-1993",
18-030,18-030,1,200,"Beef, fore-rib/rib-roast, microwaved, lean","beef, fore-rib/rib-roast, microwaved, lean 10 samples",10 samples,MAC,,"LGC, Nutrient analysis of carcase beef, 1992-1993",
18-031,18-031,1,201,"Beef, fore-rib/rib-roast, microwaved, lean and fat","beef, fore-rib/rib-roast, microwaved, lean and fat calculated from 78% lean and 22% fat",Calculated from 78% lean and 22% fat,MAC,,"LGC, Nutrient analysis of carcase beef, 1992-1993",
18-032,18-032,1,202,"Beef, fore-rib/rib-roast, microwaved, lean and fat, weighed with bone","beef, fore-rib/rib-roast, microwaved, lean and fat, weighed with bone calculated from 18-031",Calculated from 18-031,MAC,,"LGC, Nutrient analysis of carcase beef, 1992-1993",
18-028,18-028,1,203,"Beef, fore-rib/rib-roast, raw, lean","beef, fore-rib/rib-roast, raw, lean 10 samples",10 samples,MAC,,"LGC, Nutrient analysis of carcase beef, 1992-1993",
18-029,18-029,1,204,"Beef, fore-rib/rib-roast, raw, lean and fat","beef, fore-rib/rib-roast, raw, lean and fat calculated from 75% lean and 25% fat",Calculated from 75% lean and 25% fat,MAC,50-366,"LGC, Nutrient analysis of carcase beef, 1992-1993",
18-033,18-033,1,205,"Beef, fore-rib/rib-roast, roasted, lean","beef, fore-rib/rib-roast, roasted, lean 10 samples",10 samples,MAC,50-368,"LGC, Nutrient analysis of carcase beef, 1992-1993",
18-034,18-034,1,206,"Beef, fore-rib/rib-roast, roasted, lean and fat","beef, fore-rib/rib-roast, roasted, lean and fat calculated from 78% lean and 22% fat",Calculated from 78% lean and 22% fat,MAC,50-367,"LGC, Nutrient analysis of carcase beef, 1992-1993",
18-035,18-035,1,207,"Beef, fore-rib/rib-roast, roasted, lean and fat, weighed with bone","beef, fore-rib/rib-roast, roasted, lean and fat, weighed with bone calculated from 18-034",Calculated from 18-034,MAC,,"LGC, Nutrient analysis of carcase beef, 1992-1993",
18-468,18-468,1,208,"Beef, lean, average, raw","beef, lean, average, raw average of 10 different cuts, trimmed of fat","Average of 10 different cuts, trimmed of fat",MAC,18-430 18-001 50-363,"Reviewed 2013. LGC, Nutrient analysis of carcase beef, 1992-1993. Iron from LGC, The determination of different forms of Iron in foodstuffs, 1997",
18-002,18-002,1,209,"Beef, lean, average, raw, extra trimmed","beef, lean, average, raw, extra trimmed weighted average of 13 different cuts",Weighted average of 13 different cuts,MAC,,"LGC, Nutrient analysis of carcase beef, 1992-1993",
18-042,18-042,1,210,"Beef, mince patties, barbecued","beef, mince patties, barbecued 10 samples",10 samples,MAC,,"LGC, Nutrient analysis of carcase beef, 1992-1993",
18-507,18-507,1,211,"Beef, mince, extra lean, stewed","beef, mince, extra lean, stewed 17 samples. covered with 1/2 pt water per lb meat and simmered for 1 hour",17 samples. Covered with 1/2 pt water per lb meat and simmered for 1 hour,MAC,18-041,"LGC, Nutrient analysis of carcase beef, 1992-1993; and industry data, 2013. 18-041 with fats and water content updated based on 2013 label data.",
18-039,18-039,1,212,"Beef, mince, frozen, stewed","beef, mince, frozen, stewed 10 samples. covered with 1/2 pt water per lb meat and simmered for 1 hour",10 samples. Covered with 1/2 pt water per lb meat and simmered for 1 hour,MAC,,"LGC, Nutrient analysis of carcase beef, 1992-1993",
18-037,18-037,1,213,"Beef, mince, microwaved","beef, mince, microwaved 10 samples",10 samples,MAC,,"Reviewed 2013. LGC, Nutrient analysis of carcase beef, 1992-1993",
18-469,18-469,1,214,"Beef, mince, raw","beef, mince, raw 10 samples",10 samples,MAC,18-036 50-369,"Reviewed 2013. LGC, Nutrient analysis of carcase beef, 1992-1993. Vitamin D data from LGC, Determination of 25-OH vitamin D in selected foodstuffs, 1997",
18-508,18-508,1,215,"Beef, mince, raw, extra lean","beef, mince, raw, extra lean 10 samples",10 samples,MAC,18-040,"Fat and water content updated 2013, based on manufacturers' data; LGC, Nutrient analysis of carcase beef, 1992-1993",
19-607,19-607,1,216,"Beef, mince, stewed","beef, mince, stewed includes beef, onions, flour, stock and seasoning. recipe","Includes beef, onions, flour, stock and seasoning. Recipe",MR,19-408,Updated 2014,
18-470,18-470,1,217,"Beef, mince, stewed","beef, mince, stewed 10 samples",10 samples,MAC,18-038 50-370,"Reviewed, 2013. LGC, Nutrient analysis of carcase beef, 1992-1993. Iron from LGC, 1997; Vit D from LGC, Determination of 25-OH vitamin D in selected foodstuffs, 1997; Vit K1 Bolton-Smith BrJ Nutr 83, 2000",
19-606,19-606,1,218,"Beef, mince, with vegetables, stewed","beef, mince, with vegetables, stewed recipe",Recipe,MR,19-410,Updated 2014,
19-664,19-664,1,219,"Beef, minced, stewed with onions, extra lean","beef, minced, stewed with onions, extra lean containing beef, onions, flour, stock and seasoning. recipe","Containing beef, onions, flour, stock and seasoning. Recipe",MR,19-409,Updated 2014,
18-045,18-045,1,220,"Beef, rump steak, barbecued, lean","beef, rump steak, barbecued, lean 10 samples",10 samples,MAC,,"Reviewed 2013. LGC, Nutrient analysis of carcase beef, 1992-1993",
18-046,18-046,1,221,"Beef, rump steak, barbecued, lean and fat","beef, rump steak, barbecued, lean and fat calculated from 91% lean and 8% fat",Calculated from 91% lean and 8% fat,MAC,,"LGC, Nutrient analysis of carcase beef, 1992-1993",
18-472,18-472,1,222,"Beef, rump steak, fried in corn oil, lean and fat","beef, rump steak, fried in corn oil, lean and fat calculated from 87% lean and 12% fat",Calculated from 87% lean and 12% fat,MAC,18-048 50-372,"Reviewed 2013. LGC, Nutrient analysis of carcase beef, 1992-1993; folate from LGC, Individual folates in foodstuffs, 1996",
18-473,18-473,1,223,"Beef, rump steak, fried in corn oil, lean only","beef, rump steak, fried in corn oil, lean only 10 samples",10 samples,MAC,18-047 50-374,"Reviewed 2013. LGC, Nutrient analysis of carcase beef, 1992-1993; folate from LGC, Individual folates in foodstuffs, 1996",
18-051,18-051,1,224,"Beef, rump steak, from steakhouse, lean and fat","beef, rump steak, from steakhouse, lean and fat calculated from 85% lean and 14% fat, including grilled and char-grilled","Calculated from 85% lean and 14% fat, including grilled and char-grilled",MAC,,"LGC, Nutrient analysis of carcase beef, 1992-1993",
18-050,18-050,1,225,"Beef, rump steak, from steakhouse, lean only","beef, rump steak, from steakhouse, lean only 10 samples",10 samples,MAC,,"Reviewed 2013. LGC, Nutrient analysis of carcase beef, 1992-1993",
18-474,18-474,1,226,"Beef, rump steak, grilled, lean only","beef, rump steak, grilled, lean only 10 samples",10 samples,MAC,18-049 50-375,"Reviewed 2013. LGC, Nutrient analysis of carcase beef, 1992-1993; folate, iron and vitamin D data from LGC reports",
18-043,18-043,1,227,"Beef, rump steak, raw, lean","beef, rump steak, raw, lean 10 samples",10 samples,MAC,,"LGC, Nutrient analysis of carcase beef, 1992-1993",
18-471,18-471,1,228,"Beef, rump steak, raw, lean and fat","beef, rump steak, raw, lean and fat calculated from 88% lean and 11% fat",Calculated from 88% lean and 11% fat,MAC,18-044 50-371,"Reviewed 2013. LGC, Nutrient analysis of carcase beef, 1992-1993. Iron from LGC, The determination of different forms of Iron in foodstuffs, 1997; folate from LGC, Individual folates in foodstuffs, 1996; Vitamin K1 Bolton-Smith BrJ Nutr 83, 2000",
18-052,18-052,1,229,"Beef, rump steak, strips, stir-fried in corn oil, lean","beef, rump steak, strips, stir-fried in corn oil, lean 10 samples",10 samples,MAC,,"Reviewed 2013. LGC, Nutrient analysis of carcase beef, 1992-1993",
18-053,18-053,1,230,"Beef, rump steak, strips, stir-fried in corn oil, lean and fat","beef, rump steak, strips, stir-fried in corn oil, lean and fat calculated from 86% lean and 13% fat",Calculated from 86% lean and 13% fat,MAC,,"Meat, Poultry and Game Supplement, 1995",
18-056,18-056,1,231,"Beef, silverside, pot-roasted, lean","beef, silverside, pot-roasted, lean 10 samples",10 samples,MAC,,"LGC, Nutrient analysis of carcase beef, 1992-1993",
18-057,18-057,1,232,"Beef, silverside, pot-roasted, lean and fat","beef, silverside, pot-roasted, lean and fat calculated from 85% lean and 14% fat",Calculated from 85% lean and 14% fat,MAC,218,"LGC, Nutrient analysis of carcase beef, 1992-1993",
18-054,18-054,1,233,"Beef, silverside, raw, lean","beef, silverside, raw, lean 10 samples",10 samples,MAC,,"LGC, Nutrient analysis of carcase beef, 1992-1993",
18-055,18-055,1,234,"Beef, silverside, raw, lean and fat","beef, silverside, raw, lean and fat calculated from 80% lean and 18% fat",Calculated from 80% lean and 18% fat,MAC,,"LGC, Nutrient analysis of carcase beef, 1992-1993",
18-060,18-060,1,235,"Beef, silverside, salted, boiled, lean","beef, silverside, salted, boiled, lean calculated from 88% lean and 11% fat. not retail ready cooked",Calculated from 88% lean and 11% fat. Not retail ready cooked,MAC,50-379,"Reviewed 2013. LGC, Nutrient analysis of carcase beef, 1992-1993",
18-061,18-061,1,236,"Beef, silverside, salted, boiled, lean and fat","beef, silverside, salted, boiled, lean and fat calculated from 88% lean and 11% fat",Calculated from 88% lean and 11% fat,MAC,50-378,"LGC, Nutrient analysis of carcase beef, 1992-1993",
18-058,18-058,1,237,"Beef, silverside, salted, raw, lean","beef, silverside, salted, raw, lean calculated from 80% lean and 19% fat",Calculated from 80% lean and 19% fat,MAC,50-376,"LGC, Nutrient analysis of carcase beef, 1992-1993",
18-059,18-059,1,238,"Beef, silverside, salted, raw, lean and fat","beef, silverside, salted, raw, lean and fat calculated from 80% lean and 19% fat",Calculated from 80% lean and 19% fat,MAC,,"LGC, Nutrient analysis of carcase beef, 1992-1993",
18-062,18-062,1,239,"Beef, sirloin joint, roasted, lean","beef, sirloin joint, roasted, lean 10 samples",10 samples,MAC,50-382,"LGC, Nutrient analysis of carcase beef, 1992-1993",
18-063,18-063,1,240,"Beef, sirloin joint, roasted, lean and fat","beef, sirloin joint, roasted, lean and fat calculated from 82% lean and 16% fat",Calculated from 82% lean and 16% fat,MAC,50-381,"LGC, Nutrient analysis of carcase beef, 1992-1993",
18-066,18-066,1,241,"Beef, sirloin steak, fried in corn oil, lean","beef, sirloin steak, fried in corn oil, lean 10 samples",10 samples,MAC,,"LGC, Nutrient analysis of carcase beef, 1992-1993",
18-067,18-067,1,242,"Beef, sirloin steak, fried in corn oil, lean and fat","beef, sirloin steak, fried in corn oil, lean and fat calculated from 82% lean and 16% fat",Calculated from 82% lean and 16% fat,MAC,,"LGC, Nutrient analysis of carcase beef, 1992-1993",
18-074,18-074,1,243,"Beef, sirloin steak, from steakhouse, lean","beef, sirloin steak, from steakhouse, lean 7 samples, including grilled and char-grilled","7 samples, including grilled and char-grilled",MAC,,"LGC, Nutrient analysis of carcase beef, 1992-1993",
18-075,18-075,1,244,"Beef, sirloin steak, from steakhouse, lean and fat","beef, sirloin steak, from steakhouse, lean and fat calculated from 85% lean and 14% fat, including grilled and char-grilled","Calculated from 85% lean and 14% fat, including grilled and char-grilled",MAC,,"LGC, Nutrient analysis of carcase beef, 1992-1993",
18-070,18-070,1,245,"Beef, sirloin steak, grilled medium-rare, lean","beef, sirloin steak, grilled medium-rare, lean 19 samples",19 samples,MAC,219,"LGC, Nutrient analysis of carcase beef, 1992-1993",
18-071,18-071,1,246,"Beef, sirloin steak, grilled medium-rare, lean and fat","beef, sirloin steak, grilled medium-rare, lean and fat calculated from 86% lean and 12% fat",Calculated from 86% lean and 12% fat,MAC,,"LGC, Nutrient analysis of carcase beef, 1992-1993",
18-068,18-068,1,247,"Beef, sirloin steak, grilled rare, lean","beef, sirloin steak, grilled rare, lean 10 samples",10 samples,MAC,,"LGC, Nutrient analysis of carcase beef, 1992-1993",
18-069,18-069,1,248,"Beef, sirloin steak, grilled rare, lean and fat","beef, sirloin steak, grilled rare, lean and fat calculated from 83% lean and 16% fat",Calculated from 83% lean and 16% fat,MAC,,"LGC, Nutrient analysis of carcase beef, 1992-1993",
18-072,18-072,1,249,"Beef, sirloin steak, grilled well-done, lean","beef, sirloin steak, grilled well-done, lean 10 samples",10 samples,MAC,,"LGC, Nutrient analysis of carcase beef, 1992-1993",
18-073,18-073,1,250,"Beef, sirloin steak, grilled well-done, lean and fat","beef, sirloin steak, grilled well-done, lean and fat calculated from 86% lean and 13% fat",Calculated from 86% lean and 13% fat,MAC,,"LGC, Nutrient analysis of carcase beef, 1992-1993",
18-064,18-064,1,251,"Beef, sirloin steak, raw, lean","beef, sirloin steak, raw, lean 10 samples",10 samples,MAC,,"LGC, Nutrient analysis of carcase beef, 1992-1993",
18-065,18-065,1,252,"Beef, sirloin steak, raw, lean and fat","beef, sirloin steak, raw, lean and fat calculated from 80% lean and 18% fat",Calculated from 80% lean and 18% fat,MAC,50-380,"LGC, Nutrient analysis of carcase beef, 1992-1993",
18-082,18-082,1,253,"Beef, stewing steak, frozen, stewed, lean","beef, stewing steak, frozen, stewed, lean 10 samples",10 samples,MAC,,"LGC, Nutrient analysis of carcase beef, 1992-1993",
18-083,18-083,1,254,"Beef, stewing steak, frozen, stewed, lean and fat","beef, stewing steak, frozen, stewed, lean and fat calculated from 85% lean and 13% fat. meat browned in 1/2 oz of corn oil per 1b meat, covered with 1pt of water per lb, covered and cooked for 2 hours","Calculated from 85% lean and 13% fat. Meat browned in 1/2 oz of corn oil per 1b meat, covered with 1pt of water per lb, covered and cooked for 2 hours",MAC,,"LGC, Nutrient analysis of carcase beef, 1992-1993",
18-078,18-078,1,255,"Beef, stewing steak, pressure cooked, lean","beef, stewing steak, pressure cooked, lean 10 samples",10 samples,MAC,,"LGC, Nutrient analysis of carcase beef, 1992-1993",
18-079,18-079,1,256,"Beef, stewing steak, pressure cooked, lean and fat","beef, stewing steak, pressure cooked, lean and fat calculated from 89% lean and 10% fat",Calculated from 89% lean and 10% fat,MAC,,"LGC, Nutrient analysis of carcase beef, 1992-1993",
18-076,18-076,1,257,"Beef, stewing steak, raw, lean","beef, stewing steak, raw, lean 10 samples",10 samples,MAC,,"Reviewed 2013. LGC, Nutrient analysis of carcase beef, 1992-1993",
18-077,18-077,1,258,"Beef, stewing steak, raw, lean and fat","beef, stewing steak, raw, lean and fat calculated from 90% lean and 9% fat",Calculated from 90% lean and 9% fat,MAC,50-383,"Reviewed 2013. LGC, Nutrient analysis of carcase beef, 1992-1993",
18-080,18-080,1,259,"Beef, stewing steak, stewed, lean","beef, stewing steak, stewed, lean 10 samples",10 samples,MAC,,"Reviewed 2013. LGC, Nutrient analysis of carcase beef, 1992-1993",
18-081,18-081,1,260,"Beef, stewing steak, stewed, lean and fat","beef, stewing steak, stewed, lean and fat calculated from 84% lean and 14% fat",Calculated from 84% lean and 14% fat,MAC,50-384,"Reviewed 2013. LGC, Nutrient analysis of carcase beef, 1992-1993",
19-530,19-530,1,261,"Beef, stir-fried with green peppers, homemade","beef, stir-fried with green peppers, homemade recipe",Recipe,MR,19-335,Updated 2013,
18-086,18-086,1,262,"Beef, topside, microwaved, lean","beef, topside, microwaved, lean 10 samples",10 samples,MAC,,"LGC, Nutrient analysis of carcase beef, 1992-1993",
18-087,18-087,1,263,"Beef, topside, microwaved, lean and fat","beef, topside, microwaved, lean and fat calculated from 89% lean and 11% fat",Calculated from 89% lean and 11% fat,MAC,,"LGC, Nutrient analysis of carcase beef, 1992-1993",
18-084,18-084,1,264,"Beef, topside, raw, lean","beef, topside, raw, lean 10 samples",10 samples,MAC,,"LGC, Nutrient analysis of carcase beef, 1992-1993",
18-085,18-085,1,265,"Beef, topside, raw, lean and fat","beef, topside, raw, lean and fat calculated from 84% lean and 15% fat",Calculated from 84% lean and 15% fat,MAC,50-385,"LGC, Nutrient analysis of carcase beef, 1992-1993",
18-088,18-088,1,266,"Beef, topside, roasted medium-rare, lean","beef, topside, roasted medium-rare, lean 10 samples",10 samples,MAC,50-387,"Reviewed 2013. LGC, Nutrient analysis of carcase beef, 1992-1993",
18-089,18-089,1,267,"Beef, topside, roasted medium-rare, lean and fat","beef, topside, roasted medium-rare, lean and fat calculated from 87% lean and 12% fat",Calculated from 87% lean and 12% fat,MAC,50-386,"Reviewed 2013. LGC, Nutrient analysis of carcase beef, 1992-1993",
18-090,18-090,1,268,"Beef, topside, roasted well-done, lean","beef, topside, roasted well-done, lean 10 samples",10 samples,MAC,,"LGC, Nutrient analysis of carcase beef, 1992-1993. Vitamin K1 from Bolton-Smith et al Br.J. Nutr.83, 2000",
18-091,18-091,1,269,"Beef, topside, roasted well-done, lean and fat","beef, topside, roasted well-done, lean and fat calculated from 88% lean and 11% fat",Calculated from 88% lean and 11% fat,MAC,,"LGC, Nutrient analysis of carcase beef, 1992-1993",
17-506,17-506,1,270,"Beer, bitter, average (<4% ABV)","beer, bitter, average (<4% abv) <4% abv. 5 samples from different brewers; canned, draught and bottled, including boddingtons, john smith, greene king ipa, tetley's and caffrey's","<4% ABV. 5 samples from different brewers; canned, draught and bottled, including Boddingtons, John Smith, Greene King IPA, Tetley's and Caffrey's",QA,17-207,"Reviewed 2013. LGC, Alcoholic beverages, soft drinks and tea and coffee survey, 1983-1984; folate data from LGC, Individual folates in foodstuffs, 1996. Vitamin K1 Bolton-Smith et al Br.J. Nutr. 83, 2000.",
17-208,17-208,1,271,"Beer, bitter, best, premium","beer, bitter, best, premium mixed sample from different brewers, abv 4-5%, including fullers london pride, spitfire, green king abbot","Mixed sample from different brewers, ABV 4-5%, including Fullers London Pride, Spitfire, Green King Abbot",QA,,"Reviewed 2013. LGC, Alcoholic beverages, soft drinks and tea and coffee survey, 1983-1984",
17-748,17-748,1,272,"Beer, bitter, strong (>5% ABV)","beer, bitter, strong (>5% abv) >5% abv, including old speckled hen, hobgoblin, old peculier, leffe and marston's old empire",">5% ABV, including Old Speckled Hen, Hobgoblin, Old Peculier, Leffe and Marston's Old Empire",QA,,"Estimated from beer, bitter, best, premium, 2013",
13-633,13-633,1,273,"Beetroot, cooked in unsalted water","beetroot, cooked in unsalted water 11 samples, uk and dutch, including fresh and ready-cooked vacuum packed beetroot, no added vinegar. for fresh samples, top and root trimmed, peeled. boiled for 1-2 hours","11 samples, UK and Dutch, including fresh and ready-cooked vacuum packed beetroot, no added vinegar. For fresh samples, top and root trimmed, peeled. Boiled for 1-2 hours",DG,13-539,"PHE, Nutrient analysis of fresh and processed fruit and vegetables with respect to fibre, 2017",
13-166,13-166,1,274,"Beetroot, pickled, drained","beetroot, pickled, drained 10 samples, 5 brands. whole and sliced","10 samples, 5 brands. Whole and sliced",DG,50-743,"Reviewed 2013. LGC, Fruit and vegetables, 1989-1990",
13-164,13-164,1,275,"Beetroot, raw","beetroot, raw top and root trimmed, peeled","Top and root trimmed, peeled",DG,50-741,"IFR, The nutritional composition of retail vegetables in the UK, 1984-1987",
16-003,16-003,1,276,"Bele, raw","bele, raw literature sources. imported frozen from bangladesh",Literature sources. Imported frozen from Bangladesh,JA,,"Fish and Fish Products Supplement, 1993",
13-807,13-807,1,277,"Betel leaves, fresh","betel leaves, fresh literature sources",Literature sources,H,,"Chughtai and Khan (1960) Nutritive value of food-stuffs and planning of satisfactory diets in Pakistan, and Wu Leung et al. (1972) Food composition table for use in East Asia",
14-806,14-806,1,278,Betel nuts,betel nuts literature sources,Literature sources,GA,,"Wu Leung et al. (1972) Food composition table for use in East Asia, and McCarthy and Matthews (1984) Composition of foods: nut and seed products, raw, processed and prepared",
15-669,15-669,1,279,"Bhaji, aubergine and potato, homemade","bhaji, aubergine and potato, homemade recipe from review of recipe collection",Recipe from review of recipe collection,DR,15-391,Updated 2014,
15-670,15-670,1,280,"Bhaji, aubergine, pea, potato and cauliflower, homemade","bhaji, aubergine, pea, potato and cauliflower, homemade gujerati dish. recipe from a personal collection",Gujerati dish. Recipe from a personal collection,DR,15-392,Updated 2014,
15-672,15-672,1,281,"Bhaji, cabbage and pea, with butter ghee, homemade","bhaji, cabbage and pea, with butter ghee, homemade bangladeshi dish. recipe adapted from literature sources",Bangladeshi dish. Recipe adapted from literature sources,DR,15-394,Updated 2014,
15-673,15-673,1,282,"Bhaji, cabbage and pea, with rapeseed oil, homemade","bhaji, cabbage and pea, with rapeseed oil, homemade bangladeshi dish. recipe adapted from literature sources",Bangladeshi dish. Recipe adapted from literature sources,DR,15-395,Updated 2014,
15-674,15-674,1,283,"Bhaji, cabbage and potato, with butter, homemade","bhaji, cabbage and potato, with butter, homemade punjabi dish. recipe from dietary survey records",Punjabi dish. Recipe from dietary survey records,DR,15-396,Updated 2014,
15-397,15-397,1,284,"Bhaji, cabbage and potato, with rapeseed oil, homemade","bhaji, cabbage and potato, with rapeseed oil, homemade punjabi dish. recipe from dietary survey records",Punjabi dish. Recipe from dietary survey records,DR,15-015,Updated 2014,
15-675,15-675,1,285,"Bhaji, cabbage and potato, with vegetable oil","bhaji, cabbage and potato, with vegetable oil punjabi dish. recipe from dietary survey records",Punjabi dish. Recipe from dietary survey records,DR,15-397,Based on Recipe as VGD 15-015. Updated 2013,
15-016,15-016,1,286,"Bhaji, cabbage and spinach","bhaji, cabbage and spinach punjabi dish. cabbage, spinach, onion and chick pea flour. recipe from manufacturer","Punjabi dish. Cabbage, spinach, onion and chick pea flour. Recipe from manufacturer",DR,,As Vegetable Dishes Supplement 1992,
15-671,15-671,1,287,"Bhaji, cabbage, homemade","bhaji, cabbage, homemade recipe adapted from literature sources",Recipe adapted from literature sources,DR,15-393,Updated 2014,
15-676,15-676,1,288,"Bhaji, carrot, potato and pea, with butter, homemade","bhaji, carrot, potato and pea, with butter, homemade punjabi dish. recipe from dietary survey records",Punjabi dish. Recipe from dietary survey records,DR,15-398,Updated 2014,
15-677,15-677,1,289,"Bhaji, carrot, potato and pea, with vegetable oil, homemade","bhaji, carrot, potato and pea, with vegetable oil, homemade punjabi dish. recipe from dietary survey records",Punjabi dish. Recipe from dietary survey records,DR,15-399,Updated 2014,
15-679,15-679,1,290,"Bhaji, cauliflower and potato, homemade","bhaji, cauliflower and potato, homemade bangladeshi dish. recipe adapted from literature sources",Bangladeshi dish. Recipe adapted from literature sources,DR,15-401,Updated 2014,
15-680,15-680,1,291,"Bhaji, cauliflower and vegetable, homemade","bhaji, cauliflower and vegetable, homemade cauliflower, onion, tomato and spices. recipe from literature sources","Cauliflower, onion, tomato and spices. Recipe from literature sources",DR,15-402,Updated 2014,
15-678,15-678,1,292,"Bhaji, cauliflower, homemade","bhaji, cauliflower, homemade recipe",Recipe,DR,15-400,Updated 2014,
15-021,15-021,1,293,"Bhaji, cauliflower, potato and pea, with butter","bhaji, cauliflower, potato and pea, with butter punjabi dish. recipe from manufacturer",Punjabi dish. Recipe from manufacturer,DR,,As Vegetable Dishes Supplement 1992,
15-022,15-022,1,294,"Bhaji, cauliflower, potato and pea, with vegetable oil","bhaji, cauliflower, potato and pea, with vegetable oil punjabi dish. recipe from manufacturer",Punjabi dish. Recipe from manufacturer,DR,,As Vegetable Dishes Supplement 1992,
15-024,15-024,1,295,"Bhaji, green bean","bhaji, green bean punjabi dish. recipe from manufacturer",Punjabi dish. Recipe from manufacturer,DR,,As Vegetable Dishes Supplement 1992,
15-025,15-025,1,296,"Bhaji, karela, with butter ghee, homemade","bhaji, karela, with butter ghee, homemade recipe from a personal collection",Recipe from a personal collection,DR,,As Vegetable Dishes Supplement 1992,
15-026,15-026,1,297,"Bhaji, karela, with vegetable oil, homemade","bhaji, karela, with vegetable oil, homemade recipe from a personal collection",Recipe from a personal collection,DR,,As Vegetable Dishes Supplement 1992,
15-681,15-681,1,298,"Bhaji, mushroom, homemade","bhaji, mushroom, homemade mushroom and onion. recipe from review of recipe collection",Mushroom and onion. Recipe from review of recipe collection,DR,15-403,Updated 2014,
15-683,15-683,1,299,"Bhaji, mustard leaves and spinach, homemade","bhaji, mustard leaves and spinach, homemade recipe from literature sources",Recipe from literature sources,DR,15-405,Updated 2014,
15-682,15-682,1,300,"Bhaji, mustard leaves, homemade","bhaji, mustard leaves, homemade recipe from literature sources",Recipe from literature sources,DR,15-404,Updated 2014,
15-684,15-684,1,301,"Bhaji, okra, Bangladeshi, with butter ghee, homemade","bhaji, okra, bangladeshi, with butter ghee, homemade okra, onion and spices. recipe adapted from literature sources","Okra, onion and spices. Recipe adapted from literature sources",DR,15-406,Updated 2014,
15-685,15-685,1,302,"Bhaji, okra, Bangladeshi, with vegetable oil, homemade","bhaji, okra, bangladeshi, with vegetable oil, homemade okra, onion and spices. recipe adapted from literature sources","Okra, onion and spices. Recipe adapted from literature sources",DR,15-031 15-407,Updated 2014,
15-686,15-686,1,303,"Bhaji, okra, Islami, homemade","bhaji, okra, islami, homemade recipe from the aga khan health board for the united kingdom. very dry dish",Recipe from the Aga Khan Health Board for the United Kingdom. Very dry dish,DR,15-408,Updated 2014,
15-687,15-687,1,304,"Bhaji, pea, homemade","bhaji, pea, homemade pakistani dish. recipe from literature sources",Pakistani dish. Recipe from literature sources,DR,15-409,Updated 2014,
15-688,15-688,1,305,"Bhaji, potato and fenugreek leaves, homemade","bhaji, potato and fenugreek leaves, homemade gujerati dish. recipe from review of recipe collection",Gujerati dish. Recipe from review of recipe collection,DR,15-412,Updated 2014,
15-689,15-689,1,306,"Bhaji, potato and green pepper, homemade","bhaji, potato and green pepper, homemade punjabi dish. potato, pepper, onion and tomato. recipe from dietary survey records","Punjabi dish. Potato, pepper, onion and tomato. Recipe from dietary survey records",DR,15-413,Updated 2014,
15-690,15-690,1,307,"Bhaji, potato and onion, homemade","bhaji, potato and onion, homemade bangladeshi dish. recipe adapted from literature sources",Bangladeshi dish. Recipe adapted from literature sources,DR,15-414,Updated 2014,
15-691,15-691,1,308,"Bhaji, potato, onion and mushroom, homemade","bhaji, potato, onion and mushroom, homemade recipe from review of recipe collection",Recipe from review of recipe collection,DR,15-415,Updated 2014,
15-040,15-040,1,309,"Bhaji, potato, spinach and cauliflower, homemade","bhaji, potato, spinach and cauliflower, homemade recipe from wharton et al, 1983","Recipe from Wharton et al, 1983",DR,,As Vegetable Dishes Supplement 1992,
15-692,15-692,1,310,"Bhaji, potato, with butter ghee, homemade","bhaji, potato, with butter ghee, homemade recipe from literature sources",Recipe from literature sources,DR,15-410,Updated 2014,
15-693,15-693,1,311,"Bhaji, potato, with vegetable oil, homemade","bhaji, potato, with vegetable oil, homemade recipe from literature sources",Recipe from literature sources,DR,15-411,Updated 2014,
15-695,15-695,1,312,"Bhaji, spinach and potato, homemade","bhaji, spinach and potato, homemade recipe from review of recipe collection",Recipe from review of recipe collection,DR,15-417,Updated 2014,
15-694,15-694,1,313,"Bhaji, spinach, homemade","bhaji, spinach, homemade recipe from wharton et al, 1983","Recipe from Wharton et al, 1983",DR,15-416,Updated 2014,
15-697,15-697,1,314,"Bhaji, turnip and onion, homemade","bhaji, turnip and onion, homemade punjabi dish. recipe from dietary survey records",Punjabi dish. Recipe from dietary survey records,DR,15-419,Updated 2014,
15-696,15-696,1,315,"Bhaji, turnip, homemade","bhaji, turnip, homemade recipe from literature sources",Recipe from literature sources,DR,15-418,Updated 2014,
15-047,15-047,1,316,"Bhaji, vegetable, Punjabi, with butter","bhaji, vegetable, punjabi, with butter recipe from manufacturer. mixed vegetables",Recipe from manufacturer. Mixed vegetables,DR,,As Vegetable Dishes Supplement 1992,
15-048,15-048,1,317,"Bhaji, vegetable, Punjabi, with vegetable oil","bhaji, vegetable, punjabi, with vegetable oil recipe from manufacturer. mixed vegetables",Recipe from manufacturer. Mixed vegetables,DR,,As Vegetable Dishes Supplement 1992,
15-698,15-698,1,318,"Bhaji, vegetable, with butter, homemade","bhaji, vegetable, with butter, homemade recipe from literature sources. mixed vegetables",Recipe from literature sources. Mixed vegetables,DR,15-420,Updated 2014,
15-699,15-699,1,319,"Bhaji, vegetable, with rapeseed oil, homemade","bhaji, vegetable, with rapeseed oil, homemade recipe from literature sources. mixed vegetables",Recipe from literature sources. Mixed vegetables,DR,15-421,Updated 2014,
17-356,17-356,1,320,Bicarbonate of soda,bicarbonate of soda as sodium bicarbonate,As sodium bicarbonate,WY,,"Miscellaneous Foods Supplement, 1994",
19-454,19-454,1,321,"Biryani, chicken, takeaway","biryani, chicken, takeaway 10 samples, 2 from different establishments in each of 5 regions. consists of chicken fried in oil with saffron flavoured rice and a curry sauce that contains vegetables and coconut.","10 samples, 2 from different establishments in each of 5 regions. Consists of chicken fried in oil with saffron flavoured rice and a curry sauce that contains vegetables and coconut.",MR,,"Aspland and James Ltd, Nutrient analysis of ethnic takeaway foods, 1997",
11-821,11-821,1,322,"Biscuits, cheese flavoured","biscuits, cheese flavoured 10 samples, 5 products, including cheddars, mini cheddars, cheese melts and cheese savouries","10 samples, 5 products, including Cheddars, Mini Cheddars, cheese melts and cheese savouries",AM,,"DH, Nutrient analysis of biscuits, buns, cakes and pastries, 2011",
11-816,11-816,1,323,"Biscuits, cookies, chocolate chip, American style","biscuits, cookies, chocolate chip, american style 10 samples, 10 products, including milk, plain and white chocolate from instore bakeries and catering outlets","10 samples, 10 products, including milk, plain and white chocolate from instore bakeries and catering outlets",AM,,"DH, Nutrient analysis of biscuits, buns, cakes and pastries, 2011",
11-815,11-815,1,324,"Biscuits, cookies, chocolate chip, standard","biscuits, cookies, chocolate chip, standard 10 samples, 7 products, including maryland, fox's and own brand","10 samples, 7 products, including Maryland, Fox's and own brand",AM,11-508,"DH, Nutrient analysis of biscuits, buns, cakes and pastries, 2011",
11-807,11-807,1,325,"Biscuits, digestive, half coated in chocolate","biscuits, digestive, half coated in chocolate 10 samples, 6 products, including milk and plain chocolate","10 samples, 6 products, including milk and plain chocolate",AM,11-512,"DH, Nutrient analysis of biscuits, buns, cakes and pastries, 2011",
11-799,11-799,1,326,"Biscuits, digestive, plain","biscuits, digestive, plain 10 samples, 7 products","10 samples, 7 products",AM,11-513,"DH, Nutrient analysis of biscuits, buns, cakes and pastries, 2011",
11-803,11-803,1,327,"Biscuits, digestive, with oats, plain","biscuits, digestive, with oats, plain 9 samples, 4 products, including hobnobs and own label","9 samples, 4 products, including Hobnobs and own label",AM,11-517,"DH, Nutrient analysis of biscuits, buns, cakes and pastries, 2011",
11-809,11-809,1,328,"Biscuits, fully coated with chocolate","biscuits, fully coated with chocolate 10 samples, 6 products, including breakaway, rocky and chocolate fingers","10 samples, 6 products, including Breakaway, Rocky and chocolate fingers",AM,11-506,"DH, Nutrient analysis of biscuits, buns, cakes and pastries, 2011",
11-810,11-810,1,329,"Biscuits, fully coated with chocolate, with cream","biscuits, fully coated with chocolate, with cream 10 samples, 8 products, including penguin, club, classic, own label","10 samples, 8 products, including Penguin, Club, Classic, own label",AM,11-507,"DH, Nutrient analysis of biscuits, buns, cakes and pastries, 2011",
11-811,11-811,1,330,"Biscuits, fully coated with chocolate, with marshmallow","biscuits, fully coated with chocolate, with marshmallow 10 samples, 7 products, including teacakes and wagon wheels","10 samples, 7 products, including teacakes and Wagon Wheels",AM,11-419,"DH, Nutrient analysis of biscuits, buns, cakes and pastries, 2011",
11-798,11-798,1,331,"Biscuits, ginger nuts","biscuits, ginger nuts 10 samples, 8 products","10 samples, 8 products",AM,11-514,"DH, Nutrient analysis of biscuits, buns, cakes and pastries, 2011",
11-952,11-952,1,332,"Biscuits, gingernut, homemade","biscuits, gingernut, homemade recipe",Recipe,AM,11-625,Updated 2014,
11-808,11-808,1,333,"Biscuits, iced","biscuits, iced 5 samples, 2 products, including party rings, ice gems","5 samples, 2 products, including Party Rings, Ice Gems",AM,,"DH, Nutrient analysis of biscuits, buns, cakes and pastries, 2011",
11-804,11-804,1,334,"Biscuits, jam filled","biscuits, jam filled 10 samples, 6 products, including jammie dodgers and own label","10 samples, 6 products, including Jammie Dodgers and own label",AM,11-516,"DH, Nutrient analysis of biscuits, buns, cakes and pastries, 2011",
11-1035,11-1035,1,335,"Biscuits, melting moments, homemade","biscuits, melting moments, homemade recipe",Recipe,AM,11-638,Based on recipe as Cereals and Cereal Products Supplement. Recalculated in 2014,
11-1060,11-1060,1,336,"Biscuits, oat based, chocolate, half coated","biscuits, oat based, chocolate, half coated recipe",Recipe,AM,,Updated 2014,
11-1032,11-1032,1,337,"Biscuits, plain, homemade","biscuits, plain, homemade recipe",Recipe,AM,11-635,"Based on recipe as Cereals and Cereal Products Supplement, homemade biscuits, creaming method. Recalculated 2014",
11-801,11-801,1,338,"Biscuits, plain, reduced fat","biscuits, plain, reduced fat 10 samples, 5 products, including digestives, rich tea and reduced fat hobnobs","10 samples, 5 products, including digestives, rich tea and reduced fat Hobnobs",AM,,"DH, Nutrient analysis of biscuits, buns, cakes and pastries, 2011",
11-813,11-813,1,339,"Biscuits, sandwich, cream","biscuits, sandwich, cream 12 samples, 12 products, including custard creams and bourbons","12 samples, 12 products, including Custard Creams and Bourbons",AM,11-519,"DH, Nutrient analysis of biscuits, buns, cakes and pastries, 2011",
11-797,11-797,1,340,"Biscuits, semi-sweet","biscuits, semi-sweet 10 samples, 7 products, including rich tea, morning coffee","10 samples, 7 products, including rich tea, Morning Coffee",AM,11-521,"DH, Nutrient analysis of biscuits, buns, cakes and pastries, 2011",
11-806,11-806,1,341,"Biscuits, short or sweet, half coated in chocolate","biscuits, short or sweet, half coated in chocolate 10 samples, 6 products, including milk and plain chocolate, shortcake, rich tea, gems and animal shapes","10 samples, 6 products, including milk and plain chocolate, shortcake, rich tea, gems and animal shapes",AM,11-415,"DH, Nutrient analysis of biscuits, buns, cakes and pastries, 2011",
11-796,11-796,1,342,"Biscuits, short, sweet","biscuits, short, sweet 12 samples, 11 products, including malted milk, shortcake, nice","12 samples, 11 products, including malted milk, shortcake, nice",AM,11-522,"DH, Nutrient analysis of biscuits, buns, cakes and pastries, 2011",
11-1034,11-1034,1,343,"Biscuits, wholemeal, homemade","biscuits, wholemeal, homemade recipe",Recipe,AM,11-637,Recalculated 2014,
13-059,13-059,1,344,"Black gram, chilki urad dahl, dried, split, boiled in unsalted water","black gram, chilki urad dahl, dried, split, boiled in unsalted water soaked and boiled",Soaked and boiled,DB,,"Vegetables, Herbs and Spices Supplement, 1991",
13-058,13-058,1,345,"Black gram, chilki urad dahl, split, dried, raw","black gram, chilki urad dahl, split, dried, raw partial seed coat. literature sources",Partial seed coat. Literature sources,DB,,"Vegetables, Herbs and Spices Supplement, 1991",
13-061,13-061,1,346,"Black gram, duhli urad dahl, split, dried, boiled in unsalted water","black gram, duhli urad dahl, split, dried, boiled in unsalted water soaked and boiled",Soaked and boiled,DB,,"Vegetables, Herbs and Spices Supplement, 1991",
13-060,13-060,1,347,"Black gram, duhli urad dahl, split, dried, raw","black gram, duhli urad dahl, split, dried, raw no seed coat. literature sources",No seed coat. Literature sources,DB,,"Vegetables, Herbs and Spices Supplement, 1991",
13-057,13-057,1,348,"Black gram, urad gram, whole, dried, boiled in unsalted water","black gram, urad gram, whole, dried, boiled in unsalted water soaked and boiled",Soaked and boiled,DB,50-699,"Vegetables, Herbs and Spices Supplement, 1991",
13-056,13-056,1,349,"Black gram, urad gram, whole, dried, raw","black gram, urad gram, whole, dried, raw literature sources",Literature sources,DB,50-698,"Vegetables, Herbs and Spices Supplement, 1991",
19-114,19-114,1,350,"Black pudding, dry-fried","black pudding, dry-fried 8 samples, 6 brands","8 samples, 6 brands",MI,50-505,"Reviewed 2013. LGC, Analytical survey of meat products, 1990-1991",
19-113,19-113,1,351,"Black pudding, raw","black pudding, raw 8 samples, 6 brands","8 samples, 6 brands",MI,336,"LGC, Analytical survey of meat products, 1990-1991",
14-388,14-388,1,352,"Blackberries, raw","blackberries, raw 11 samples, uk and imported","11 samples, UK and imported",FA,14-048,"PHE, Nutrient analysis of fresh and processed fruit and vegetables with respect to fibre, 2017",
14-049,14-049,1,353,"Blackberries, stewed with sugar","blackberries, stewed with sugar calculated from 700g fruit, 210g water, 84g sugar","Calculated from 700g fruit, 210g water, 84g sugar",FA,50-870,"Fruit and Nuts Supplement, 1992",
14-050,14-050,1,354,"Blackberries, stewed without sugar","blackberries, stewed without sugar calculated from 700g fruit, 210g water","Calculated from 700g fruit, 210g water",FA,50-871,"Reviewed 2013. Fruit and Nuts Supplement, 1992",
14-349,14-349,1,355,"Blackberry and apple, stewed with sugar","blackberry and apple, stewed with sugar calculated from 400g blackberries, 550g apples, 175g water, 115g sugar","Calculated from 400g blackberries, 550g apples, 175g water, 115g sugar",FA,14-051,Updated 2014,
14-364,14-364,1,356,"Blackberry and apple, stewed without sugar","blackberry and apple, stewed without sugar calculated from 400g blackberries, 550g apples, 175g water","Calculated from 400g blackberries, 550g apples, 175g water",F,14-055,Updated 2014,
17-845,17-845,1,357,"Blackcurrant juice drink/squash, diluted","blackcurrant juice drink/squash, diluted calculated from 38g concentrate to 250ml water",Calculated from 38g concentrate to 250ml water,PCC,17-188,"LFRA, Nutritional analysis of soft drinks, 1993; and industry data, 2013",
17-737,17-737,1,358,"Blackcurrant juice drink/squash, undiluted","blackcurrant juice drink/squash, undiluted including ribena and own brands",Including Ribena and own brands,PCC,17-187,"LFRA, Nutritional analysis of soft drinks, 1993; and industry data, 2013",
14-053,14-053,1,359,"Blackcurrants, raw","blackcurrants, raw whole fruit, stalks removed","Whole fruit, stalks removed",FA,50-872,"MW1, 1940; and Fruit and Nuts Supplement, 1992",
14-054,14-054,1,360,"Blackcurrants, stewed with sugar","blackcurrants, stewed with sugar calculated from 700g fruit, 210g water, 84g sugar","Calculated from 700g fruit, 210g water, 84g sugar",FA,50-873,"Fruit and Nuts Supplement, 1992",
14-055,14-055,1,361,"Blackcurrants, stewed without sugar","blackcurrants, stewed without sugar calculated from 700g fruit, 210g water","Calculated from 700g fruit, 210g water",FA,,"Reviewed 2013. Fruit and Nuts Supplement, 1992",
12-557,12-557,1,362,"Blancmange, homemade","blancmange, homemade recipe",Recipe,BR,12-452,Updated 2014,
16-170,16-170,1,363,"Bloater, flesh only, grilled","bloater, flesh only, grilled salted and smoked herring",Salted and smoked herring,JC,,"MW1, 1940",
16-171,16-171,1,364,"Bloater, flesh only, grilled, weighed with bones and skin","bloater, flesh only, grilled, weighed with bones and skin calculated from grilled 16-170",Calculated from grilled 16-170,JC,,"MW1, 1940",
14-325,14-325,1,365,Blueberries,"blueberries 21 samples, summer and winter, uk grown and imported","21 samples, summer and winter, UK grown and imported",FA,,"DH, Nutrient analysis of fruit and vegetables, 2013",
16-004,16-004,1,366,"Boal, raw","boal, raw literature sources. imported frozen from bangladesh",Literature sources. Imported frozen from Bangladesh,JA,,"Fish and Fish Products Supplement, 1993",
19-476,19-476,1,367,"Bolognese sauce (with meat), homemade","bolognese sauce (with meat), homemade recipe",Recipe,MR,19-352,Updated 2013,
19-475,19-475,1,368,"Bolognese sauce (with meat), made with extra lean minced beef, homemade","bolognese sauce (with meat), made with extra lean minced beef, homemade recipe",Recipe,MR,,Updated 2013,
16-005,16-005,1,369,Bombay duck,"bombay duck literature sources. salted dried fish, also known as dried lottiya","Literature sources. Salted dried fish, also known as dried lottiya",JA,,"Fish and Fish Products Supplement, 1993",
17-764,17-764,1,370,Bombay mix,"bombay mix 20 samples; savoury mix of gram flour, assorted peas, lentils, nuts and seeds","20 samples; savoury mix of gram flour, assorted peas, lentils, nuts and seeds",SN,14-807,"LGC, Survey on the Nutritional Composition of savoury snack and nuts, 1993; and industry data, 2013. Fatty Acid Supplement, 1998 (14-807)",
17-770,17-770,1,371,"Bouillabaisse, homemade","bouillabaisse, homemade recipe",Recipe,WAA,17-597,Updated 2014,
17-766,17-766,1,372,Bounty bar and own brand equivalents,bounty bar and own brand equivalents manufacturer's data (mars). milk chocolate,Manufacturer's data (Mars). milk chocolate,SEA,17-546,"Data from manufacturer (Mars). Total carbohydrate and its components, starch and sugars, are expressed as their monosaccharide equivalents. Fatty acid data is available in obsoleted 17-082 but from a sample with slightly different fatty acid proportions",
18-392,18-392,1,373,"Brain, lamb, boiled","brain, lamb, boiled 11 samples",11 samples,MG,,"MW4, 1978. Values reviewed for Meat Products and Dishes Supplement, 1996",
11-906,11-906,1,374,"Bran, wheat","bran, wheat 5 samples, 4 products","5 samples, 4 products",AA,11-005,"LGC, Nutrient survey of flours and grains, 2005",
11-1036,11-1036,1,375,"Brandy snaps, homemade","brandy snaps, homemade recipe",Recipe,AM,11-634,Recalculated 2014,
19-115,19-115,1,376,Brawn,brawn 10 samples,10 samples,MI,50-506,"MW4, 1978. Values reviewed for Meat Products and Dishes Supplement, 1996",
14-871,14-871,1,377,"Brazil nuts, kernel only","brazil nuts, kernel only 10 samples",10 samples,GA,14-808 14-856 50-974,"Reviewed 2013. LGC, Savoury snacks and nuts, 1989-1991; Fatty Acids Supplement, 1998; selenium from Analysis of foods for Selenium 1994",
14-884,14-884,1,378,"Brazil nuts, kernel only, weighed with shells","brazil nuts, kernel only, weighed with shells calculated from 14-871",Calculated from 14-871,GA,14-809 50-975,"LGC, Savoury snacks and nuts, 1989-1991; Fatty acids calculated from Fatty Acid Supplement, 1998; selenium calculated from Analysis of foods for Selenium 1994",
11-1038,11-1038,1,379,"Bread pudding, homemade","bread pudding, homemade recipe",Recipe,AS,11-594,Recalculated 2014,
11-1144,11-1144,1,380,"Bread rolls, brown, crusty","bread rolls, brown, crusty 12 samples of 6 rolls, different shops","12 samples of 6 rolls, different shops",AF,11-477,"Data from Cereals and cereal Products Supplement, 1988; with some vitamins from LGC, nutrient analysis of bread and morning goods, 1999; and selenium from Analysis of foods for Selenium 1994.",
11-983,11-983,1,381,"Bread rolls, brown, soft","bread rolls, brown, soft 14 samples of 6 rolls, different shops","14 samples of 6 rolls, different shops",AG,11-478,"LLGC, Nutrient analysis of bread and morning goods, 1999; and industry data, 2013. Inorganics estimated from brown bread",
11-984,11-984,1,382,"Bread rolls, malted wheat","bread rolls, malted wheat 10 samples, pre-packed, freshly baked, including granary products","10 samples, pre-packed, freshly baked, including granary products",AG,11-479,"LGC, Nutrient analysis of bread and morning goods, 1999; and industry data, 2013",
11-985,11-985,1,383,"Bread rolls, white, crusty","bread rolls, white, crusty 10 samples",10 samples,AG,11-482,"LGC, Nutrient analysis of bread and morning goods, 1999; and industry data, 2013",
11-1006,11-1006,1,384,"Bread rolls, white, soft","bread rolls, white, soft 10 samples",10 samples,AF,11-483,"LGC, Nutrient analysis of bread and morning goods, 1999, Food Surveillance Sheet No.194. Updated 2013.",
11-986,11-986,1,385,"Bread rolls, wholemeal","bread rolls, wholemeal 10 samples",10 samples,AG,11-484,"LGC, Nutrient analysis of bread and morning goods, 1999; and industry data, 2013. Vitamins (except folate) either estimated from wholemeal bread or from 50-064 (CCP, 1988).",
17-664,17-664,1,386,"Bread sauce, made with semi-skimmed milk, HOMEMADE","bread sauce, made with semi-skimmed milk, homemade recipe",Recipe,WCD,17-520,Updated 2013,
17-771,17-771,1,387,"Bread sauce, made with skimmed milk, homemade","bread sauce, made with skimmed milk, homemade recipe",Recipe,WCD,17-567,Updated 2014,
17-772,17-772,1,388,"Bread sauce, made with whole milk, homemade","bread sauce, made with whole milk, homemade recipe",Recipe,WCD,17-519,Updated 2014,
11-971,11-971,1,389,"Bread, brown, average","bread, brown, average 11 samples, 8 brands","11 samples, 8 brands",AF,11-456,"LGC, Nutrient analysis of bread and morning goods, 1999; and industry data, 2013",
11-1136,11-1136,1,390,"Bread, brown, toasted","bread, brown, toasted 11 samples, 8 brands. calculated using 22% weight loss","11 samples, 8 brands. Calculated using 22% weight loss",AF,11-457,"Data calculated from LGC, Nutrient analysis of bread and morning goods, 1999, using 22% weight loss",
11-969,11-969,1,391,"Bread, ciabatta","bread, ciabatta 8 samples",8 samples,AF,11-609,"LGC, Nutrient analysis of bread and morning goods, 1999; and industry data, 2013. Some inorganics and vitamins estimated from white bread, French stick.",
11-937,11-937,1,392,"Bread, garlic and herb, retail","bread, garlic and herb, retail 10 samples, 10 products , frozen and chilled","10 samples, 10 products , frozen and chilled",AF,11-460,"DH, Nutrient analysis of a range of processed foods with particular reference to trans fatty acids, 2013",
11-462,11-462,1,393,"Bread, malt, fruited","bread, malt, fruited 6 samples, 3 brands","6 samples, 3 brands",AF,11-084 50-042,"Data from LGC, Nutrient analysis of bread and morning goods, 1999. Vit B6, vit B12, pantothenate and biotin from 50-042.",
11-972,11-972,1,394,"Bread, malted wheat","bread, malted wheat 24 samples, sliced and unsliced, including granary products","24 samples, sliced and unsliced, including granary products",AF,11-461,"LGC, Nutrient analysis of bread and morning goods, 1999; and industry data, 2013",
11-910,11-910,1,395,"Bread, naan, peshwari naan, takeaway and retail","bread, naan, peshwari naan, takeaway and retail 10 samples, 5 from takeaway shops, naan with nuts and raisins","10 samples, 5 from takeaway shops, naan with nuts and raisins",AF,,"University of Leeds, Nutritional analysis of commonly consumed South Asian foods in the UK, 2007",
11-973,11-973,1,396,"Bread, naan, retail","bread, naan, retail 12 samples, including garlic and coriander","12 samples, including garlic and coriander",AF,11-463,"LGC, Nutrient analysis of bread and morning goods, 1999; and industry data, 2013. Vitamin K1 from Bolton-Smith et al, Br J Nutr, 83, 2000.",
11-974,11-974,1,397,"Bread, pitta, white","bread, pitta, white 10 samples, 8 brands","10 samples, 8 brands",AF,11-465,"LGC, Nutrient analysis of bread and morning goods, 1999; and industry data, 2013. Additional vitamin data from 11-090 (CCP, 1988)",
11-947,11-947,1,398,"Bread, seeded","bread, seeded label data and calculations",Label data and calculations,AF,,"Industry data, 2013; and calculated",
11-1117,11-1117,1,399,"Bread, soda, made with white flour, homemade","bread, soda, made with white flour, homemade recipe",Recipe,AF,11-631,Updated 2014,
11-975,11-975,1,400,"Bread, wheatgerm","bread, wheatgerm 7 samples, 4 brands, pre-packed, sliced","7 samples, 4 brands, pre-packed, sliced",AF,11-467,"LGC, Nutrient analysis of bread and morning goods, 1999; and industry data, 2013. Iodine and Sulphur from 11-098 (1988)",
11-1145,11-1145,1,401,"Bread, white, average","bread, white, average average of 5 main types of white bread",Average of 5 main types of white bread,AF,11-099,Updated 2014,
11-923,11-923,1,402,"Bread, white, crusty bloomer, unsliced, fresh, large","bread, white, crusty bloomer, unsliced, fresh, large 10 samples, 8 products","10 samples, 8 products",AF,11-100 11-101,"LGC, Nutrient analysis of bread and morning goods, 1999",
11-976,11-976,1,403,"Bread, white, Danish style","bread, white, danish style 8 samples, 4 brands, including nimble and weight watchers","8 samples, 4 brands, including Nimble and Weight Watchers",AF,11-466,"LGC, Nutrient analysis of bread and morning goods, 1999; Cereals and Cereal Products Supplement (1988); and industry data, 2013. Fats estimated from white bread.",
11-977,11-977,1,404,"Bread, white, farmhouse or split tin","bread, white, farmhouse or split tin 20 samples",20 samples,AF,11-470,"LGC, Nutrient analysis of bread and morning goods, 1999; and industry data, 2013",
11-978,11-978,1,405,"Bread, white, French stick","bread, white, french stick 18 samples, baguette and flute, thick and thin","18 samples, baguette and flute, thick and thin",AF,11-471,"LGC, Nutrient analysis of bread and morning goods, 1999; and industry data, 2013. Average of flute and baguette",
11-979,11-979,1,406,"Bread, white, premium","bread, white, premium 15 samples, 13 brands","15 samples, 13 brands",AF,11-474,"LGC, Nutrient analysis of bread and morning goods, 1999; and industry data, 2013",
11-980,11-980,1,407,"Bread, white, sliced","bread, white, sliced 15 samples",15 samples,AF,11-468,"LGC, Nutrient analysis of bread and morning goods, 1999; and industry data, 2013. Vitamin K1 Bolton-Smith et al, Br J Nutr, 83, 2000",
11-1137,11-1137,1,408,"Bread, white, sliced, fried in rapeseed oil","bread, white, sliced, fried in rapeseed oil calculated on white sliced bread using analysed fat and water changes",Calculated on white sliced bread using analysed fat and water changes,AF,11-105,Updated 2014,
11-1001,11-1001,1,409,"Bread, white, toasted","bread, white, toasted 15 samples. calculated using weight loss of 18%",15 samples. Calculated using weight loss of 18%,AF,11-475,"White bread sliced from LGC, Nutrient analysis of bread and morning goods, 1999; and industry data, 2013",
11-1003,11-1003,1,410,"Bread, white, 'with added fibre'","bread, white, 'with added fibre' including hovis best of both, kingsmill 50/50 and warburtons half & half toastie","Including Hovis Best of Both, Kingsmill 50/50 and Warburtons Half & Half Toastie",AF,11-472,"Industry data, 2013; and calculated",
11-1004,11-1004,1,411,"Bread, white, 'with added fibre', toasted","bread, white, 'with added fibre', toasted calculated using weight loss of 16%",Calculated using weight loss of 16%,AF,11-473,"Industry data, 2013; and calculated",
11-981,11-981,1,412,"Bread, wholemeal, average","bread, wholemeal, average 21 samples, sliced and unsliced","21 samples, sliced and unsliced",AF,11-476,"LGC, Nutrient analysis of bread and morning goods, 1999; and industry data, 2013. Vitamin K1 value from Bolton-Smith et al, Br. J. Nutr. 83, 2000",
11-982,11-982,1,413,"Bread, wholemeal, toasted","bread, wholemeal, toasted calculated using weight loss of 14.6%",Calculated using weight loss of 14.6%,AF,11-611,"LGC, Nutrient analysis of bread and morning goods, 1999; and industry data, 2013",
13-168,13-168,1,414,"Breadfruit, boiled in unsalted water","breadfruit, boiled in unsalted water literature sources",Literature sources,DG,,"Vegetables, Herbs and Spices Supplement, 1991",
13-167,13-167,1,415,"Breadfruit, raw","breadfruit, raw literature sources",Literature sources,DG,,"Vegetables, Herbs and Spices Supplement, 1991",
14-895,14-895,1,416,"Breadnut seeds, dried","breadnut seeds, dried literature sources",Literature sources,G,14-810,"McCarthy and Matthews (1984) Composition of foods: nut and seed products, raw, processed and prepared, Agriculture Handbook No. 8-12. USDA SR27 (2014).",
11-826,11-826,1,417,"Breadsticks, plain","breadsticks, plain 10 samples, 5 products","10 samples, 5 products",AM,17-123,"DH, Nutrient analysis of biscuits, buns, cakes and pastries, 2011",
11-763,11-763,1,418,"Breakfast cereal, bran flakes, fortified","breakfast cereal, bran flakes, fortified 15 samples, 8 products, including kellogg's and own brands","15 samples, 8 products, including Kellogg's and own brands",AI,11-486,"LGC, Nutrient survey of breakfast cereals, 2004; and industry data, 2013",
11-767,11-767,1,419,"Breakfast cereal, bran type cereal, fortified","breakfast cereal, bran type cereal, fortified 15 samples, 9 products, including all-bran and own brand","15 samples, 9 products, including All-Bran and own brand",AI,11-485,"LGC, Nutrient survey of breakfast cereals, 2004",
11-746,11-746,1,420,"Breakfast cereal, cornflakes, crunchy / honey nut coated, fortified","breakfast cereal, cornflakes, crunchy / honey nut coated, fortified 10 samples, 7 products, including crunchy nut corn flakes and own label","10 samples, 7 products, including Crunchy Nut Corn Flakes and own label",AI,11-491,Nutrient survey of breakfast cereals 2004. Updated using 2013 manufacturers' label data,
11-742,11-742,1,421,"Breakfast cereal, cornflakes, fortified","breakfast cereal, cornflakes, fortified 15 samples, 9 products, including kellogg's and other / own brands","15 samples, 9 products, including Kellogg's and other / own brands",AI,11-490,"LGC, Nutrient survey of breakfast cereals, 2004; and industry data, 2013",
11-749,11-749,1,422,"Breakfast cereal, cornflakes, frosted, fortified","breakfast cereal, cornflakes, frosted, fortified 10 samples, 8 products, including frosties and own brand","10 samples, 8 products, including Frosties and own brand",AI,11-492,"LGC, Nutrient survey of breakfast cereals, 2004; and industry data, 2013",
11-745,11-745,1,423,"Breakfast cereal, cornflakes, unfortified","breakfast cereal, cornflakes, unfortified 7 samples, 4 products, organic","7 samples, 4 products, organic",AI,,"LGC, Nutrient survey of breakfast cereals, 2004; and industry data, 2013",
11-938,11-938,1,424,"Breakfast cereal, crunchy clusters type, without nuts, unfortified","breakfast cereal, crunchy clusters type, without nuts, unfortified 7 samples, 5 brands, including jordans country crisp, quaker oat granola and own brand","7 samples, 5 brands, including Jordans Country Crisp, Quaker Oat granola and own brand",AI,11-783 11-138 11-403,"DH, Nutrient analysis of a range of processed foods with particular reference to trans fatty acids, 2013",
11-939,11-939,1,425,"Breakfast cereal, crunchy/crispy muesli type cereal, with nuts, unfortified","breakfast cereal, crunchy/crispy muesli type cereal, with nuts, unfortified 7 samples, 5 brands, including jordans's country crisp, kellogg's crunchy nut clusters and own labels","7 samples, 5 brands, including Jordans's Country Crisp, Kellogg's Crunchy Nut Clusters and own labels",AI,11-783 11-138 11-403 11-784,"DH, Nutrient analysis of a range of processed foods with particular reference to trans fatty acids, 2013",
11-779,11-779,1,426,"Breakfast cereal, fruit and fibre type, fortified","breakfast cereal, fruit and fibre type, fortified 10 samples, 7 products, including kellogg's fruit 'n fibre and own brand","10 samples, 7 products, including Kellogg's Fruit 'n Fibre and own brand",AI,11-493,"LGC, Nutrient survey of breakfast cereals, 2004; and industry data, 2013",
11-755,11-755,1,427,"Breakfast cereal, honey loops and hoops, including Honey and Nut Cheerios, fortified","breakfast cereal, honey loops and hoops, including honey and nut cheerios, fortified 8 samples, 5 products, including honey loops and own brands. based on honey nut cheerios and products containing nuts","8 samples, 5 products, including Honey Loops and own brands. Based on Honey Nut Cheerios and products containing nuts",AI,,"LGC, Nutrient survey of breakfast cereals, 2004; and industry data, 2013",
11-792,11-792,1,428,"Breakfast cereal, instant hot oat, plain, raw, fortified","breakfast cereal, instant hot oat, plain, raw, fortified 10 samples, 7 products, including ready brek and own brands","10 samples, 7 products, including Ready Brek and own brands",AI,11-496,"LGC, Nutrient survey of breakfast cereals, 2004; and industry data, 2013",
11-760,11-760,1,429,"Breakfast cereal, malted flake, fortified","breakfast cereal, malted flake, fortified 9 samples, 6 products, including special k and own brand","9 samples, 6 products, including Special K and own brand",AI,11-501,"LGC, Nutrient survey of breakfast cereals, 2004; and industry data, 2013",
11-761,11-761,1,430,"Breakfast cereal, malted wheat, fortified","breakfast cereal, malted wheat, fortified 8 samples, 5 products, including shreddies and own brand","8 samples, 5 products, including Shreddies and own brand",AI,11-500,"LGC, Nutrient survey of breakfast cereals, 2004; and industry data, 2013",
11-1019,11-1019,1,431,"Breakfast cereal, multigrain hoops, fortified","breakfast cereal, multigrain hoops, fortified including cheerios and own brands",Including Cheerios and own brands,AI,11-623,"Industry data, 1999 and 2013",
11-795,11-795,1,432,"Breakfast cereal, Oat, instant, flavoured, unfortified, made up with semi-skimmed milk","breakfast cereal, oat, instant, flavoured, unfortified, made up with semi-skimmed milk quaker oat so simple; 6 samples, 4 products, including golden syrup, berry and baked apple flavour. 36g sachet made up with 180g milk","Quaker Oat So Simple; 6 samples, 4 products, including golden syrup, berry and baked apple flavour. 36g sachet made up with 180g milk",AI,,"LGC, Nutrient survey of breakfast cereals, 2004; and industry data, 2013",
11-793,11-793,1,433,"Breakfast cereal, oat, instant, plain, fortified, cooked, made up with semi-skimmed milk","breakfast cereal, oat, instant, plain, fortified, cooked, made up with semi-skimmed milk 10 samples, 7 products, including ready brek and own brands. 40g oat cereal made up with 200g milk","10 samples, 7 products, including Ready Brek and own brands. 40g oat cereal made up with 200g milk",AI,,"LGC, Nutrient survey of breakfast cereals, 2004",
11-757,11-757,1,434,"Breakfast cereal, puffed wheat, honey coated, fortified","breakfast cereal, puffed wheat, honey coated, fortified 16 samples, 8 products, including sugar puffs and own brand","16 samples, 8 products, including Sugar Puffs and own brand",AI,11-503,"LGC, Nutrient survey of breakfast cereals, 2004; and industry data, 2013",
11-756,11-756,1,435,"Breakfast cereal, puffed wheat, unfortified","breakfast cereal, puffed wheat, unfortified 10 samples, 3 products, including quaker puffed wheat and own brands","10 samples, 3 products, including Quaker Puffed Wheat and own brands",AI,11-144,"LGC, Nutrient survey of breakfast cereals, 2004",
11-753,11-753,1,436,"Breakfast cereal, rice, chocolate flavoured, fortified","breakfast cereal, rice, chocolate flavoured, fortified 10 samples, 5 products, including coco pops and own brand","10 samples, 5 products, including Coco Pops and own brand",AI,11-488,"LGC, Nutrient survey of breakfast cereals, 2004; and industry data, 2013",
11-750,11-750,1,437,"Breakfast cereal, rice, toasted/crisp, fortified","breakfast cereal, rice, toasted/crisp, fortified 13 samples, 6 products, including rice krispies and own brand","13 samples, 6 products, including Rice Krispies and own brand",AI,11-497,"LGC, Nutrient survey of breakfast cereals, 2004; and industry data, 2013",
11-754,11-754,1,438,"Breakfast cereal, Ricicles, Kellogg's","breakfast cereal, ricicles, kellogg's 6 samples, 1 product","6 samples, 1 product",AI,11-498,Nutrient survey of breakfast cereals 2004,
11-777,11-777,1,439,"Breakfast cereal, shredded wheat type with fruit, unfortified","breakfast cereal, shredded wheat type with fruit, unfortified 6 samples, 3 products, including raisin wheats and own brand apricot wheats","6 samples, 3 products, including Raisin Wheats and own brand apricot wheats",AI,50-079,"LGC, Nutrient survey of breakfast cereals, 2004; and industry data, 2013",
11-775,11-775,1,440,"Breakfast cereal, shredded wheat type, unfortified","breakfast cereal, shredded wheat type, unfortified 10 samples, 4 products, including shredded wheat and bitesize and own brand","10 samples, 4 products, including Shredded Wheat and bitesize and own brand",AI,11-499,"LGC, Nutrient survey of breakfast cereals, 2004",
11-778,11-778,1,441,"Breakfast cereal, Shredded Wheat, honey nut, Nestle","breakfast cereal, shredded wheat, honey nut, nestle 6 samples, 1 product","6 samples, 1 product",AI,,"LGC, Nutrient survey of breakfast cereals, 2004",
11-762,11-762,1,442,"Breakfast cereal, wheat and multigrain, chocolate flavoured, fortified","breakfast cereal, wheat and multigrain, chocolate flavoured, fortified 10 samples, 4 products, including weetos, nesquick, coco shreddies and own brands","10 samples, 4 products, including Weetos, Nesquick, Coco Shreddies and own brands",AI,50-092,"LGC, Nutrient survey of breakfast cereals, 2004; and industry data, 2013",
11-773,11-773,1,443,"Breakfast cereal, wheat biscuits, Weetabix type, fortified","breakfast cereal, wheat biscuits, weetabix type, fortified 10 samples, 6 products, including weetabix and own brands","10 samples, 6 products, including Weetabix and own brands",AI,11-505,"LGC, Nutrient survey of breakfast cereals, 2004; and industry data, 2013",
11-774,11-774,1,444,"Breakfast cereal, wheat biscuits, Weetabix type, unfortified","breakfast cereal, wheat biscuits, weetabix type, unfortified 6 samples, 3 products, organic and value products","6 samples, 3 products, organic and value products",AI,,Nutrient survey of breakfast cereals 2004,
16-006,16-006,1,445,"Bream, Sea, raw","bream, sea, raw literature sources",Literature sources,JA,,"Fish and Fish Products Supplement, 1993",
15-700,15-700,1,446,"Broccoli in cheese sauce, made with semi-skimmed milk, homemade","broccoli in cheese sauce, made with semi-skimmed milk, homemade recipe from review of recipe collection",Recipe from review of recipe collection,DR,15-423,Updated 2014,
15-701,15-701,1,447,"Broccoli in cheese sauce, made with skimmed milk, homemade","broccoli in cheese sauce, made with skimmed milk, homemade recipe from review of recipe collection",Recipe from review of recipe collection,DR,15-424,Updated 2014,
15-702,15-702,1,448,"Broccoli in cheese sauce, made with whole milk, homemade","broccoli in cheese sauce, made with whole milk, homemade recipe from review of recipe collection",Recipe from review of recipe collection,DR,15-422,Updated 2014,
13-583,13-583,1,449,"Broccoli, green, boiled in salted water","broccoli, green, boiled in salted water 22 samples, autumn and winter, uk grown and imported, pre-packed and loose","22 samples, autumn and winter, UK grown and imported, pre-packed and loose",DG,13-171,"DH, Nutrient analysis of fresh and processed fruit and vegetables, 2013",
13-503,13-503,1,450,"Broccoli, green, boiled in unsalted water","broccoli, green, boiled in unsalted water as raw, boiled for 3-8 minutes, calabrese","As raw, boiled for 3-8 minutes, Calabrese",DG,13-172,"DH, Nutrient analysis of fruit and vegetables, 2013",
13-502,13-502,1,451,"Broccoli, green, raw","broccoli, green, raw 22 samples, autumn and winter, uk grown and imported, pre-packed and loose, calabrese","22 samples, autumn and winter, UK grown and imported, pre-packed and loose, Calabrese",DG,13-170,"DH, Nutrient analysis of fruit and vegetables, 2013",
13-504,13-504,1,452,"Broccoli, green, steamed","broccoli, green, steamed as raw, steamed for 3-9 minutes, calabrese","As raw, steamed for 3-9 minutes, Calabrese",DG,,"DH, Nutrient analysis of fruit and vegetables, 2013",
13-176,13-176,1,453,"Broccoli, purple sprouting, boiled in unsalted water","broccoli, purple sprouting, boiled in unsalted water based on boiled in salted water",Based on boiled in salted water,DG,,"IFR, The nutritional composition of retail vegetables in the UK, 1984-1987",
13-174,13-174,1,454,"Broccoli, purple sprouting, raw","broccoli, purple sprouting, raw tough stems and coarse leaves removed",Tough stems and coarse leaves removed,DG,,"IFR, The nutritional composition of retail vegetables in the UK, 1984-1987",
17-706,17-706,1,455,Brown fruity sauce,"brown fruity sauce 10 bottles, 4 brands","10 bottles, 4 brands",WCN,17-293,"LFRA, Nutrient analysis of miscellaneous foods, 1992; and industry data, 2013",
17-678,17-678,1,456,"Brown sauce, reduced salt/sugar","brown sauce, reduced salt/sugar estimated from brown sauce and label data",Estimated from brown sauce and label data,WCN,,"LFRA, Nutrient analysis of miscellaneous foods, 1992; and industry data, 2013",
11-1127,11-1127,1,457,"Brownies, chocolate, homemade","brownies, chocolate, homemade recipe",Recipe,AN,,Updated 2014,
13-630,13-630,1,458,"Brussels sprouts, boiled in unsalted water","brussels sprouts, boiled in unsalted water 11 samples, uk, including standard, peeled and baby. base trimmed and outer leaves removed, boiled for 4-10 minutes","11 samples, UK, including standard, peeled and baby. Base trimmed and outer leaves removed, boiled for 4-10 minutes",DG,13-179,"PHE, Nutrient analysis of fresh and processed fruit and vegetables with respect to fibre, 2017",
13-177,13-177,1,459,"Brussels sprouts, raw","brussels sprouts, raw base trimmed, outer leaves removed","Base trimmed, outer leaves removed",DG,50-746,"Reviewed 2013. IFR, The nutritional composition of retail vegetables in the UK, 1984-1987. Vitamin K1 from Bolton-Smith et al Br.J. Nutr.83, 2000",
15-704,15-704,1,460,"Bubble and squeak, fried in rapeseed oil, homemade","bubble and squeak, fried in rapeseed oil, homemade fried cabbage and potato. recipe from wiles et al, 1980","Fried cabbage and potato. Recipe from Wiles et al, 1980",DR,15-383,Updated 2014,
15-703,15-703,1,461,"Bubble and squeak, fried in sunflower oil, homemade","bubble and squeak, fried in sunflower oil, homemade fried cabbage and potato. recipe from wiles et al, 1980","Fried cabbage and potato. Recipe from Wiles et al, 1980",DR,15-426,Updated 2014,
11-006,11-006,1,462,"Buckwheat, groats","buckwheat, groats literature sources",Literature sources,AA,,"Cereals and Cereal Products Supplement, 1988. Reviewed 2014",
17-823,17-823,1,463,"Build up, powder, shake, assorted flavours","build up, powder, shake, assorted flavours manufacturer's data (nestlé). average of chocolate, strawberry, banana and vanilla flavours","Manufacturer's data (Nestlé). Average of chocolate, strawberry, banana and vanilla flavours",PAA,17-534,Industry data 2013; some minerals estimated from MW5,
17-728,17-728,1,464,"Build-up powder, soup, assorted flavours","build-up powder, soup, assorted flavours manufacturer's data (nestlé). average of chicken, vegetable, tomato and potato & leek flavours","Manufacturer's data (Nestlé). Average of chicken, vegetable, tomato and potato & leek flavours",PAA,17-535,"Industry data, 2013",
19-651,19-651,1,465,"Burger, beef, 62-85% beef, raw","burger, beef, 62-85% beef, raw 10 samples, 6 brands containing onion, frozen and chilled","10 samples, 6 brands containing onion, frozen and chilled",MBG,19-042,"LGC, Analytical survey of meat products, 1990-1991; and industry data, 2013",
19-546,19-546,1,466,"Burger, beef, 62-85%, beef, grilled","burger, beef, 62-85%, beef, grilled beefburgers with added onion. 10 samples, 6 brands, frozen and chilled","Beefburgers with added onion. 10 samples, 6 brands, frozen and chilled",MBG,19-043,"LGC, Analytical survey of meat products, 1990-1991; and industry data, 2013",
19-490,19-490,1,467,"Burger, beef, 98-99% beef, fried in vegetable oil","burger, beef, 98-99% beef, fried in vegetable oil 8 samples, 3 brands, chilled and frozen","8 samples, 3 brands, chilled and frozen",MBG,19-029,"LGC, Analytical survey of meat products, 1990-1991; and industry data, 2013. Fibre estimated from product labels",
19-491,19-491,1,468,"Burger, beef, 98-99% beef, grilled","burger, beef, 98-99% beef, grilled 8 samples, 3 brands, chilled and frozen","8 samples, 3 brands, chilled and frozen",MBG,19-030,"LGC, Analytical survey of meat products, 1990-1991; and industry data, 2013. Fibre estimated from product labels",
19-492,19-492,1,469,"Burger, beef, 98-99% beef, raw","burger, beef, 98-99% beef, raw 8 samples, 3 brands, chilled and frozen","8 samples, 3 brands, chilled and frozen",MBG,19-309 50-503,"LGC, Analytical survey of meat products, 1990-1991; and industry data, 2013. Fibre estimated from product labels",
19-553,19-553,1,470,"Burger, beef, fried in rapeseed oil, homemade","burger, beef, fried in rapeseed oil, homemade recipe",Recipe,MR,19-354,Updated 2014,
19-555,19-555,1,471,"Burger, beef, grilled, homemade","burger, beef, grilled, homemade recipe",Recipe,MR,19-356,Updated 2014,
19-554,19-554,1,472,"Burger, beef, with bun, fried in rapeseed oil, homemade","burger, beef, with bun, fried in rapeseed oil, homemade recipe",Recipe,MR,19-356,Updated 2014,
19-556,19-556,1,473,"Burger, beef, with bun, grilled, homemade","burger, beef, with bun, grilled, homemade recipe",Recipe,MR,19-357,Updated 2014,
19-493,19-493,1,474,"Burger, Big Mac, takeaway","burger, big mac, takeaway includes two beefburgers, bun, sauce, cheese, lettuce, onions and pickles","Includes two beefburgers, bun, sauce, cheese, lettuce, onions and pickles",MBG,19-310,"Industry data (McDonald's), 2013",
19-545,19-545,1,475,"Burger, cheeseburger, takeaway","burger, cheeseburger, takeaway includes beefburger, bun, cheese, mustard, ketchup, onions and pickles","Includes beefburger, bun, cheese, mustard, ketchup, onions and pickles",MBG,19-314,"Industry data, 1998, 2013; and calculated from ingredients",
19-315,19-315,1,476,"Burger, chicken, takeaway","burger, chicken, takeaway includes chicken burger, bun, lettuce and mayonnaise","Includes chicken burger, bun, lettuce and mayonnaise",MBG,19-041,"Reviewed 2013. Meat Products and Dishes Supplement, 1996. Proximates as weighted average of manufacturer data (McDonalds, KFC, Wimpy (5:4:1))",
18-502,18-502,1,477,"Burger, chicken/turkey, coated, retail, grilled","burger, chicken/turkey, coated, retail, grilled 10 samples, 7 products, breaded and battered","10 samples, 7 products, breaded and battered",MCA,,"DH, Nutrient analysis of a range of processed foods with particular reference to trans fatty acids, 2013",
19-544,19-544,1,478,"Burger, hamburger, takeaway","burger, hamburger, takeaway includes bun, beefburger, mayonnaise, lettuce, tomato, ketchup, onions and pickles","Includes bun, beefburger, mayonnaise, lettuce, tomato, ketchup, onions and pickles",MBG,19-311,"Industry data (Burger King), 2013; and calculation from ingredient proportions",
19-487,19-487,1,479,"Burger, Quarter Pounder with cheese, takeaway","burger, quarter pounder with cheese, takeaway portion includes a quarter pound beefburger, ketchup, mustard, onions, pickles and slice of cheese","Portion includes a quarter pound beefburger, ketchup, mustard, onions, pickles and slice of cheese",MBG,19-312,"Industry data (McDonald's), 2013",
19-514,19-514,1,480,"Burger, Whopper, takeaway","burger, whopper, takeaway portion includes bun, beefburger, mayonnaise, lettuce, tomato, ketchup, onions and pickles","Portion includes bun, beefburger, mayonnaise, lettuce, tomato, ketchup, onions and pickles",MBG,19-313,"Industry data (Burger King), 2013; and calculation from ingredient proportions",
17-685,17-685,1,481,"Butter, salted","butter, salted average of uk/irish, danish, french, new zealand","Average of UK/Irish, Danish, French, New Zealand",OA,17-485,"LGC, Nutrient analysis of ‘other’ milk and cream, 1998; and industry data, 2013. Fats and fatty acids as Fatty Acid Supplement 17-013, 1998. Vitamin K1 Bolton-Smith et al, Br J Nutr, 83, 2000",
17-655,17-655,1,482,"Butter, spreadable (75-80% fat)","butter, spreadable (75-80% fat) 9 samples, 7 products, containing butter and vegetable oil, including anchor, lurpak, country life and own brand equivalents","9 samples, 7 products, containing butter and vegetable oil, including Anchor, Lurpak, Country Life and own brand equivalents",OA,17-486,"DH, Nutrient analysis of a range of processed foods with particular reference to trans fatty acids, 2011",
17-656,17-656,1,483,"Butter, spreadable, light (60% fat)","butter, spreadable, light (60% fat) 11 samples, 7 products, containing vegetable oil, including anchor lighter, lurpak lighter, country life lighter and own brand equivalents","11 samples, 7 products, containing vegetable oil, including Anchor Lighter, Lurpak Lighter, Country Life Lighter and own brand equivalents",OA,,"DH, Nutrient analysis of a range of processed foods with particular reference to trans fatty acids, 2011",
17-661,17-661,1,484,"Butter, unsalted","butter, unsalted average of uk/irish, danish, french, new zealand","Average of UK/Irish, Danish, French, New Zealand",OA,,"LGC, Nutrient analysis of ‘other’ milk and cream, 1998. Fats and fatty acids as FA Supplement 17-013, 1998. Vitamin K1 Bolton-Smith et al, Br J Nutr, 83, 2000",
17-001,17-001,1,485,"Butteroil, unsalted","butteroil, unsalted calculated from butter",Calculated from butter,OB,,"Miscellaneous Foods Supplement, 1994",
19-631,19-631,1,486,"Cabbage leaves, stuffed with lamb and rice, homemade","cabbage leaves, stuffed with lamb and rice, homemade recipe",Recipe,MR,19-437,Updated 2014,
13-581,13-581,1,487,"Cabbage, average, boiled in unsalted water","cabbage, average, boiled in unsalted water average of green and white cabbage",Average of green and white cabbage,DG,,"DH, Nutrient analysis of fruit and vegetables, 2013",
13-582,13-582,1,488,"Cabbage, average, raw","cabbage, average, raw average of white (13-509) and green (13-510) cabbage",Average of white (13-509) and green (13-510) cabbage,DG,13-468,"DH, Nutrient analysis of fruit and vegetables, 2013",
13-187,13-187,1,489,"Cabbage, Chinese, raw","cabbage, chinese, raw base trimmed, outer leaves removed","Base trimmed, outer leaves removed",DG,,"IFR, The nutritional composition of retail vegetables in the UK, 1984-1987",
13-511,13-511,1,490,"Cabbage, green, boiled in unsalted water","cabbage, green, boiled in unsalted water as raw, boiled for 4-8 minutes","As raw, boiled for 4-8 minutes",DG,13-444,"DH, Nutrient analysis of fruit and vegetables, 2013",
13-510,13-510,1,491,"Cabbage, green, raw","cabbage, green, raw 22 samples, autumn and winter, uk grown and imported, pre-packed and loose","22 samples, autumn and winter, UK grown and imported, pre-packed and loose",DG,13-468,"DH, Nutrient analysis of fruit and vegetables, 2013",
13-540,13-540,1,492,"Cabbage, red, boiled in unsalted water","cabbage, red, boiled in unsalted water outer leaves and stem removed. shredded and boiled 19 minutes, based on boiled in salted water","Outer leaves and stem removed. Shredded and boiled 19 minutes, based on boiled in salted water",DG,,"Reviewed 2013. IFR, The nutritional composition of retail vegetables in the UK, 1984-1987",
15-705,15-705,1,493,"Cabbage, red, cooked with apple","cabbage, red, cooked with apple recipe from literature sources",Recipe from literature sources,DR,15-427,Updated 2014,
13-190,13-190,1,494,"Cabbage, red, raw","cabbage, red, raw outer leaves and stem removed",Outer leaves and stem removed,DG,,"IFR, The nutritional composition of retail vegetables in the UK, 1984-1987",
13-584,13-584,1,495,"Cabbage, white, boiled in unsalted water","cabbage, white, boiled in unsalted water calculated from 13-509 using dry matter weights",Calculated from 13-509 using dry matter weights,DG,,"DH, Nutrient analysis of fruit and vegetables, 2013",
13-509,13-509,1,496,"Cabbage, white, raw","cabbage, white, raw 19 samples, autumn and winter, uk grown and imported, pre-packed and loose","19 samples, autumn and winter, UK grown and imported, pre-packed and loose",DG,13-445,"DH, Nutrient analysis of fruit and vegetables, 2013",
11-740,11-740,1,497,"Cake bars, chocolate","cake bars, chocolate 10 samples, 10 products, including chocolate chip, galaxy, milky way, penguin and crunchie","10 samples, 10 products, including chocolate chip, Galaxy, Milky Way, Penguin and Crunchie",AN,,"Direct Laboratories, Nutrient analysis catch up project, 2003",
11-916,11-916,1,498,Cake rusks,"cake rusks south asian sweet bread, 6 samples, ethnic food store","South Asian sweet bread, 6 samples, ethnic food store",AM,,"University of Leeds, Nutritional analysis of commonly consumed South Asian foods in the UK, 2007",
11-835,11-835,1,499,"Cake, battenberg, retail","cake, battenberg, retail 10 samples, 4 products, including standard and mini cakes","10 samples, 4 products, including standard and mini cakes",AN,11-574,"DH, Nutrient analysis of biscuits, buns, cakes and pastries, 2011",
11-836,11-836,1,500,"Cake, carrot, iced, retail","cake, carrot, iced, retail 10 samples, 8 products, including plain carrot and products with orange and walnuts","10 samples, 8 products, including plain carrot and products with orange and walnuts",AN,,"DH, Nutrient analysis of biscuits, buns, cakes and pastries, 2011; and industry data, 2013",
11-1041,11-1041,1,501,"Cake, carrot, with topping, homemade","cake, carrot, with topping, homemade recipe, with topping","Recipe, with topping",AN,11-616,Based on Mary Berry's ultimate cake book. Recalculated 2014,
11-1044,11-1044,1,502,"Cake, cherry, homemade","cake, cherry, homemade recipe",Recipe,AN,11-640,Recalculated 2014,
11-527,11-527,1,503,"Cake, chocolate fudge","cake, chocolate fudge 12 samples, 6 brands. mixture of fresh and frozen","12 samples, 6 brands. Mixture of fresh and frozen",AN,,"ADAS Laboratories, Nutrient analysis of ice creams and desserts, 1999",
11-1046,11-1046,1,504,"Cake, chocolate, not filled, homemade","cake, chocolate, not filled, homemade recipe",Recipe,AN,11-641,Recalculated 2014,
11-1047,11-1047,1,505,"Cake, chocolate, with butter icing, homemade","cake, chocolate, with butter icing, homemade recipe",Recipe,AN,11-642,Recalculated 2014,
11-830,11-830,1,506,"Cake, chocolate, with filling and icing, retail","cake, chocolate, with filling and icing, retail 10 samples, 7 products, including celebration cakes, tray bakes and layer cakes","10 samples, 7 products, including celebration cakes, tray bakes and layer cakes",AN,,"DH, Nutrient analysis of biscuits, buns, cakes and pastries, 2011",
11-1053,11-1053,1,507,"Cake, coconut, homemade","cake, coconut, homemade recipe",Recipe,AN,11-643,Updated 2014,
11-829,11-829,1,508,"Cake, fruit, retail","cake, fruit, retail 10 samples, 9 products, including genoa, sultana and cherry slab, manor house and country slices","10 samples, 9 products, including Genoa, sultana and cherry slab, Manor House and country slices",AN,11-529,"DH, Nutrient analysis of biscuits, buns, cakes and pastries, 2011",
11-1005,11-1005,1,509,"Cake, fruit, rich, homemade","cake, fruit, rich, homemade recipe",Recipe,AN,11-577,Recalculated in 2013,
11-991,11-991,1,510,"Cake, fruit, rich, iced, homemade","cake, fruit, rich, iced, homemade with marzipan and royal icing. recipe",With marzipan and royal icing. Recipe,AN,11-578,Recalculated in 2013,
11-1072,11-1072,1,511,"Cake, fruit, wholemeal, homemade","cake, fruit, wholemeal, homemade recipe",Recipe,AN,11-579,Updated 2014,
11-1090,11-1090,1,512,"Cake, lardy, homemade","cake, lardy, homemade recipe",Recipe,AN,11-645,Updated 2014,
11-833,11-833,1,513,"Cake, loaf, retail","cake, loaf, retail 7 samples, 2 products, including ginger and golden syrup","7 samples, 2 products, including ginger and golden syrup",AN,,"DH, Nutrient analysis of biscuits, buns, cakes and pastries, 2011",
11-957,11-957,1,514,"Cake, sponge, fatless, homemade","cake, sponge, fatless, homemade not filled recipe",Not filled recipe,AN,11-581,As MW6. Recalculated in 2013.,
11-956,11-956,1,515,"Cake, sponge, homemade","cake, sponge, homemade not filled. recipe",Not filled. Recipe,AN,11-580,Updated 2014,
11-832,11-832,1,516,"Cake, sponge, soft iced, retail","cake, sponge, soft iced, retail 10 samples, 8 products, including angel cake, madeira and lemon drizzle","10 samples, 8 products, including angel cake, Madeira and lemon drizzle",AN,,"DH, Nutrient analysis of biscuits, buns, cakes and pastries, 2011",
11-1118,11-1118,1,517,"Cake, sponge, with butter icing, homemade","cake, sponge, with butter icing, homemade recipe",Recipe,AN,11-647,Updated 2014,
11-532,11-532,1,518,"Cake, sponge, with dairy cream and jam, frozen","cake, sponge, with dairy cream and jam, frozen 10 samples, 8 brands","10 samples, 8 brands",AN,11-215,"ADAS Laboratories, Nutrient analysis of ice creams and desserts, 1999",
11-831,11-831,1,519,"Cake, sponge, with jam and butter cream, retail","cake, sponge, with jam and butter cream, retail 10 samples, 8 products, including sandwich and swiss roll","10 samples, 8 products, including sandwich and Swiss roll",AN,,"DH, Nutrient analysis of biscuits, buns, cakes and pastries, 2011; and industry data, 2013",
11-1125,11-1125,1,520,"Cake, Swiss roll, homemade","cake, swiss roll, homemade recipe",Recipe,AN,11-648,Updated 2014,
11-834,11-834,1,521,"Cake, Swiss rolls, chocolate covered and filled, retail","cake, swiss rolls, chocolate covered and filled, retail 10 samples, 5 products, including large, individual and bite-sized rolls","10 samples, 5 products, including large, individual and bite-sized rolls",AN,11-533,"DH, Nutrient analysis of biscuits, buns, cakes and pastries, 2011",
11-840,11-840,1,522,Cakes from 'healthy eating' ranges,"cakes from 'healthy eating' ranges 10 samples, 7 products, including carrot, lemon and apple slices","10 samples, 7 products, including carrot, lemon and apple slices",AN,,"DH, Nutrient analysis of biscuits, buns, cakes and pastries, 2011; and industry data, 2013",
11-990,11-990,1,523,"Cakes, crispie, homemade","cakes, crispie, homemade chocolate recipe",Chocolate recipe,AN,11-576,Recalculated in 2013,
11-839,11-839,1,524,"Cakes, fancy iced, individual, retail","cakes, fancy iced, individual, retail 10 samples, 8 products, including french and fondant fancies, cup cakes, fairy cakes, angel and lemon slices","10 samples, 8 products, including French and fondant fancies, cup cakes, fairy cakes, angel and lemon slices",AN,,"DH, Nutrient analysis of biscuits, buns, cakes and pastries, 2011",
16-404,16-404,1,525,"Calamari, coated in batter, baked","calamari, coated in batter, baked 5 samples, 2 products, frozen","5 samples, 2 products, frozen",JM,16-266 16-265,"DH, Nutrient analysis of fish and fish products, 2013",
15-706,15-706,1,526,"Callaloo and cho cho, homemade","callaloo and cho cho, homemade west indian dish. spinach and cho cho. recipe from a personal collection",West Indian dish. Spinach and cho cho. Recipe from a personal collection,DR,15-426,Updated 2014,
15-707,15-707,1,527,"Callaloo and okra, homemade","callaloo and okra, homemade west indian dish. spinach and okra. recipe from a personal collection",West Indian dish. Spinach and okra. Recipe from a personal collection,DR,15-429,Updated 2014,
15-708,15-708,1,528,"Cannelloni, spinach, homemade","cannelloni, spinach, homemade recipe, pasta tubes with spinach and ricotta filling. recipe from dietary survey records","Recipe, Pasta tubes with spinach and ricotta filling. Recipe from dietary survey records",DR,15-430,Updated 2014,
15-709,15-709,1,529,"Cannelloni, vegetable, homemade","cannelloni, vegetable, homemade pasta tubes with mixed vegetable filling. recipe from dietary survey records",Pasta tubes with mixed vegetable filling. Recipe from dietary survey records,DR,15-367,Updated 2014,
17-649,17-649,1,530,"Caramel bars and sweets, chocolate covered","caramel bars and sweets, chocolate covered 10 samples, 6 brands, including cadbury's caramel, curly wurly, rolo, galaxy caramel, toffee poppets and own brands","10 samples, 6 brands, including Cadbury's Caramel, Curly Wurly, Rolo, Galaxy Caramel, Toffee Poppets and own brands",SEA,,"DH, Nutrient analysis of a range of processed foods with particular reference to trans fatty acids, 2013",
13-808,13-808,1,531,Caraway seeds,caraway seeds literature sources,Literature sources,H,,"Marsh et al. (1977) Composition of foods: spices and herbs, raw, processed and prepared, Agriculture Handbook No. 8-2",
19-558,19-558,1,532,"Carbonnade of Beef, homemade","carbonnade of beef, homemade recipe",Recipe,MR,19-378,Updated 2014,
13-809,13-809,1,533,"Cardamom, ground","cardamom, ground literature sources",Literature sources,H,,"Vegetables, Herbs and Spices Supplement, 1991",
16-172,16-172,1,534,"Carp, raw","carp, raw literature sources",Literature sources,JA,,"Fish and Fish Products Supplement, 1993",
13-607,13-607,1,535,Carrot juice,"carrot juice 7 samples, 3 brands. bottles and cartons","7 samples, 3 brands. Bottles and cartons",DG,13-199,"LGC, Fruit and vegetables, 1989-1990; industry data, 2014; and calculated from raw carrots",
13-497,13-497,1,536,"Carrots, old, boiled in unsalted water","carrots, old, boiled in unsalted water as raw, boiled for 5-10 minutes","As raw, boiled for 5-10 minutes",DG,13-447,"DH, Nutrient analysis of fruit and vegetables, 2013",
13-498,13-498,1,537,"Carrots, old, microwaved","carrots, old, microwaved as raw, cooked for 3-8 minutes","As raw, cooked for 3-8 minutes",DG,,"DH, Nutrient analysis of fruit and vegetables, 2013",
13-496,13-496,1,538,"Carrots, old, raw","carrots, old, raw 22 samples, autumn and winter, uk grown, pre-packed and loose, top and tailed, peeled and not peeled","22 samples, autumn and winter, UK grown, pre-packed and loose, top and tailed, peeled and not peeled",DG,13-446,"DH, Nutrient analysis of fruit and vegetables, 2013",
13-449,13-449,1,539,"Carrots, young, boiled in unsalted water","carrots, young, boiled in unsalted water ends trimmed, scrubbed, sliced and boiled 15 minutes","Ends trimmed, scrubbed, sliced and boiled 15 minutes",DG,13-205 50-757,"Reviewed 2013. IFR, The nutritional composition of retail vegetables in the UK, 1984-1987; carotenoids from LGC 'Determination of cis carotenoids in foodstuffs' 1997. Vitamin K1 from Bolton-Smith et al Br.J. Nutr.83, 2000",
13-565,13-565,1,540,"Carrots, young, canned in water, re-heated, drained","carrots, young, canned in water, re-heated, drained 10 cans, 5 brands, no added salt","10 cans, 5 brands, no added salt",DG,,"LGC, Canned and other processed vegetable products survey, 1985; and industry data, 2013. Carotenoids from LGC 'Determination of cis carotenoids in foodstuffs' 1997",
13-448,13-448,1,541,"Carrots, young, raw","carrots, young, raw ends trimmed, scrubbed","Ends trimmed, scrubbed",DG,13-023 50-756,"Reviewed 2013. IFR, The nutritional composition of retail vegetables in the UK, 1984-1987; carotenoids from LGC 'Determination of cis carotenoids in foodstuffs' 1997. Vitamin K1 from Bolton-Smith et al Br.J. Nutr.83, 2000",
14-060,14-060,1,542,"Cashew fruit, flesh only","cashew fruit, flesh only literature sources",Literature sources,FA,,"Fruit and Nuts Supplement, 1992",
14-811,14-811,1,543,"Cashew nuts, kernel only, plain","cashew nuts, kernel only, plain 20 samples, whole and broken kernels","20 samples, whole and broken kernels",GA,,"LGC, Savoury snacks and nuts, 1989-1991",
14-812,14-812,1,544,"Cashew nuts, kernel only, roasted and salted","cashew nuts, kernel only, roasted and salted 10 samples, kernels only","10 samples, kernels only",GA,50-976,"Reviewed 2013. LGC, Savoury snacks and nuts, 1989-1991",
13-209,13-209,1,545,"Cassava, baked","cassava, baked literature sources and calculation from raw",Literature sources and calculation from raw,DG,,"Vegetables, Herbs and Spices Supplement, 1991",
13-210,13-210,1,546,"Cassava, boiled in unsalted water","cassava, boiled in unsalted water literature sources and calculation from raw",Literature sources and calculation from raw,DG,,"Vegetables, Herbs and Spices Supplement, 1991",
13-212,13-212,1,547,"Cassava, frozen, raw","cassava, frozen, raw 5 samples (proscana)",5 samples (Proscana),DG,,"Vegetables, Herbs and Spices Supplement, 1991",
13-208,13-208,1,548,"Cassava, raw","cassava, raw literature sources",Literature sources,DG,,"Vegetables, Herbs and Spices Supplement, 1991",
13-211,13-211,1,549,"Cassava, steamed","cassava, steamed literature sources and calculation from raw",Literature sources and calculation from raw,DG,,"Vegetables, Herbs and Spices Supplement, 1991",
15-712,15-712,1,550,"Casserole, bean and mixed vegetable, homemade","casserole, bean and mixed vegetable, homemade recipe adapted from a recipe from leeds polytechnic.",Recipe adapted from a recipe from Leeds Polytechnic.,DR,15-431,Updated 2014,
15-713,15-713,1,551,"Casserole, bean and root vegetable, homemade","casserole, bean and root vegetable, homemade recipe from dietary survey records. mixed beans and vegetables",Recipe from dietary survey records. Mixed beans and vegetables,DR,15-432,Updated 2014,
19-470,19-470,1,552,"Casserole, beef, made with cook-in sauce","casserole, beef, made with cook-in sauce recipe",Recipe,MR,19-332,Updated 2013,
19-612,19-612,1,553,"Casserole, pork and apple, homemade","casserole, pork and apple, homemade recipe",Recipe,MR,19-414,Updated 2014,
19-536,19-536,1,554,"Casserole, pork, made with cook-in sauce","casserole, pork, made with cook-in sauce recipe",Recipe,MR,19-348,Updated 2013,
19-623,19-623,1,555,"Casserole, rabbit, homemade","casserole, rabbit, homemade recipe",Recipe,MR,19-431,Updated 2014,
19-484,19-484,1,556,"Casserole, sausage, homemade","casserole, sausage, homemade recipe",Recipe,MR,19-351,Updated 2013,
15-714,15-714,1,557,"Casserole, sweet potato and green banana, homemade","casserole, sweet potato and green banana, homemade recipe. west indian dish. recipe from a personal collection",Recipe. West Indian dish. Recipe from a personal collection,DR,15-433,Updated 2014,
15-638,15-638,1,558,"Casserole, vegetable, homemade","casserole, vegetable, homemade recipe from dietary survey records",Recipe from dietary survey records,DR,15-368,Updated 2013,
16-008,16-008,1,559,"Catfish, flesh only, steamed","catfish, flesh only, steamed middle cuts",Middle cuts,JA,,"Fish and Fish Products Supplement, 1993",
16-009,16-009,1,560,"Catfish, flesh only, steamed, weighed with bones","catfish, flesh only, steamed, weighed with bones calculated from steamed 16-008",Calculated from steamed 16-008,JA,,"Fish and Fish Products Supplement, 1993",
16-007,16-007,1,561,"Catfish, raw","catfish, raw literature sources",Literature sources,JA,,"Fish and Fish Products Supplement, 1993",
15-639,15-639,1,562,"Cauliflower cheese, made with semi-skimmed milk, homemade","cauliflower cheese, made with semi-skimmed milk, homemade recipe",Recipe,DR,15-369,Updated 2013,
15-710,15-710,1,563,"Cauliflower cheese, made with skimmed milk, homemade","cauliflower cheese, made with skimmed milk, homemade recipe",Recipe,DR,15-434,Updated 2014,
15-711,15-711,1,564,"Cauliflower cheese, made with whole milk, homemade","cauliflower cheese, made with whole milk, homemade recipe",Recipe,DR,15-384,Updated 2014,
15-637,15-637,1,565,"Cauliflower cheese, retail","cauliflower cheese, retail recipe and industry data",Recipe and industry data,DR,,"Industry data, 2013; and recipe (15-384)",
15-715,15-715,1,566,"Cauliflower in white sauce, made with semi-skimmed milk, homemade","cauliflower in white sauce, made with semi-skimmed milk, homemade recipe",Recipe,DR,15-436,Updated 2014,
15-716,15-716,1,567,"Cauliflower in white sauce, made with skimmed milk, homemade","cauliflower in white sauce, made with skimmed milk, homemade recipe",Recipe,DR,15-437,Updated 2014,
15-717,15-717,1,568,"Cauliflower in white sauce, made with whole milk, homemade","cauliflower in white sauce, made with whole milk, homemade recipe",Recipe,DR,15-435,Updated 2014,
15-718,15-718,1,569,"Cauliflower with onions and chilli pepper, homemade","cauliflower with onions and chilli pepper, homemade recipe, bangladeshi dish","Recipe, Bangladeshi dish",DR,15-438,Updated 2014,
13-513,13-513,1,570,"Cauliflower, boiled in unsalted water","cauliflower, boiled in unsalted water as raw, boiled for 4-8 minutes","As raw, boiled for 4-8 minutes",DG,13-217,"DH, Nutrient analysis of fruit and vegetables, 2013",
13-512,13-512,1,571,"Cauliflower, raw","cauliflower, raw 22 samples, autumn and winter, uk grown and imported, pre-packed and loose","22 samples, autumn and winter, UK grown and imported, pre-packed and loose",DG,13-215,"DH, Nutrient analysis of fruit and vegetables, 2013",
16-272,16-272,1,572,"Caviare, bottled in brine, drained","caviare, bottled in brine, drained literature sources. lumpfish roe",Literature sources. Lumpfish roe,JR,,"Lewis and English (1990) Composition of Foods Australia. Vol. 3, Dairy Products, Eggs and Fish. Department of Community Services and Health, and literature sources",
13-585,13-585,1,573,"Celeriac, boiled in unsalted water","celeriac, boiled in unsalted water as raw; diced and boiled 20 minutes, calculated from boiled in salted water","As raw; diced and boiled 20 minutes, calculated from boiled in salted water",DG,,"IFR, The nutritional composition of retail vegetables in the UK, 1984-1987",
13-219,13-219,1,574,"Celeriac, raw","celeriac, raw top and root trimmed, peeled","Top and root trimmed, peeled",DG,,"IFR, The nutritional composition of retail vegetables in the UK, 1984-1987",
13-810,13-810,1,575,Celery seeds,celery seeds literature sources,Literature sources,H,,"Marsh et al. (1977) Composition of foods: spices and herbs, raw, processed and prepared, Agriculture Handbook No. 8-2",
13-637,13-637,1,576,"Celery, boiled in unsalted water","celery, boiled in unsalted water calculated from raw. water analysed, 2017. 11 samples, uk, including whole heads, hearts and sticks, stem only. sliced and boiled for 5-10 minutes","Calculated from raw. Water analysed, 2017. 11 samples, UK, including whole heads, hearts and sticks, stem only. Sliced and boiled for 5-10 minutes",DG,13-544,"PHE, Nutrient analysis of fresh and processed fruit and vegetables with respect to fibre, 2017",
13-636,13-636,1,577,"Celery, raw","celery, raw 11 samples, uk, including whole heads, hearts and sticks, stem only","11 samples, UK, including whole heads, hearts and sticks, stem only",DG,13-451,"PHE, Nutrient analysis of fresh and processed fruit and vegetables with respect to fibre, 2017",
11-819,11-819,1,578,"Cereal bars, with fruit and/or nuts, no chocolate, unfortified","cereal bars, with fruit and/or nuts, no chocolate, unfortified 5 samples, 5 products, including jordan's frusli and alpen chewy bars","5 samples, 5 products, including Jordan's frusli and Alpen chewy bars",AM,17-103 17-494,"DH, Nutrient analysis of biscuits, buns, cakes and pastries, 2011",
11-818,11-818,1,579,"Cereal bars, with fruit and/or nuts, with chocolate, unfortified","cereal bars, with fruit and/or nuts, with chocolate, unfortified 5 samples, 4 products, including cadbury brunch, tracker cereal and alpen cereal bars","5 samples, 4 products, including Cadbury Brunch, Tracker cereal and Alpen cereal bars",AM,17-103 17-494,"DH, Nutrient analysis of biscuits, buns, cakes and pastries, 2011",
11-987,11-987,1,580,"Chapatis, made with fat, retail","chapatis, made with fat, retail 6 samples",6 samples,AF,11-458,"MW4, 1978; and industry data, 2013. Selenium from Analysis of foods for selenium (1994) MAFF Project 2B006. Fibre fractions from 11-074",
11-459,11-459,1,581,"Chapatis, made without fat","chapatis, made without fat analysed and calculated values",Analysed and calculated values,AF,11-075 50-036,Data from MW5 with selenium data from SAC Analysis of foods for Selenium 1994 MAFF Project 2B006. Fibre fractions from 11-075,
13-224,13-224,1,582,"Chard, Swiss, boiled in unsalted water","chard, swiss, boiled in unsalted water literature sources",Literature sources,DG,,"Haytowitz and Matthews (1984) Composition of foods: vegetables and vegetable products, raw, processed and prepared, Agricultural Handbook No. 8-11",
13-223,13-223,1,583,"Chard, Swiss, raw","chard, swiss, raw literature sources",Literature sources,DG,,"Haytowitz and Matthews (1984) Composition of foods: vegetables and vegetable products, raw, processed and prepared, Agricultural Handbook No. 8-11",
11-997,11-997,1,584,"Cheese and onion rolls, pastry, retail","cheese and onion rolls, pastry, retail oven-baked pastry, 3 brands","Oven-baked pastry, 3 brands",AT,11-550,"RHM, Nutrient analysis of manufactured foods for vegetarians, 1997; and industry data, 2013",
12-561,12-561,1,585,"Cheese pudding, homemade","cheese pudding, homemade recipe including breadcrumbs, milk, cheese and eggs","Recipe including breadcrumbs, milk, cheese and eggs",BV,12-456,Updated 2014,
17-665,17-665,1,586,"Cheese sauce, made with semi-skimmed milk, homemade","cheese sauce, made with semi-skimmed milk, homemade recipe",Recipe,WCD,17-522,Updated 2013,
17-773,17-773,1,587,"Cheese sauce, made with skimmed milk, homemade","cheese sauce, made with skimmed milk, homemade recipe",Recipe,WCD,17-568,Updated 2014,
17-775,17-775,1,588,"Cheese sauce, made with whole milk, homemade","cheese sauce, made with whole milk, homemade recipe",Recipe,WCD,17-521,Updated 2014,
17-666,17-666,1,589,"Cheese sauce, packet mix, made up with semi-skimmed milk, homemade","cheese sauce, packet mix, made up with semi-skimmed milk, homemade recipe",Recipe,WCD,17-524,Updated 2013,
17-780,17-780,1,590,"Cheese sauce, packet mix, made up with skimmed milk, homemade","cheese sauce, packet mix, made up with skimmed milk, homemade recipe",Recipe,WCD,17-569,Updated 2014,
17-781,17-781,1,591,"Cheese sauce, packet mix, made up with whole milk, homemade","cheese sauce, packet mix, made up with whole milk, homemade recipe",Recipe,WCD,17-523,Updated 2014,
12-540,12-540,1,592,"Cheese spread, plain","cheese spread, plain 20 samples, 7 brands, portions and tubs","20 samples, 7 brands, portions and tubs",BL,12-349,"Data from LGC 'Nutrient analysis of cheese' 1999, with missing values from 12-142. Selenium estimated from Analysis of foods for Selenium 1994 MAFF Project 2B006",
12-537,12-537,1,593,"Cheese spread, plain, reduced fat","cheese spread, plain, reduced fat 13 samples, 9 brands, portions and tubs","13 samples, 9 brands, portions and tubs",BL,12-350,"LGC, Nutritional analysis of foods commonly consumed by school children, 1995; fats calculated from cheese spread plain on a fat content basis; and selenium from Analysis of foods for Selenium 1994",
11-824,11-824,1,594,"Cheese straws/twists, retail","cheese straws/twists, retail 10 samples, 7 products, including cheese straws, twists and crispies","10 samples, 7 products, including cheese straws, twists and crispies",AM,,"DH, Nutrient analysis of biscuits, buns, cakes and pastries, 2011",
12-491,12-491,1,595,"Cheese, Brie, rind only","cheese, brie, rind only 10 samples, sampled in autumn and spring","10 samples, sampled in autumn and spring",BL,,"LGC, Nutrient analysis of cheese, 1999",
12-344,12-344,1,596,"Cheese, Brie, with outer rind removed","cheese, brie, with outer rind removed 20 samples",20 samples,BL,12-131 12-861 50-226,"Reviewed 2013. LGC, Nutrient analysis of cheese, 1999. Vitamin K1 Bolton-Smith et al, Br J Nutr, 83, 2000",
12-132,12-132,1,597,"Cheese, Caerphilly","cheese, caerphilly 10-20 samples",10-20 samples,BL,,"Milk Products and Eggs Supplement, 1989",
12-345,12-345,1,598,"Cheese, Camembert","cheese, camembert 18 samples",18 samples,BL,12-133 50-227,"Reviewed 2013. LGC, Nutrient analysis of cheese, 1999. Fats calculated from MW5 50-227 (1989) proportions, some vitamin values from MW5 50-227",
12-548,12-548,1,599,"Cheese, Cheddar type, '30% less fat'","cheese, cheddar type, '30% less fat' including cathedral city lighter, pilgrims choice lighter mature cheese and other/own brands","Including Cathedral City lighter, Pilgrims Choice lighter mature cheese and other/own brands",BL,,"Industry data, 2013; and LGC, Nutrient analysis of cheese, 1999 (from cheddar type, half fat)",
12-348,12-348,1,600,"Cheese, Cheddar type, half fat","cheese, cheddar type, half fat 16 samples",16 samples,BL,12-141 50-230,"LGC, Nutrient analysis of cheese, 1999. with inorganics and missing vitamins from MW5 50-230 (1989).",
12-346,12-346,1,601,"Cheese, Cheddar, English","cheese, cheddar, english 20 samples of english cheddar, including mild and mature, spring and autumn","20 samples of English cheddar, including mild and mature, spring and autumn",BL,12-134 50-228,"Reviewed 2013. LGC, Nutrient analysis of cheese, 1999. Vitamin K1 Bolton-Smith et al, Br J Nutr, 83, 2000",
12-539,12-539,1,602,"Cheese, cottage, plain","cheese, cottage, plain 16 samples",16 samples,BL,12-351,"LGC, Nutrient analysis of cheese, 1999; and industry data, 2013. Some vitamins and minerals estimated from cottage cheese, reduced fat, plain",
12-550,12-550,1,603,"Cheese, cottage, plain, reduced fat","cheese, cottage, plain, reduced fat 20 samples",20 samples,BL,12-352,"LGC, Nutrient analysis of cheese, 1999; and industry data, 2013. Fatty acids calculated from 50-234 (1991). Selenium from Analysis of foods for Selenium 1994 MAFF Project 2B006",
12-354,12-354,1,604,"Cheese, Danish blue","cheese, danish blue 18 samples",18 samples,BL,12-151 50-236,"Reviewed 2013. LGC, Nutrient analysis of cheese, 1999. Vitamin K1 Bolton-Smith et al, Br J Nutr, 83, 2000",
12-152,12-152,1,605,"Cheese, Derby","cheese, derby 10-14 samples",10-14 samples,BL,,"Milk Products and Eggs Supplement, 1989",
12-494,12-494,1,606,"Cheese, Dolcelatte, rind removed","cheese, dolcelatte, rind removed 7 samples, each sampled in spring and autumn","7 samples, each sampled in spring and autumn",BL,,"LGC, Nutrient analysis of cheese, 1999",
12-487,12-487,1,607,"Cheese, Double Gloucester","cheese, double gloucester 10 samples, sampled in spring and autumn","10 samples, sampled in spring and autumn",BL,12-153,"LGC, Nutrient analysis of cheese, 1999",
12-355,12-355,1,608,"Cheese, Edam","cheese, edam 20 samples",20 samples,BL,12-154 12-864 50-237,"Reviewed 2013. LGC, Nutrient analysis of cheese, 1999. Missing vitamin values from Milk Products and Eggs Supplement 12-154. Additional fatty acid data from a different sample is available in 12-864",
12-493,12-493,1,609,"Cheese, Emmental","cheese, emmental 9 samples, sampled in spring and autumn","9 samples, sampled in spring and autumn",BL,12-156,"LGC, Nutrient analysis of cheese, 1999",
12-525,12-525,1,610,"Cheese, Feta","cheese, feta 18 samples, made from sheeps and goats milk","18 samples, made from sheeps and goats milk",BL,12-356,"Milk Products and Eggs Supplement, 1989; and industry data, 2013. Selenium from Analysis of foods for Selenium 1994 MAFF Project 2B006",
12-357,12-357,1,611,"Cheese, goats milk, full fat, soft, white rind","cheese, goats milk, full fat, soft, white rind 16 samples, english and french","16 samples, English and French",BL,12-162,"Reviewed 2013. LGC, Nutrient analysis of cheese, 1999",
12-358,12-358,1,612,"Cheese, Gouda","cheese, gouda 18 samples",18 samples,BL,12-163 50-243,"Reviewed 2013. LGC, Nutrient analysis of cheese, 1999",
12-164,12-164,1,613,"Cheese, Gruyere","cheese, gruyere 10 samples",10 samples,BL,,"Milk Products and Eggs Supplement, 1989",
12-496,12-496,1,614,"Cheese, Halloumi","cheese, halloumi 9 samples, sampled in spring and autumn","9 samples, sampled in spring and autumn",BL,,"LGC, Nutrient analysis of cheese, 1999; and industry data, 2013",
12-604,12-604,1,615,"Cheese, hard, average","cheese, hard, average average of english cheddar, red leicester and double gloucester","Average of English Cheddar, Red Leicester and Double Gloucester",BL,12-359,"LGC, Nutrient analysis of cheese, 1999",
12-488,12-488,1,616,"Cheese, Lancashire","cheese, lancashire 10 samples, sampled in spring and autumn","10 samples, sampled in spring and autumn",BL,12-166,"LGC, Nutrient analysis of cheese, 1999",
12-490,12-490,1,617,"Cheese, Mascarpone","cheese, mascarpone 8 samples, sampled in spring and autumn","8 samples, sampled in spring and autumn",BL,,"LGC, Nutrient analysis of cheese, 1999",
12-360,12-360,1,618,"Cheese, Mozzarella, fresh","cheese, mozzarella, fresh 18 samples, soft, not grated","18 samples, soft, not grated",BL,12-170,"Reviewed 2013. LGC, Nutrient analysis of cheese, 1999","Grated in drums contains 48.8g water, 25g protein, 21.7g fat, 295kcal energy and 1228kJ energy per 100g"
12-495,12-495,1,619,"Cheese, Paneer","cheese, paneer 9 samples, sampled in spring and autumn","9 samples, sampled in spring and autumn",BL,,"LGC, Nutrient analysis of cheese, 1999",
12-526,12-526,1,620,"Cheese, Parmesan, fresh","cheese, parmesan, fresh 8 samples, wedges/freshly grated","8 samples, wedges/freshly grated",BL,12-361,"LGC, Nutrient analysis of cheese, 1999; and industry data, 2013","Grated in drums contains 19g water, 43.3g protein, 34.6g fat, 0.9g carbohydrate, 488 kcal energy and 2031 kJ per 100g"
12-492,12-492,1,621,"Cheese, Port Salut, St Paulin type","cheese, port salut, st paulin type 10 samples, sampled at spring and autumn","10 samples, sampled at spring and autumn",BL,,"LGC, Nutrient analysis of cheese, 1999",
12-527,12-527,1,622,"Cheese, processed, plain","cheese, processed, plain 20 samples, 7 brands","20 samples, 7 brands",BL,12-362,"LGC, Nutrient analysis of cheese, 1999; and industry data, 2013. Fats as Fatty Acids Supplement 12-866 and fat soluble vitamins as Milk Products and Eggs Supplement 12-172. Vitamin K1 Bolton-Smith et al, Br J Nutr, 83, 2000.",
12-549,12-549,1,623,"Cheese, processed, slices, reduced fat","cheese, processed, slices, reduced fat including dairylea light slices, kerry low low cheesy slices for burgers and other/own brands","Including Dairylea Light Slices, Kerry Low Low Cheesy Slices for Burgers and other/own brands",BL,12-363,"Industry data, 2013; and calculated from 12-363",
12-173,12-173,1,624,"Cheese, processed, smoked","cheese, processed, smoked 10 assorted varieties",10 assorted varieties,BL,,"Milk Products and Eggs Supplement, 1989",
12-174,12-174,1,625,"Cheese, Quark","cheese, quark skimmed milk soft cheese (magerquark), 10 samples","Skimmed milk soft cheese (Magerquark), 10 samples",BL,,"Milk Products and Eggs Supplement, 1989",
12-485,12-485,1,626,"Cheese, Red Leicester","cheese, red leicester 10 samples, sampled in spring and autumn","10 samples, sampled in spring and autumn",BL,12-167,"LGC, Nutrient analysis of cheese, 1999",
12-175,12-175,1,627,"Cheese, Red Windsor","cheese, red windsor 10 samples",10 samples,BL,,"Milk Products and Eggs Supplement, 1989.",
12-176,12-176,1,628,"Cheese, Ricotta","cheese, ricotta analysis and literature sources",Analysis and literature sources,BL,,"Milk Products and Eggs Supplement, 1989.",
12-177,12-177,1,629,"Cheese, Roquefort","cheese, roquefort 10 samples",10 samples,BL,,"Milk Products and Eggs Supplement, 1989",
12-178,12-178,1,630,"Cheese, Sage Derby","cheese, sage derby 10 samples, proximates as derby","10 samples, proximates as Derby",BL,,"Milk Products and Eggs Supplement, 1989",
12-551,12-551,1,631,"Cheese, spreadable, full fat, soft, white","cheese, spreadable, full fat, soft, white 20 samples, including philadelphia and own brands","20 samples, including Philadelphia and own brands",BL,12-364,"LGC, Nutrient analysis of cheese, 1999; and industry data, 2013. Vitamin K1 Bolton-Smith et al, Br J Nutr, 83, 2000",
12-538,12-538,1,632,"Cheese, spreadable, medium fat, soft, white","cheese, spreadable, medium fat, soft, white 20 samples, including philadelphia light and own brands","20 samples, including Philadelphia light and own brands",BL,12-365,"LGC, Nutrient analysis of cheese, 1999; and industry data, 2013. Fats, selenium, iodine, chlorine, water soluble vitamins and vitamin E all calculated from full fat spreadable soft cheese (12-364)",
12-541,12-541,1,633,"Cheese, spreadable, soft white, low fat","cheese, spreadable, soft white, low fat 18 samples of extra light soft cheese spreads",18 samples of extra light soft cheese spreads,BL,12-366,"Data from LGC 'Nutrient analysis of cheese' 1999, Food Surveillance Information Sheet No.196. Fats, inorganics and water soluble vitamins calculated from full fat spreadable cheese. Renamed for IDS.",
12-367,12-367,1,634,"Cheese, Stilton, blue","cheese, stilton, blue 20 samples",20 samples,BL,12-180 12-867 50-249,"Reviewed 2013. LGC, Nutrient analysis of cheese, 1999",
12-181,12-181,1,635,"Cheese, Stilton, white","cheese, stilton, white 3-10 samples",3-10 samples,BL,,"Milk Products and Eggs Supplement, 1989",
12-489,12-489,1,636,"Cheese, Wensleydale","cheese, wensleydale 9 samples, sampled in spring and autumn","9 samples, sampled in spring and autumn",BL,12-182,"LGC, Nutrient analysis of cheese, 1999",
12-486,12-486,1,637,"Cheese, White Cheshire","cheese, white cheshire 9 samples, sampled in spring and autumn","9 samples, sampled in spring and autumn",BL,12-145,"LGC, Nutrient analysis of cheese, 1999",
12-368,12-368,1,638,"Cheese, white, average","cheese, white, average average of cheshire, lancashire and wensleydale","Average of Cheshire, Lancashire and Wensleydale",BL,12-183 50-250,"LGC, Nutrient analysis of cheese, 1999",
12-395,12-395,1,639,"Cheesecake, fruit, frozen","cheesecake, fruit, frozen 10 samples, assorted flavours, fruit topping","10 samples, assorted flavours, fruit topping",BR,12-219 50-274 11-289,"Reviewed 2013. ADAS Laboratories, Nutrient analysis of ice creams and desserts, 1999. Fats calculated from Milk Marketing Board, 1992, Fat, Fatty acids and vitamin E on a total fat content basis",
12-542,12-542,1,640,"Cheesecake, fruit, individual","cheesecake, fruit, individual 8 samples, 3 brands including strawberry, apricot, blackcurrant and cherry","8 samples, 3 brands including strawberry, apricot, blackcurrant and cherry",BR,12-396,"Campden and Chorleywood FRA, Nutrient analysis of yoghurts, fromage frais and chilled desserts, 1998; and industry data, 2013. Fatty acids from Fatty Acids Supplement 12-911",
12-562,12-562,1,641,"Cheesecake, homemade","cheesecake, homemade recipe",Recipe,BR,12-422,Updated 2014,
11-1043,11-1043,1,642,"Chelsea buns, homemade","chelsea buns, homemade recipe. ref. wiles et al. (1980)",Recipe. Ref. Wiles et al. (1980),AP,11-588,Based on Flour Milling and Baking Research Association. Fibre fractions added from 11-232. Recalculated in 2014,
14-382,14-382,1,643,"Cherries, flesh and skin, raw","cherries, flesh and skin, raw 11 samples, uk and imported","11 samples, UK and imported",FA,14-061,"PHE, Nutrient analysis of fresh and processed fruit and vegetables with respect to fibre, 2017",
14-383,14-383,1,644,"Cherries, flesh and skin, raw, weighed with stones","cherries, flesh and skin, raw, weighed with stones calculated from 14-382",Calculated from 14-382,FA,14-062,"PHE, Nutrient analysis of fresh and processed fruit and vegetables with respect to fibre, 2017",
14-335,14-335,1,645,"Cherries, glace","cherries, glace 10 samples, 8 brands; red and multicoloured","10 samples, 8 brands; red and multicoloured",FA,14-068,"LGC, Nutritional composition of fruit products, 1985-1986; and industry data, 2013",
14-063,14-063,1,646,"Cherries, stewed with sugar","cherries, stewed with sugar calculated from 900g fruit, 200g water, 108g sugar","Calculated from 900g fruit, 200g water, 108g sugar",FA,,"Fruit and Nuts Supplement, 1992",
14-064,14-064,1,647,"Cherries, stewed with sugar, weighed with stones","cherries, stewed with sugar, weighed with stones calculated from 14-063",Calculated from 14-063,FA,,"Fruit and Nuts Supplement, 1992",
14-065,14-065,1,648,"Cherries, stewed without sugar","cherries, stewed without sugar calculated from 900g fruit, 200g water","Calculated from 900g fruit, 200g water",FA,,"Fruit and Nuts Supplement, 1992",
14-066,14-066,1,649,"Cherries, stewed without sugar, weighed with stones","cherries, stewed without sugar, weighed with stones calculated from 14-065",Calculated from 14-065,FA,,"Fruit and Nuts Supplement, 1992",
14-069,14-069,1,650,"Cherries, West Indian, flesh only","cherries, west indian, flesh only acerola, literature sources","Acerola, literature sources",FA,,"Fruit and Nuts Supplement, 1992",
13-811,13-811,1,651,"Chervil, dried","chervil, dried literature sources",Literature sources,H,,"Marsh et al. (1977) Composition of foods: spices and herbs, raw, processed and prepared, Agriculture Handbook No. 8-2",
14-815,14-815,1,652,"Chestnuts, dried","chestnuts, dried literature sources and calculation from 14-813",Literature sources and calculation from 14-813,GA,,"McCarthy and Matthews (1984) Composition of foods: nut and seed products, raw, processed and prepared, Agriculture Handbook No. 8-12, and calculation from 14-813",
14-813,14-813,1,653,"Chestnuts, kernel only, raw","chestnuts, kernel only, raw analysis and literature sources",Analysis and literature sources,GA,50-977,"Reviewed 2013. Fruit and Nuts Supplement, 1992",
14-814,14-814,1,654,"Chestnuts, kernel only, raw, weighed with shells","chestnuts, kernel only, raw, weighed with shells calculated from 14-813",Calculated from 14-813,GA,,"Fruit and Nuts Supplement, 1992",
17-782,17-782,1,655,"Chevda/chevra/chewra, homemade","chevda/chevra/chewra, homemade recipe",Recipe,SNC,17-557,Updated 2014,
18-504,18-504,1,656,"Chicken breast/steak, coated, baked","chicken breast/steak, coated, baked 8 samples, 7 products, breaded and battered","8 samples, 7 products, breaded and battered",MCA,19-119,"DH, Nutrient analysis of a range of processed foods with particular reference to trans fatty acids, 2013",
19-560,19-560,1,657,"Chicken chasseur, homemade","chicken chasseur, homemade recipe",Recipe,MR,19-350,Updated 2014,
19-663,19-663,1,658,"Chicken chasseur, homemade, weighed with bone","chicken chasseur, homemade, weighed with bone recipe. calculated from 19-350 using 0.89 conversion factor",Recipe. Calculated from 19-350 using 0.89 conversion factor,MR,19-187,Updated 2014,
19-561,19-561,1,659,"Chicken fricassee, homemade","chicken fricassee, homemade recipe",Recipe,MR,19-379,Updated 2014,
19-562,19-562,1,660,"Chicken fricassee, reduced fat, homemade","chicken fricassee, reduced fat, homemade recipe",Recipe,MR,19-380,Updated 2014,
19-563,19-563,1,661,"Chicken in white sauce, made with semi-skimmed milk","chicken in white sauce, made with semi-skimmed milk recipe",Recipe,MR,19-382,Updated 2014,
19-564,19-564,1,662,"Chicken in white sauce, made with whole milk","chicken in white sauce, made with whole milk recipe",Recipe,MR,19-381,Updated 2014,
18-501,18-501,1,663,"Chicken pieces, coated, takeaway","chicken pieces, coated, takeaway 8 samples, 7 products, including chicken nuggets, chicken bites and popcorn chicken","8 samples, 7 products, including chicken nuggets, chicken bites and popcorn chicken",MCA,19-124,"DH, Nutrient analysis of a range of processed foods with particular reference to trans fatty acids, 2013",
18-500,18-500,1,664,"Chicken portions, battered, deep fried, takeaway","chicken portions, battered, deep fried, takeaway 6 samples from fast food chains, including kfc","6 samples from fast food chains, including KFC",MCA,,"DH, Nutrient analysis of a range of processed foods with particular reference to trans fatty acids, 2013",
19-323,19-323,1,665,"Chicken satay, takeaway","chicken satay, takeaway 10 samples",10 samples,MR,,"Aspland and James Ltd, Nutrient analysis of ethnic and takeaway foods, 1997",
19-538,19-538,1,666,Chicken slices,chicken slices 7 samples including smoked and wafer thin chicken breast. 80-100% meat,7 samples including smoked and wafer thin chicken breast. 80-100% meat,MI,,"LGC, Nutritional analysis of meat and poultry products, 1994-1995; and industry data, 2013",
17-697,17-697,1,667,"Chicken soup, cream of, canned, condensed, as served","chicken soup, cream of, canned, condensed, as served 7 cans of the same brand. diluted with an equal volume of water",7 cans of the same brand. Diluted with an equal volume of water,WAC,17-252,As Miscellaneous Foods and Fatty Acids supplements 17-252,
19-541,19-541,1,668,"Chicken wings, marinated, meat and skin, barbecued","chicken wings, marinated, meat and skin, barbecued 4 samples including american and chinese style and hot and spicy wings, chilled and frozen","4 samples including American and Chinese style and hot and spicy wings, chilled and frozen",MR,,"LGC, Nutrient analysis of foods commonly consumed by schoolchildren, 1995; and industry data, 2013",
19-652,19-652,1,669,"Chicken wings, marinated, meat and skin, barbecued, weighed with bone","chicken wings, marinated, meat and skin, barbecued, weighed with bone calculated from 19-541",Calculated from 19-541,MR,19-205,"LGC, Nutrient analysis of foods commonly consumed by schoolchildren, 1995; and industry data, 2013",
18-308,18-308,1,670,"Chicken, breast, casseroled, meat and skin","chicken, breast, casseroled, meat and skin calculated from 90% light meat and 10% skin from fresh and frozen chicken",Calculated from 90% light meat and 10% skin from fresh and frozen chicken,MCA,18-449,"LGC, Nutrient analysis of chicken and turkey, 1994-1995 (chicken, fresh, casseroled with skin, light meat (Fatty Acids Supplement 18-449) not integrated, different samples and values)",
18-309,18-309,1,671,"Chicken, breast, casseroled, meat and skin, weighed with bone","chicken, breast, casseroled, meat and skin, weighed with bone calculated from 18-308",Calculated from 18-308,MCA,,"LGC, Nutrient analysis of chicken and turkey, 1994-1995 (chicken, fresh, casseroled with skin, light meat (Fatty Acids Supplement 18-449) not integrated, different samples and values)",
18-307,18-307,1,672,"Chicken, breast, casseroled, meat only","chicken, breast, casseroled, meat only calculated from light meat from fresh and frozen chicken",Calculated from light meat from fresh and frozen chicken,MCA,,"Reviewed 2013. LGC, Nutrient analysis of chicken and turkey, 1994-1995",
18-324,18-324,1,673,"Chicken, breast, grilled with skin, meat only","chicken, breast, grilled with skin, meat only 17 samples",17 samples,MCA,,"LGC, Nutrient analysis of chicken and turkey, 1994-1995",
18-323,18-323,1,674,"Chicken, breast, grilled without skin, meat only","chicken, breast, grilled without skin, meat only 10 samples",10 samples,MCA,,"Reviewed 2013. LGC, Nutrient analysis of chicken and turkey, 1994-1995",
18-325,18-325,1,675,"Chicken, breast, grilled, meat and skin","chicken, breast, grilled, meat and skin calculated from 92% light meat and 8% skin from fresh and frozen chicken",Calculated from 92% light meat and 8% skin from fresh and frozen chicken,MCA,,"LGC, Nutrient analysis of chicken and turkey, 1994-1995",
18-326,18-326,1,676,"Chicken, breast, strips, stir-fried in corn oil","chicken, breast, strips, stir-fried in corn oil 10 samples, skinless","10 samples, skinless",MCA,,"Reviewed 2013. LGC, Nutrient analysis of chicken and turkey, 1994-1995",
18-299,18-299,1,677,"Chicken, corn-fed, raw, dark meat only","chicken, corn-fed, raw, dark meat only 6 samples",6 samples,MCA,18-453,"LGC, Nutrient analysis of chicken and turkey, 1994-1995; with fatty acids as Fatty Acid Supplement, 1998 (18-453)",
18-300,18-300,1,678,"Chicken, corn-fed, raw, light meat only","chicken, corn-fed, raw, light meat only 6 samples",6 samples,MCA,18-452,"LGC, Nutrient analysis of chicken and turkey, 1994-1995;and Fatty Acid Supplement, 1998 (18-452)",
18-301,18-301,1,679,"Chicken, corn-fed, raw, meat only","chicken, corn-fed, raw, meat only calculated from 54% light meat and 46% dark meat",Calculated from 54% light meat and 46% dark meat,MCA,,"LGC, Nutrient analysis of chicken and turkey, 1994-1995",
18-302,18-302,1,680,"Chicken, corn-fed, raw, skin only","chicken, corn-fed, raw, skin only 6 samples",6 samples,MCA,,"LGC, Nutrient analysis of chicken and turkey, 1994-1995",
18-343,18-343,1,681,"Chicken, corn-fed, roasted, dark meat only","chicken, corn-fed, roasted, dark meat only 6 samples",6 samples,MCA,,"LGC, Nutrient analysis of chicken and turkey, 1994-1995",
18-344,18-344,1,682,"Chicken, corn-fed, roasted, light meat only","chicken, corn-fed, roasted, light meat only 6 samples",6 samples,MCA,,"LGC, Nutrient analysis of chicken and turkey, 1994-1995",
18-345,18-345,1,683,"Chicken, corn-fed, roasted, meat only","chicken, corn-fed, roasted, meat only calculated from 48% light meat and 52% dark meat",Calculated from 48% light meat and 52% dark meat,MCA,,"LGC, Nutrient analysis of chicken and turkey, 1994-1995",
18-289,18-289,1,684,"Chicken, dark meat, raw","chicken, dark meat, raw 31 samples, fresh and frozen","31 samples, fresh and frozen",MCA,50-434,"Reviewed 2013. LGC, Nutrient analysis of chicken and turkey, 1994-1995; vitamin K1 from Bolton-Smith et al Br.J. Nutr.83, 2000",
18-329,18-329,1,685,"Chicken, dark meat, roasted","chicken, dark meat, roasted 19 samples, fresh and frozen","19 samples, fresh and frozen",MCA,50-441,"Reviewed 2013. LGC, Nutrient analysis of chicken and turkey, 1994-1995",
18-311,18-311,1,686,"Chicken, drumsticks, casseroled, meat and skin","chicken, drumsticks, casseroled, meat and skin calculated from 85% dark meat and 15% skin, fresh and frozen","Calculated from 85% dark meat and 15% skin, fresh and frozen",MCA,,"Reviewed 2013. LGC, Nutrient analysis of chicken and turkey, 1994-1995",
18-312,18-312,1,687,"Chicken, drumsticks, casseroled, meat and skin, weighed with bone","chicken, drumsticks, casseroled, meat and skin, weighed with bone calculated from 18-311",Calculated from 18-311,MCA,,"LGC, Nutrient analysis of chicken and turkey, 1994-1995",
18-310,18-310,1,688,"Chicken, drumsticks, casseroled, meat only","chicken, drumsticks, casseroled, meat only calculated from dark meat",Calculated from dark meat,MCA,,"LGC, Nutrient analysis of chicken and turkey, 1994-1995",
18-335,18-335,1,689,"Chicken, drumsticks, roasted, meat and skin","chicken, drumsticks, roasted, meat and skin calculated from 89% dark meat and 11% skin, fresh and frozen","Calculated from 89% dark meat and 11% skin, fresh and frozen",MCA,,"Reviewed 2013. LGC, Nutrient analysis of chicken and turkey, 1994-1995",
18-336,18-336,1,690,"Chicken, drumsticks, roasted, meat and skin, weighed with bone","chicken, drumsticks, roasted, meat and skin, weighed with bone calculated from 18-335",Calculated from 18-335,MCA,,"LGC, Nutrient analysis of chicken and turkey, 1994-1995",
18-334,18-334,1,691,"Chicken, drumsticks, roasted, meat only","chicken, drumsticks, roasted, meat only 20 samples of a mixture of fresh and frozen drumsticks",20 samples of a mixture of fresh and frozen drumsticks,MCA,,"LGC, Nutrient analysis of chicken and turkey, 1994-1995",
18-314,18-314,1,692,"Chicken, leg quarter, casseroled, meat and skin","chicken, leg quarter, casseroled, meat and skin calculated from 21% light meat, 62% dark meat and 17% skin from fresh and frozen chicken","Calculated from 21% light meat, 62% dark meat and 17% skin from fresh and frozen chicken",MCA,,"LGC, Nutrient analysis of chicken and turkey, 1994-1995",
18-315,18-315,1,693,"Chicken, leg quarter, casseroled, meat and skin, weighed with bone","chicken, leg quarter, casseroled, meat and skin, weighed with bone calculated from 18-314",Calculated from 18-314,MCA,,"LGC, Nutrient analysis of chicken and turkey, 1994-1995",
18-313,18-313,1,694,"Chicken, leg quarter, casseroled, meat only","chicken, leg quarter, casseroled, meat only calculated from 25% light meat and 75% dark meat from fresh and frozen chicken",Calculated from 25% light meat and 75% dark meat from fresh and frozen chicken,MCA,,"LGC, Nutrient analysis of chicken and turkey, 1994-1995",
18-293,18-293,1,695,"Chicken, leg quarter, raw, meat and skin","chicken, leg quarter, raw, meat and skin calculated from 77% dark meat and 23% skin",Calculated from 77% dark meat and 23% skin,MCA,,"LGC, Nutrient analysis of chicken and turkey, 1994-1995",
18-294,18-294,1,696,"Chicken, leg quarter, raw, meat and skin, weighed with bone","chicken, leg quarter, raw, meat and skin, weighed with bone calculated from 18-293",Calculated from 18-293,MCA,,"LGC, Nutrient analysis of chicken and turkey, 1994-1995",
18-337,18-337,1,697,"Chicken, leg quarter, roasted, meat and skin","chicken, leg quarter, roasted, meat and skin 20 samples",20 samples,MCA,,"LGC, Nutrient analysis of chicken and turkey, 1994-1995",
18-338,18-338,1,698,"Chicken, leg quarter, roasted, meat and skin, weighed with bone","chicken, leg quarter, roasted, meat and skin, weighed with bone calculated from 18-337",Calculated from 18-337,MCA,,"LGC, Nutrient analysis of chicken and turkey, 1994-1995",
18-290,18-290,1,699,"Chicken, light meat, raw","chicken, light meat, raw 31 samples, fresh and frozen","31 samples, fresh and frozen",MCA,50-433,"Reviewed 2013. LGC, Nutrient analysis of chicken and turkey, 1994-1995",
18-330,18-330,1,700,"Chicken, light meat, roasted","chicken, light meat, roasted 19 samples, fresh and frozen","19 samples, fresh and frozen",MCA,50-440,"Reviewed 2013. LGC, Nutrient analysis of chicken and turkey, 1994-1995; vitamin K1 from Bolton-Smith et al Br. J. Nutr. 83, 2000",
18-488,18-488,1,701,"Chicken, meat, average, raw","chicken, meat, average, raw calculated from 44% light meat and 56% dark meat",Calculated from 44% light meat and 56% dark meat,MCA,18-291 50-431,"Reviewed 2013. LGC, Nutrient analysis of chicken and turkey, 1994-1995; folate from LGC, Individual folates in foodstuffs, 1996",
18-331,18-331,1,702,"Chicken, meat, average, roasted","chicken, meat, average, roasted calculated from 46% light meat and 54% dark meat from fresh and frozen chicken",Calculated from 46% light meat and 54% dark meat from fresh and frozen chicken,MCA,50-438,"Reviewed 2013. LGC, Nutrient analysis of chicken and turkey, 1994-1995",
18-327,18-327,1,703,"Chicken, portions, not coated, deep-fried, meat and skin","chicken, portions, not coated, deep-fried, meat and skin 10 samples of wing quarters, leg quarters and chicken halves from fish and chip shops","10 samples of wing quarters, leg quarters and chicken halves from fish and chip shops",MCA,,"Meat, Poultry and Game Supplement, 1995",
18-328,18-328,1,704,"Chicken, portions, not coated, deep-fried, meat and skin, weighed with bone","chicken, portions, not coated, deep-fried, meat and skin, weighed with bone calculated from 18-327",Calculated from 18-327,MCA,,"Meat, Poultry and Game Supplement, 1995",
18-316,18-316,1,705,"Chicken, skin, casseroled","chicken, skin, casseroled 20 samples",20 samples,MCA,,"Meat, Poultry and Game Supplement, 1995",
18-292,18-292,1,706,"Chicken, skin, raw","chicken, skin, raw 25 samples",25 samples,MCA,259,"Meat, Poultry and Game Supplement, 1995",
18-332,18-332,1,707,"Chicken, skin, roasted/grilled, dry","chicken, skin, roasted/grilled, dry 34 samples, crisp skin","34 samples, crisp skin",MCA,18-448,"Reviewed 2013. LGC, Nutrient analysis of chicken and turkey, 1994-1995",
18-333,18-333,1,708,"Chicken, skin, roasted/grilled, moist","chicken, skin, roasted/grilled, moist 32 samples",32 samples,MCA,,"Meat, Poultry and Game Supplement, 1995",
19-569,19-569,1,709,"Chicken, stir-fried with mushrooms and cashew nuts, homemade","chicken, stir-fried with mushrooms and cashew nuts, homemade recipe",Recipe,MR,19-385,Updated 2014,
19-570,19-570,1,710,"Chicken, stir-fried with peppers in black bean sauce, homemade","chicken, stir-fried with peppers in black bean sauce, homemade recipe",Recipe,MR,19-386,Updated 2014,
19-521,19-521,1,711,"Chicken, stir-fried with rice and vegetables, retail, reheated","chicken, stir-fried with rice and vegetables, retail, reheated 6 samples. 10-13% meat, frozen, fried in corn oil","6 samples. 10-13% meat, frozen, fried in corn oil",MR,19-201,"Reviewed 2013. LGC, Nutritional analysis of meat and poultry products, 1994-1995",
18-317,18-317,1,712,"Chicken, thighs, casseroled, meat and skin","chicken, thighs, casseroled, meat and skin calculated from 77% dark meat and 23% skin from fresh and frozen chicken",Calculated from 77% dark meat and 23% skin from fresh and frozen chicken,MCA,18-450,"LGC, Nutrient analysis of chicken and turkey, 1994-1995 (Note that fatty acid data is available for a mixture of types of casseroled chicken portions , not only the thighs, in obsoleted 18-450)",
18-318,18-318,1,713,"Chicken, thighs, casseroled, meat and skin, weighed with bone","chicken, thighs, casseroled, meat and skin, weighed with bone calculated from 18-317",Calculated from 18-317,MCA,,"LGC, Nutrient analysis of chicken and turkey, 1994-1995",
18-319,18-319,1,714,"Chicken, thighs, casseroled, meat only, diced","chicken, thighs, casseroled, meat only, diced 10 samples of skinless thighs",10 samples of skinless thighs,MCA,,"LGC, Nutrient analysis of chicken and turkey, 1994-1995",
18-303,18-303,1,715,"Chicken, whole, corn-fed, raw, meat and skin","chicken, whole, corn-fed, raw, meat and skin calculated from 42% light meat, 35% dark meat and 23% skin","Calculated from 42% light meat, 35% dark meat and 23% skin",MCA,,"LGC, Nutrient analysis of chicken and turkey, 1994-1995",
18-304,18-304,1,716,"Chicken, whole, corn-fed, raw, meat and skin, weighed with bone","chicken, whole, corn-fed, raw, meat and skin, weighed with bone calculated from 18-303",Calculated from 18-303,MCA,,"LGC, Nutrient analysis of chicken and turkey, 1994-1995",
18-346,18-346,1,717,"Chicken, whole, corn-fed, roasted, meat and skin","chicken, whole, corn-fed, roasted, meat and skin calculated from 40% light meat, 43% dark meat and 17% skin","Calculated from 40% light meat, 43% dark meat and 17% skin",MCA,,"LGC, Nutrient analysis of chicken and turkey, 1994-1995",
18-347,18-347,1,718,"Chicken, whole, corn-fed, roasted, meat and skin, weighed with bone","chicken, whole, corn-fed, roasted, meat and skin, weighed with bone calculated from 18-346",Calculated from 18-346,MCA,,"LGC, Nutrient analysis of chicken and turkey, 1994-1995",
18-297,18-297,1,719,"Chicken, whole, raw, meat and skin","chicken, whole, raw, meat and skin calculated from 33% light meat, 42% dark meat and 25% skin","Calculated from 33% light meat, 42% dark meat and 25% skin",MCA,,"LGC, Nutrient analysis of chicken and turkey, 1994-1995",
18-298,18-298,1,720,"Chicken, whole, raw, meat and skin, weighed with bone","chicken, whole, raw, meat and skin, weighed with bone calculated from 18-297",Calculated from 18-297,MCA,,"LGC, Nutrient analysis of chicken and turkey, 1994-1995",
18-341,18-341,1,721,"Chicken, whole, roasted, meat and skin","chicken, whole, roasted, meat and skin calculated from 40% light meat, 47% dark meat and 13% skin from fresh and frozen chicken","Calculated from 40% light meat, 47% dark meat and 13% skin from fresh and frozen chicken",MCA,,"Reviewed 2013. LGC, Nutrient analysis of chicken and turkey, 1994-1995",
18-342,18-342,1,722,"Chicken, whole, roasted, meat and skin, weighed with bone","chicken, whole, roasted, meat and skin, weighed with bone calculated from 18-341",Calculated from 18-341,MCA,,"LGC, Nutrient analysis of chicken and turkey, 1994-1995",
18-321,18-321,1,723,"Chicken, wing quarter, casseroled, meat and skin","chicken, wing quarter, casseroled, meat and skin calculated from 60% light meat, 21% dark meat and 19% skin","Calculated from 60% light meat, 21% dark meat and 19% skin",MCA,18-450,"LGC, Nutrient analysis of chicken and turkey, 1994-1995 (note that fatty acid data is available for a mixture of casseroled dark meat, not only wings, in obsoleted FA 18-450)",
18-322,18-322,1,724,"Chicken, wing quarter, casseroled, meat and skin, weighed with bone","chicken, wing quarter, casseroled, meat and skin, weighed with bone calculated from 18-321",Calculated from 18-321,MCA,,"LGC, Nutrient analysis of chicken and turkey, 1994-1995",
18-320,18-320,1,725,"Chicken, wing quarter, casseroled, meat only","chicken, wing quarter, casseroled, meat only calculated from 74% light meat and 26% dark meat from fresh and frozen chicken",Calculated from 74% light meat and 26% dark meat from fresh and frozen chicken,MCA,,"LGC, Nutrient analysis of chicken and turkey, 1994-1995",
18-295,18-295,1,726,"Chicken, wing quarter, raw, meat and skin","chicken, wing quarter, raw, meat and skin calculated from 65% light meat, 11% dark meat and 24% skin","Calculated from 65% light meat, 11% dark meat and 24% skin",MCA,,"LGC, Nutrient analysis of chicken and turkey, 1994-1995",
18-296,18-296,1,727,"Chicken, wing quarter, raw, meat and skin, weighed with bone","chicken, wing quarter, raw, meat and skin, weighed with bone calculated from 18-295",Calculated from 18-295,MCA,,"LGC, Nutrient analysis of chicken and turkey, 1994-1995",
18-339,18-339,1,728,"Chicken, wing quarter, roasted, meat and skin","chicken, wing quarter, roasted, meat and skin 20 samples",20 samples,MCA,,"LGC, Nutrient analysis of chicken and turkey, 1994-1995",
18-340,18-340,1,729,"Chicken, wing quarter, roasted, meat and skin, weighed with bone","chicken, wing quarter, roasted, meat and skin, weighed with bone calculated from 18-339",Calculated from 18-339,MCA,,"LGC, Nutrient analysis of chicken and turkey, 1994-1995",
19-469,19-469,1,730,"Chicken/turkey pasties/slices, puff pastry","chicken/turkey pasties/slices, puff pastry 10 samples, 10 products, including chicken and mushroom and chicken and bacon","10 samples, 10 products, including chicken and mushroom and chicken and bacon",MI,,"DH, Nutrient analysis of a range of processed foods with particular reference to trans fatty acids, 2013",
18-503,18-503,1,731,"Chicken/turkey pieces, coated, baked","chicken/turkey pieces, coated, baked 9 samples, 9 products, battered and breaded, including chicken nuggets, chicken dippers and turkey dinosaurs","9 samples, 9 products, battered and breaded, including chicken nuggets, chicken dippers and turkey dinosaurs",MCA,,"DH, Nutrient analysis of a range of processed foods with particular reference to trans fatty acids, 2013",
13-586,13-586,1,732,"Chicory, pale variety, boiled in unsalted water","chicory, pale variety, boiled in unsalted water cichorium intybus. stem and inner leaves. boiled for 7 minutes, based on boiled in salted water","Cichorium intybus. Stem and inner leaves. Boiled for 7 minutes, based on boiled in salted water",DG,,"IFR, The nutritional composition of retail vegetables in the UK, 1984-1987",
13-225,13-225,1,733,"Chicory, pale variety, raw","chicory, pale variety, raw cichorium intybus.stem and inner leaves",Cichorium intybus.Stem and inner leaves,DG,50-763,"Reviewed 2013. IFR, The nutritional composition of retail vegetables in the UK, 1984-1987",
19-478,19-478,1,734,"Chilli con carne, homemade","chilli con carne, homemade recipe",Recipe,MR,19-337,Updated 2013,
19-208,19-208,1,735,"Chilli con carne, retail, reheated","chilli con carne, retail, reheated 11 samples, chilled and frozen","11 samples, chilled and frozen",MR,,"Reviewed 2013. Meat Products and Dishes Supplement, 1996",
19-527,19-527,1,736,"Chilli con carne, retail, reheated, with rice","chilli con carne, retail, reheated, with rice calculated from 60% chilli con carne (19-208) and 40% boiled white rice",Calculated from 60% chilli con carne (19-208) and 40% boiled white rice,MR,19-209,"Reviewed 2013. LGC, Nutrient analysis of meat and poultry products, 1994-1995; and LGC, Nutrient survey of flours and grains, 2005",
13-873,13-873,1,737,Chilli powder,chilli powder literature sources,Literature sources,H,13-812,"USDA SR26, 2013",
17-719,17-719,1,738,Chilli sauce,"chilli sauce 8 samples; assorted types, including garlic chilli sauce","8 samples; assorted types, including garlic chilli sauce",WC,17-294,"LFRA, Nutrient analysis of miscellaneous foods, 1992; and industry data, 2013",
15-719,15-719,1,739,"Chilli, bean and lentil, homemade","chilli, bean and lentil, homemade recipe",Recipe,DR,15-439,Updated 2014,
15-720,15-720,1,740,"Chilli, Quorn, homemade","chilli, quorn, homemade recipe",Recipe,DR,15-440,Updated 2014,
15-640,15-640,1,741,"Chilli, vegetable, homemade","chilli, vegetable, homemade recipe from dietary survey records",Recipe from dietary survey records,DR,15-370,Updated 2013,
13-813,13-813,1,742,Chinese 5 spice,chinese 5 spice calculated from recipe,Calculated from recipe,H,,"Reviewed 2013. Vegetables, Herbs and Spices Supplement, 1991",
16-011,16-011,1,743,"Chital, raw","chital, raw literature sources. imported frozen from bangladesh",Literature sources. Imported frozen from Bangladesh,JA,,"Gopalan and Sastri (1980) Nutritive value of Indian foods, and Wu Leung et al. (1972) Food composition table for use in East Asia",
13-887,13-887,1,744,"Chives, fresh","chives, fresh literature sources",Literature sources,H,13-814,"USDA SR26, 2013",
15-721,15-721,1,745,"Cho cho fritters, fried in rapeseed oil, homemade","cho cho fritters, fried in rapeseed oil, homemade recipe west indian dish.",Recipe West Indian dish.,DR,15-441,Updated 2014,
13-228,13-228,1,746,"Cho cho, boiled in unsalted water","cho cho, boiled in unsalted water also known as chayote, belongs to the gourd family cucurbitaceae. analytical and literature sources","Also known as chayote, belongs to the gourd family Cucurbitaceae. Analytical and literature sources",DG,,"Vegetables, Herbs and Spices Supplement, 1991",
13-227,13-227,1,747,"Cho cho, raw","cho cho, raw also known as chayote, belongs to the gourd family cucurbitaceae. literature sources","Also known as chayote, belongs to the gourd family Cucurbitaceae. Literature sources",DG,,"Vegetables, Herbs and Spices Supplement, 1991",
17-658,17-658,1,748,Chocolate covered bar with caramel and cereal,"chocolate covered bar with caramel and cereal 6 samples, 6 products, including balisto, lion bar, picnic and crispy caramel","6 samples, 6 products, including Balisto, Lion Bar, Picnic and Crispy Caramel",SEA,17-550,"DH, Nutrient analysis of a range of processed foods with particular reference to trans fatty acids, 2013",
17-657,17-657,1,749,Chocolate covered caramel and biscuit fingers,"chocolate covered caramel and biscuit fingers 9 samples, 7 products, including twix and equivalent (or 'similar') products","9 samples, 7 products, including Twix and equivalent (or 'similar') products",SEA,,"DH, Nutrient analysis of a range of processed foods with particular reference to trans fatty acids, 2013",
11-812,11-812,1,750,Chocolate covered wafer biscuit,"chocolate covered wafer biscuit including kit kat, blue riband, time out and taxi","Including Kit Kat, Blue Riband, Time Out and Taxi",AM,11-509,"DH, Nutrient analysis of biscuits, buns, cakes and pastries, 2011",
17-687,17-687,1,751,Chocolate nut spread,"chocolate nut spread 8 samples, 5 brands","8 samples, 5 brands",SC,17-070,"LFRA, Nutrient analysis of miscellaneous foods, 1992; and industry data, 2013. Fatty acids from Fatty Acid Supplement, 1998",
12-518,12-518,1,752,Chocolate nut sundae,chocolate nut sundae recipe,Recipe,BP,12-411,Recalculated 2013,
17-659,17-659,1,753,Chocolate spread,"chocolate spread 7 samples, 5 brands","7 samples, 5 brands",SC,17-069,"DH, Nutrient analysis of a range of processed foods with particular reference to trans fatty acids, 2011",
17-650,17-650,1,754,"Chocolate, dark, with crème or mint fondant centres","chocolate, dark, with crème or mint fondant centres 10 samples, 8 products, including after eights and equivalent (or 'similar') products","10 samples, 8 products, including After Eights and equivalent (or 'similar') products",SEA,,"DH, Nutrient analysis of a range of processed foods with particular reference to trans fatty acids, 2013",
17-690,17-690,1,755,"Chocolate, fancy and filled","chocolate, fancy and filled 10 samples of different brands",10 samples of different brands,SEA,17-088,"Reviewed 2013. LGC, Nutritional analysis of foods for pre-school children, 1992; and Fatty Acids Supplement, 1998 (17-088)",
17-648,17-648,1,756,"Chocolate, milk","chocolate, milk 11 samples, 11 products","11 samples, 11 products",SEA,,"DH, Nutrient analysis of a range of processed foods with particular reference to trans fatty acids, 2013",
17-491,17-491,1,757,"Chocolate, plain","chocolate, plain 6 bars, 3 brands; 36-50% cocoa solids","6 bars, 3 brands; 36-50% cocoa solids",SEA,17-090 50-1016,"Reviewed 2013. LGC, Nutritional analysis of foods for pre-school children, 1992; and Fatty Acid Supplement, 1998; selenium from 'Analysis of foods for Selenium' 1994. Vitamin K1 from Bolton-Smith et al, Br.J. Nutr 83, 2000",
17-091,17-091,1,758,"Chocolate, white","chocolate, white 14 samples, 5 brands; buttons and bars","14 samples, 5 brands; buttons and bars",SEA,50-1017,"Reviewed 2013. LGC, Analytical survey of confectionery items, 1992",
19-516,19-516,1,759,Chorizo,chorizo manufacturers' data,Manufacturers' data,MI,19-099,"Industry data, 2013",
11-1050,11-1050,1,760,"Choux buns, homemade","choux buns, homemade recipe",Recipe,AP,11-653,"Based on recipe as proportions in shop bought samples, as Cereals and Cereal Products Supplement. Recalculated in 2014",
19-519,19-519,1,761,"Chow mein, beef, retail, reheated","chow mein, beef, retail, reheated 12 samples from different shops. noodles with beef and vegetables in sauce",12 samples from different shops. Noodles with beef and vegetables in sauce,MR,19-165,"Aspland and James Ltd, Nutrient analysis of ethnic takeaway foods, 1997; and industry data, 2013",
19-321,19-321,1,762,"Chow mein, chicken, takeaway","chow mein, chicken, takeaway 10 samples",10 samples,MR,,"Reviewed 2013. Aspland and James Ltd, Nutrient analysis of ethnic and takeaway foods, 1997",
19-614,19-614,1,763,"Chow mein, pork and chicken, homemade","chow mein, pork and chicken, homemade recipe",Recipe,MR,19-416,Updated 2014,
17-784,17-784,1,764,"Chutney, apple, homemade","chutney, apple, homemade recipe",Recipe,WCG,17-531,Updated 2014,
17-343,17-343,1,765,"Chutney, mango, sweet","chutney, mango, sweet 10 samples, 5 brands","10 samples, 5 brands",WE,,"Reviewed 2013. LFRA, Nutrient analysis of miscellaneous foods, 1992",
17-345,17-345,1,766,"Chutney, tomato","chutney, tomato 9 samples, 5 brands","9 samples, 5 brands",WCG,,"Reviewed 2013. LFRA, Nutrient analysis of miscellaneous foods, 1992",
17-785,17-785,1,767,"Chutney, tomato, homemade","chutney, tomato, homemade recipe",Recipe,WE,17-615,Updated 2014,
17-222,17-222,1,768,"Cider, dry","cider, dry 4.7-5.5% abv. including strongbow, blackthorn dry, thatchers medium-dry and savanna dry","4.7-5.5% ABV. Including Strongbow, Blackthorn dry, Thatchers medium-dry and Savanna dry",QC,50-1104,"Reviewed 2013. MW3, 1960. Additional values from 50-1104",
17-223,17-223,1,769,"Cider, low alcohol","cider, low alcohol <1% abv. 10 samples, 3 brands including kopparberg pear non-alcoholic and own brands","<1% ABV. 10 samples, 3 brands including Kopparberg Pear non-alcoholic and own brands",QC,,"Reviewed 2013. LFRA, Nutritional analysis of soft drinks, 1993",
17-822,17-822,1,770,"Cider, strong","cider, strong 6-8.5% abv. 3 samples of the same brand, including vintage varieties, aspall permier cru, k cider, scrumpy strong and diamond white","6-8.5% ABV. 3 samples of the same brand, including vintage varieties, Aspall Permier Cru, K Cider, Scrumpy Strong and Diamond White",QC,17-225,"Reviewed 2013. MW3, 1960",
17-224,17-224,1,771,"Cider, sweet","cider, sweet 3.5-5.0% abv. 3 samples of different brands, including woodpecker, magners, bulmers, kopparberg, stella artois pear cidre, jacques fruit cider and thatchers rose cider","3.5-5.0% ABV. 3 samples of different brands, including Woodpecker, Magners, Bulmers, Kopparberg, Stella Artois Pear Cidre, Jacques fruit cider and Thatchers rose cider",QC,50-1105,"Reviewed 2013. MW3, 1960. Additional values from 50-1105",
13-874,13-874,1,772,"Cinnamon, ground","cinnamon, ground literature sources",Literature sources,H,13-815,"USDA SR26, 2013",
14-326,14-326,1,773,"Citrus fruit, soft/easy peelers, flesh only","citrus fruit, soft/easy peelers, flesh only 22 samples, early and late winter, including clementines, mandarins, satsumas and tangerines","22 samples, early and late winter, including clementines, mandarins, satsumas and tangerines",FA,,"DH, Nutrient analysis of fruit and vegetables, 2013",
14-348,14-348,1,774,"Citrus fruit, soft/easy peelers, flesh only, weighed with peel and pips","citrus fruit, soft/easy peelers, flesh only, weighed with peel and pips calculated from 14-326 using edible conversion factor of 0.78",Calculated from 14-326 using edible conversion factor of 0.78,FA,,"DH, Nutrient analysis of fruit and vegetables, 2013",
13-816,13-816,1,775,"Cloves, dried","cloves, dried literature sources",Literature sources,H,,"Vegetables, Herbs and Spices Supplement, 1991",
16-252,16-252,1,776,"Cockles, boiled","cockles, boiled 11 samples from assorted outlets; fresh and frozen",11 samples from assorted outlets; fresh and frozen,JM,50-644,"Reviewed 2013. LGC, Nutritional survey fish and fish products, 1986-1987",
15-722,15-722,1,777,"Coco fritters, fried in rapeseed oil, homemade","coco fritters, fried in rapeseed oil, homemade recipe, west indian dish containing taro, flour, eggs, baking powder and black pepper","Recipe, West Indian dish containing taro, flour, eggs, baking powder and black pepper",DR,15-442,Taro is an alternative name for coco. Updated 2014,
17-002,17-002,1,778,Cocoa butter,cocoa butter analysis and literature sources,Analysis and literature sources,OE,,"Miscellaneous Foods Supplement, 1994",
12-545,12-545,1,779,Cocoa powder,"cocoa powder 10 samples, 2 brands","10 samples, 2 brands",BH,12-082,"MW4 (1978). Additional data from 50-1050. Vitamin K1 from Bolton-Smith et al Br.J. Nutr. 83, 2000.",
12-563,12-563,1,780,"Cocoa powder, made up with semi-skimmed milk","cocoa powder, made up with semi-skimmed milk recipe. calculated from 4g powder, 4g sugar and 200ml milk","Recipe. Calculated from 4g powder, 4g sugar and 200ml milk",BH,12-437,Updated 2014,
12-564,12-564,1,781,"Cocoa powder, made up with skimmed milk","cocoa powder, made up with skimmed milk recipe. calculated from 4g powder, 4g sugar and 200ml milk","Recipe. Calculated from 4g powder, 4g sugar and 200ml milk",BH,12-438,Updated 2014,
12-565,12-565,1,782,"Cocoa powder, made up with whole milk","cocoa powder, made up with whole milk recipe. calculated from 4g powder, 4g sugar and 200ml milk","Recipe. Calculated from 4g powder, 4g sugar and 200ml milk",BH,12-436,Updated 2014,
17-786,17-786,1,783,"Coconut ice, homemade","coconut ice, homemade recipe",Recipe,SEC,17-589,Updated 2014,
14-820,14-820,1,784,Coconut milk,coconut milk analysis and literature sources; drained fluid from fresh coconut,Analysis and literature sources; drained fluid from fresh coconut,GA,,"MW4, 1978. Values reviewed for Fruit and Nuts Supplement, 1992",
14-890,14-890,1,785,"Coconut milk, reduced fat, retail","coconut milk, reduced fat, retail estimated from label data",Estimated from label data,GA,,"Industry data, 2013",
14-889,14-889,1,786,"Coconut milk, retail","coconut milk, retail estimated from 2013 label data",Estimated from 2013 label data,GA,,"Industry data, 2013",
14-873,14-873,1,787,"Coconut, desiccated","coconut, desiccated analytical and literature sources",Analytical and literature sources,GA,14-818 50-979,"MW1, 1940. Data reviewed for Fruit and Nuts Supplement,1992; selenium from Analysis of foods for Selenium 1994",
14-816,14-816,1,788,"Coconut, flesh only, fresh","coconut, flesh only, fresh flesh from kernel, no shell","Flesh from kernel, no shell",GA,14-868,"MW4, 1978. Values revised for Fruit and Nut Supplement, 1992; fatty acids from 14-868",
16-490,16-490,1,789,"Cod, dried, salted, boiled","cod, dried, salted, boiled soaked 24 hours and boiled",Soaked 24 hours and boiled,JA,50-572,"MW5, 1991 with data from ISGEM 2014",
16-373,16-373,1,790,"Cod, flesh only, baked","cod, flesh only, baked 11 samples, 11 products, frozen and chilled","11 samples, 11 products, frozen and chilled",JA,16-013,"DH, Nutrient analysis of fish and fish products, 2013",
16-465,16-465,1,791,"Cod, flesh only, baked, weighed with bones and skin","cod, flesh only, baked, weighed with bones and skin calculated from 16-373 using edible conversion factor of 0.89",Calculated from 16-373 using edible conversion factor of 0.89,JA,,"DH, Nutrient analysis of fish and fish products, 2013",
16-466,16-466,1,792,"Cod, flesh only, grilled","cod, flesh only, grilled calculated based on dry matter contents in raw and cooked (29.0% weight loss - haddock in 2013 fish survey)",Calculated based on dry matter contents in raw and cooked (29.0% weight loss - haddock in 2013 fish survey),JA,,"DH, Nutrient analysis of fish and fish products, 2013",
16-374,16-374,1,793,"Cod, flesh only, microwaved","cod, flesh only, microwaved 11 samples, 11 products, frozen and chilled","11 samples, 11 products, frozen and chilled",JA,,"DH, Nutrient analysis of fish and fish products, 2013",
16-015,16-015,1,794,"Cod, flesh only, poached in milk, butter and salt added","cod, flesh only, poached in milk, butter and salt added poached in milk, butter and salt added, fillets","Poached in milk, butter and salt added, fillets",JA,50-566,"Reviewed 2014. Fish and Fish Products Supplement, 1993",
16-016,16-016,1,795,"Cod, flesh only, poached in milk, butter and salt added, weighed with bones and skin","cod, flesh only, poached in milk, butter and salt added, weighed with bones and skin calculated from poached 16-015",Calculated from poached 16-015,JA,50-567,"Reviewed 2014. Fish and Fish Products Supplement, 1993",
16-372,16-372,1,796,"Cod, flesh only, raw","cod, flesh only, raw 11 samples, 11 products, frozen and chilled","11 samples, 11 products, frozen and chilled",JA,16-012 16-019,"DH, Nutrient analysis of fish and fish products, 2013",
16-491,16-491,1,797,"Cod, flesh only, salted and smoked, raw","cod, flesh only, salted and smoked, raw samples from assorted outlets.",Samples from assorted outlets.,JA,16-028,"Fish and Fish Products Supplement, 1993; with Na updated from industry data, 2014",
16-467,16-467,1,798,"Cod, flesh only, steamed","cod, flesh only, steamed calculated based on dry matter contents in raw and cooked (23.2% weight loss - haddock in 2013 fish survey)",Calculated based on dry matter contents in raw and cooked (23.2% weight loss - haddock in 2013 fish survey),JA,16-017,"DH, Nutrient analysis of fish and fish products, 2013",
16-468,16-468,1,799,"Cod, flesh only, steamed, weighed with bones and skin","cod, flesh only, steamed, weighed with bones and skin calculated from 16-467 using edible conversion factor of 0.87",Calculated from 16-467 using edible conversion factor of 0.87,JA,16-018,"DH, Nutrient analysis of fish and fish products, 2013",
16-369,16-369,1,800,"Cod, in batter, baked","cod, in batter, baked 10 samples, 8 products, frozen and chilled","10 samples, 8 products, frozen and chilled",JA,16-025 16-026,"DH, Nutrient analysis of a range of processed foods with particular reference to trans fatty acids, 2013",
16-427,16-427,1,801,"Cod, in batter, fried in dripping, takeaway","cod, in batter, fried in dripping, takeaway calculated from 16-368 and 16-022",Calculated from 16-368 and 16-022,JA,16-022,"DH, Nutrient analysis of fish and fish products, 2013",
16-426,16-426,1,802,"Cod, in batter, fried in rapeseed oil","cod, in batter, fried in rapeseed oil 10 samples, 8 products, calculated from analysed total fat and water content, cod in batter, baked and blended oil","10 samples, 8 products, calculated from analysed total fat and water content, cod in batter, baked and blended oil",JA,16-021,"DH, Nutrient analysis of fish and fish products, 2013",
16-428,16-428,1,803,"Cod, in batter, fried in sunflower oil, takeaway","cod, in batter, fried in sunflower oil, takeaway calculated from 16-368 and 16-024",Calculated from 16-368 and 16-024,J,16-024,"DH, Nutrient analysis of fish and fish products, 2013",
16-368,16-368,1,804,"Cod, in batter, fried, takeaway","cod, in batter, fried, takeaway 10 samples, fried in beef fat or commercial vegetable oil","10 samples, fried in beef fat or commercial vegetable oil",JA,16-023,"DH, Nutrient analysis of a range of processed foods with particular reference to trans fatty acids, 2013",
16-370,16-370,1,805,"Cod, in breadcrumbs, baked","cod, in breadcrumbs, baked 10 samples, 8 products","10 samples, 8 products",JA,,"DH, Nutrient analysis of a range of processed foods with particular reference to trans fatty acids, 2013",
17-163,17-163,1,806,"Coffee and chicory essence, with water","coffee and chicory essence, with water 10g essence with 225ml water",10g essence with 225ml water,PA,,"MW4, 1978. Values reviewed for Miscellaneous Foods Supplement, 1994",
17-632,17-632,1,807,"Coffee, cappuccino, latte","coffee, cappuccino, latte 9 samples as consumed",9 samples as consumed,P,,"Direct Laboratories, Nutrient analysis catch up project, 2003",
17-833,17-833,1,808,"Coffee, infusion, average","coffee, infusion, average as consumed, average of strong and weak infusions","As consumed, average of strong and weak infusions",PAC,17-152,"LGC, Alcoholic beverages, soft drinks and tea and coffee survey, 1983-1984; Vitamin K1 from Bolton-Smith et al Br.J. Nutr. 83, 2000; sugars updated 2014",
17-157,17-157,1,809,"Coffee, infusion, average, with semi-skimmed milk","coffee, infusion, average, with semi-skimmed milk 225ml coffee infusion with 35g semi-skimmed milk",225ml coffee infusion with 35g semi-skimmed milk,PAC,,"Miscellaneous Foods Supplement, 1994",
17-155,17-155,1,810,"Coffee, infusion, average, with single cream","coffee, infusion, average, with single cream 225ml coffee infusion with 15g single cream",225ml coffee infusion with 15g single cream,PAC,,"Miscellaneous Foods Supplement, 1994",
17-156,17-156,1,811,"Coffee, infusion, average, with whole milk","coffee, infusion, average, with whole milk 225ml coffee infusion with 28g whole milk",225ml coffee infusion with 28g whole milk,PAC,,"Miscellaneous Foods Supplement, 1994",
17-153,17-153,1,812,"Coffee, infusion, strong","coffee, infusion, strong ground and filter coffee; 69g per litre water boiled in percolator and strained",Ground and filter coffee; 69g per litre water boiled in percolator and strained,PAC,,"LGC, Alcoholic beverages, soft drinks and tea and coffee survey, 1983-1984",
17-154,17-154,1,813,"Coffee, infusion, weak","coffee, infusion, weak ground and filter coffee; 34g per litre water boiled in percolator and strained",Ground and filter coffee; 34g per litre water boiled in percolator and strained,PAC,,"LGC, Alcoholic beverages, soft drinks and tea and coffee survey, 1983-1984",
17-159,17-159,1,814,"Coffee, instant, made up with water","coffee, instant, made up with water calculated from 2g instant coffee to 225ml water",Calculated from 2g instant coffee to 225ml water,PAC,,"LGC, Alcoholic beverages, soft drinks and tea and coffee survey, 1983-1984",
17-161,17-161,1,815,"Coffee, instant, made up with water and semi-skimmed milk","coffee, instant, made up with water and semi-skimmed milk calculated from 2g instant coffee to 225ml water with 35g semi-skimmed milk",Calculated from 2g instant coffee to 225ml water with 35g semi-skimmed milk,PAC,,"Miscellaneous Foods Supplement, 1994",
17-160,17-160,1,816,"Coffee, instant, made up with water and whole milk","coffee, instant, made up with water and whole milk calculated from 2g instant coffee to 225ml water with 28g whole milk",Calculated from 2g instant coffee to 225ml water with 28g whole milk,PAC,,"Miscellaneous Foods Supplement, 1994",
17-594,17-594,1,817,"Coffee, Irish","coffee, irish recipe",Recipe,PAC,17-164,"Recipe as Miscellaneous Foods Supplement (1994), 17-164",
17-158,17-158,1,818,"Coffee, powder, instant","coffee, powder, instant 10 jars, 2 brands","10 jars, 2 brands",PAA,50-1054,"Reviewed 2013. LGC, Alcoholic beverages, soft drinks and tea and coffee survey, 1983-1984; Vitamin K1 from Bolton-Smith et al Br.J. Nutr. 83, 2000",
12-546,12-546,1,819,"Coffeemate, whitener powder","coffeemate, whitener powder analysis and manufacturer's data (carnation)",Analysis and manufacturer's data (Carnation),BAR,12-027,"Milk Products and Eggs Supplement, 1989; Vitamin K1 from Bolton-Smith et al Br.J. Nutr. 83, 2000",
17-175,17-175,1,820,Cola,"cola 10 samples, 6 brands","10 samples, 6 brands",PCA,50-1080,"Reviewed 2013. LFRA, Nutritional analysis of soft drinks, 1993",
17-505,17-505,1,821,"Cola, diet","cola, diet calculated from cola",Calculated from Cola,PCA,,Reviewed 2013. Miscellaneous Foods and USDA 1998 cola with aspartame and caffeine,
13-229,13-229,1,822,"Cole leaves, dried, boiled in unsalted water","cole leaves, dried, boiled in unsalted water 10 samples; boiled 2 hours",10 samples; boiled 2 hours,DG,,"Vegetables, Herbs and Spices Supplement, 1991",
15-635,15-635,1,823,"Coleslaw, not low calorie, retail","coleslaw, not low calorie, retail 8 samples, 7 products","8 samples, 7 products",DR,,"DH, Nutrient analysis of a range of processed foods with particular reference to trans fatty acids, 2013",
15-636,15-636,1,824,"Coleslaw, with reduced calorie dressing, retail","coleslaw, with reduced calorie dressing, retail 8 samples, 4 products, including economy products","8 samples, 4 products, including economy products",DR,,"DH, Nutrient analysis of a range of processed foods with particular reference to trans fatty acids, 2013",
16-429,16-429,1,825,"Coley, flesh only, baked","coley, flesh only, baked calculated from 16-383 using 26.1% weight loss",Calculated from 16-383 using 26.1% weight loss,JA,,"DH, Nutrient analysis of fish and fish products, 2013",
16-430,16-430,1,826,"Coley, flesh only, grilled","coley, flesh only, grilled calculated from 16-383 using 22.3% weight loss",Calculated from 16-383 using 22.3% weight loss,JA,,"DH, Nutrient analysis of fish and fish products, 2013",
16-431,16-431,1,827,"Coley, flesh only, poached","coley, flesh only, poached calculated from 16-383 using 27.9% weight loss",Calculated from 16-383 using 27.9% weight loss,JA,,"DH, Nutrient analysis of fish and fish products, 2013",
16-383,16-383,1,828,"Coley, flesh only, raw","coley, flesh only, raw 8 samples, 8 products, frozen and chilled","8 samples, 8 products, frozen and chilled",JA,16-031 16-034,"DH, Nutrient analysis of fish and fish products, 2013",
16-469,16-469,1,829,"Coley, flesh only, steamed","coley, flesh only, steamed calculated from 16-383 using weight loss of 21.8%",Calculated from 16-383 using weight loss of 21.8%,JA,16-340,"DH, Nutrient analysis of fish and fish products, 2013",
16-501,16-501,1,830,"Coley, flesh only, steamed, weighed with bones and skin","coley, flesh only, steamed, weighed with bones and skin calculated from steamed 16-469",Calculated from steamed 16-469,JA,16-341,"DH, Nutrient analysis of fish and fish products, 2013",
17-729,17-729,1,831,"Complan powder, original and sweet","complan powder, original and sweet including original, chocolate and vanilla","Including original, chocolate and vanilla",PAA,17-540,"Industry data, 2013. Fibre fractions from 12-088",
17-730,17-730,1,832,"Complan powder, savoury","complan powder, savoury chicken flavour, manufacturer's data","Chicken flavour, manufacturer's data",PAA,17-541,"Industry data, 2000 and 2013 . Fibre fractions from 12-086",
12-566,12-566,1,833,"Complan powder, savoury, made up with water","complan powder, savoury, made up with water recipe. made up according to packet directions",Recipe. Made up according to packet directions,BH,12-439,Updated 2014,
12-568,12-568,1,834,"Complan powder, sweet, made up with semi-skimmed milk","complan powder, sweet, made up with semi-skimmed milk recipe. made up according to packet directions",Recipe. Made up according to packet directions,BH,12-442,Updated 2014,
12-569,12-569,1,835,"Complan powder, sweet, made up with skimmed milk","complan powder, sweet, made up with skimmed milk recipe. made up according to packet directions",Recipe. Made up according to packet directions,BH,12-443,Updated 2014,
12-567,12-567,1,836,"Complan powder, sweet, made up with water","complan powder, sweet, made up with water recipe. made up according to packet directions",Recipe. Made up according to packet directions,BH,12-440,Updated 2014,
12-570,12-570,1,837,"Complan powder, sweet, made up with whole milk","complan powder, sweet, made up with whole milk recipe. made up according to packet directions",Recipe. Made up according to packet directions,BH,12-441,Updated 2014,
15-723,15-723,1,838,"Coo-coo, homemade","coo-coo, homemade recipe, west indian dish. cornmeal with okra.","Recipe, West Indian dish. Cornmeal with okra.",DR,15-443,Updated 2014. Values estimated from 15-080 where N values are due to cornmeal or okra,
12-501,12-501,1,839,"Cooking fat, compound, not polyunsaturated","cooking fat, compound, not polyunsaturated 6 samples, 3 products, including cookeen, trex, and crisp 'n' dry solid vegetable oil","6 samples, 3 products, including Cookeen, Trex, and Crisp 'n' Dry Solid Vegetable Oil",BTM,17-004,"DH, Nutrient analysis of a range of processed foods with particular reference to trans fatty acids, 2011",
19-486,19-486,1,840,"Coq au vin, homemade","coq au vin, homemade recipe",Recipe,MR,19-338,Updated 2013,
19-571,19-571,1,841,"Coq au vin, homemade, weighed with bone","coq au vin, homemade, weighed with bone recipe, calculated from 19-486","Recipe, calculated from 19-486",MR,19-417,Updated 2014,
13-818,13-818,1,842,"Coriander leaves, dried","coriander leaves, dried literature sources",Literature sources,H,,"Marsh et al. (1977) Composition of foods: spices and herbs, raw, processed and prepared, Agriculture Handbook No. 8-2",
13-888,13-888,1,843,"Coriander leaves, fresh","coriander leaves, fresh literature sources",Literature sources,H,13-817,"USDA SR26, 2013",
13-875,13-875,1,844,Coriander seeds,coriander seeds literature sources,Literature sources,H,13-819,"USDA SR26,2013",
15-724,15-724,1,845,"Corn fritters, fried in rapeseed oil, homemade","corn fritters, fried in rapeseed oil, homemade recipe. west indian dish. sweetcorn-based.",Recipe. West Indian dish. Sweetcorn-based.,DR,15-444,Updated 2014,
15-725,15-725,1,846,"Corn pudding, homemade","corn pudding, homemade recipe. west indian dish. baked sweetcorn pudding.",Recipe. West Indian dish. Baked sweetcorn pudding.,DR,15-725,Updated 2014,
17-645,17-645,1,847,Corn snacks,"corn snacks 6 samples, 4 products, including wotsits, monster munch and own label","6 samples, 4 products, including Wotsits, Monster Munch and own label",SN,17-125,"DH, Nutrient analysis of a range of processed foods with particular reference to trans fatty acids, 2013",
19-572,19-572,1,848,"Corned beef hash, homemade","corned beef hash, homemade recipe",Recipe,MR,19-389,Updated 2014,
19-128,19-128,1,849,"Corned beef, canned","corned beef, canned 10 samples, 4 brands","10 samples, 4 brands",MI,50-507,"Reviewed 2013. Meat Products and Dishes Supplement, 1996; and LGC, Survey of dietary oils and fats, 1981-1982. Vitamin K1 from Bolton-Smith et al Br.J. Nutr.83, 2000. Reviewed in 2013",
12-507,12-507,1,850,Cornetto type ice cream cone,"cornetto type ice cream cone 7 samples, 5 products","7 samples, 5 products",BP,12-386,"DH, Nutrient analysis of a range of processed foods with particular reference to trans fatty acids, 2013",
19-573,19-573,1,851,"Cornish pasty, homemade","cornish pasty, homemade recipe",Recipe,MR,19-360,Updated 2014,
19-466,19-466,1,852,"Cornish pasty, retail","cornish pasty, retail 11 samples, 10 products","11 samples, 10 products",MR,19-316,"DH, Nutrient analysis of a range of processed foods with particular reference to trans fatty acids, 2013",
11-011,11-011,1,853,"Cornmeal, sifted","cornmeal, sifted analytical and literature sources",Analytical and literature sources,AA,,Wu Leung et al. (1968) Food composition table for use in Africa. Reviewed 2014,
19-477,19-477,1,854,"Coronation chicken, homemade","coronation chicken, homemade recipe",Recipe,MR,19-339,Updated 2013,
19-574,19-574,1,855,"Coronation chicken, reduced fat, homemade","coronation chicken, reduced fat, homemade recipe",Recipe,MR,19-390,Updated 2014,
13-628,13-628,1,856,"Courgette, boiled in unsalted water","courgette, boiled in unsalted water 11 samples from uk and spain, ends trimmed. cut into chunks or slices and boiled for 3-8 minutes","11 samples from UK and Spain, ends trimmed. Cut into chunks or slices and boiled for 3-8 minutes",DG,13-231,"PHE, Nutrient analysis of fresh and processed fruit and vegetables with respect to fibre, 2017",
13-668,13-668,1,857,"Courgette, dried","courgette, dried calculated from 13-627",Calculated from 13-627,DI,17-413,"PHE, Nutrient analysis of fresh and processed fruit and vegetables with respect to fibre, 2017",
13-414,13-414,1,858,"Courgette, fried in butter","courgette, fried in butter calculation from fried in corn oil",Calculation from fried in corn oil,DG,,"IFR, The nutritional composition of retail vegetables in the UK, 1984-1987",
13-232,13-232,1,859,"Courgette, fried in corn oil","courgette, fried in corn oil ends trimmed, sliced and shallow fried 5 minutes","Ends trimmed, sliced and shallow fried 5 minutes",DG,50-766,"Reviewed 2013. IFR, The nutritional composition of retail vegetables in the UK, 1984-1987; Vitamin K1 from Bolton-Smith et al Br.J. Nutr.83, 2000",
13-587,13-587,1,860,"Courgette, fried in rapeseed oil","courgette, fried in rapeseed oil calculated from fried in corn oil",Calculated from fried in corn oil,DG,13-415,"IFR, The nutritional composition of retail vegetables in the UK, 1984-1987",
13-627,13-627,1,861,"Courgette, raw","courgette, raw 11 samples from uk and spain, ends trimmed","11 samples from UK and Spain, ends trimmed",DG,13-230,"PHE, Nutrient analysis of fresh and processed fruit and vegetables with respect to fibre, 2017",
13-629,13-629,1,862,"Courgette, roasted in rapeseed oil","courgette, roasted in rapeseed oil 11 samples, mixture of uk and spain, ends trimmed. cut into chunks or slices, coated with 0.5-1 tbsp fat and roasted for 20 minutes","11 samples, mixture of UK and Spain, ends trimmed. Cut into chunks or slices, coated with 0.5-1 tbsp fat and roasted for 20 minutes",DG,,"PHE, Nutrient analysis of fresh and processed fruit and vegetables with respect to fibre, 2017",
15-726,15-726,1,863,"Courgettes with eggs, homemade","courgettes with eggs, homemade recipe. greek dish",Recipe. Greek dish,DR,15-446,Updated 2014,
11-902,11-902,1,864,"Couscous, plain, cooked","couscous, plain, cooked 8 samples, 8 products, wheat","8 samples, 8 products, wheat",AT,,Calculated from raw (11-901),
11-901,11-901,1,865,"Couscous, plain, raw","couscous, plain, raw 8 samples, 8 products, wheat","8 samples, 8 products, wheat",AT,,LGC Nutrient survey of flours and grains 2005,
16-391,16-391,1,866,"Crab, brown meat, purchased cooked","crab, brown meat, purchased cooked 7 samples, 6 products","7 samples, 6 products",JK,,"DH, Nutrient analysis of fish and fish products, 2013",
16-452,16-452,1,867,"Crab, canned in brine, drained","crab, canned in brine, drained 6 cans, 2 brands","6 cans, 2 brands",JK,16-234,"Fish and Fish Products Supplement, 1993; and industry data, 2013",
16-441,16-441,1,868,"Crab, purchased cooked","crab, purchased cooked frozen and chilled. average of brown and white crab meat. analytical data, 2010-2011","Frozen and chilled. Average of brown and white crab meat. Analytical data, 2010-2011",JK,16-331,"DH, Nutrient analysis of fish and fish products, 2013",
16-470,16-470,1,869,"Crab, white and brown meat, purchased cooked, weighed with shell","crab, white and brown meat, purchased cooked, weighed with shell calculated from brown and white crab meat using 0.44 edible conversion factor",Calculated from brown and white crab meat using 0.44 edible conversion factor,JK,16-342,"DH, Nutrient analysis of fish and fish products, 2013",
16-392,16-392,1,870,"Crab, white meat, purchased cooked","crab, white meat, purchased cooked 7 samples, 6 products","7 samples, 6 products",JK,,"DH, Nutrient analysis of fish and fish products, 2013",
11-1134,11-1134,1,871,"Crackers, wholemeal, homemade","crackers, wholemeal, homemade recipe",Recipe,AM,11-572,Updated 2014,
14-073,14-073,1,872,Cranberries,cranberries analysis and literature sources; whole fruit,Analysis and literature sources; whole fruit,FA,,"Fruit and Nuts Supplement, 1992",
17-744,17-744,1,873,Cranberry fruit juice drink,cranberry fruit juice drink manufacturers' data and literature,Manufacturers' data and literature,PE,17-537,"USDA 1998 and industry data, 2013",
16-235,16-235,1,874,"Crayfish, raw","crayfish, raw literature sources",Literature sources,JK,,"Fish and Fish Products Supplement, 1993",
11-820,11-820,1,875,Cream crackers,"cream crackers 10 samples, 6 products","10 samples, 6 products",AM,11-510,"DH, Nutrient analysis of biscuits, buns, cakes and pastries, 2011",
17-358,17-358,1,876,Cream of tartar,cream of tartar as potassium tartrate,As potassium tartrate,WY,,"Miscellaneous Foods Supplement, 1994",
12-342,12-342,1,877,"Cream substitute, double","cream substitute, double 4 samples, including elmlea","4 samples, including Elmlea",BJS,12-128 12-847 50-224,"Reviewed 2013. LGC, Nutrient analysis of ‘other’ milk and cream, 1998. Fatty acids as Fatty Acid Supplement (1998) 12-847",
12-544,12-544,1,878,"Cream substitute, single","cream substitute, single 5 samples, including elmlea","5 samples, including Elmlea",BJS,12-340,"LGC, Nutrient analysis of ‘other’ milk and cream, 1998. Fatty acids from Fatty Acids Supplement (1998) 12-845",
12-337,12-337,1,879,"Cream, dairy, extra thick (24% fat)","cream, dairy, extra thick (24% fat) 16 samples, 4 brands, average of summer and winter","16 samples, 4 brands, average of summer and winter",BJC,,"Reviewed 2013. LGC, Nutrient analysis of ‘other’ milk and cream, 1998. with water soluble vitamin values as single cream",
12-338,12-338,1,880,"Cream, dairy, UHT, canned spray, 85% cream","cream, dairy, uht, canned spray, 85% cream 10 samples, 6 brands","10 samples, 6 brands",BJP,12-124 12-844 50-218,"Reviewed 2013. LGC, Nutrient analysis of ‘other’ milk and cream, 1998; fats as 12-844",
12-339,12-339,1,881,"Cream, dairy, UHT, half fat, canned spray","cream, dairy, uht, half fat, canned spray 4 samples, 1 brand (anchor light)","4 samples, 1 brand (Anchor Light)",BJP,,"Reviewed 2013. LGC, Nutrient analysis of ‘other’ milk and cream, 1998; and estimated from 85% fat canned spray",
12-592,12-592,1,882,"Cream, fresh, clotted","cream, fresh, clotted 17 samples, 3 brands","17 samples, 3 brands",BJC,12-117,"Milk Products and Eggs Supplement, 1989. Iodine updated 2014",
12-334,12-334,1,883,"Cream, fresh, double, including Jersey cream","cream, fresh, double, including jersey cream average of 22 samples of summer and winter cream",Average of 22 samples of summer and winter cream,BJC,12-116 12-843 50-215,"Reviewed 2013. LGC, Nutrient analysis of ‘other’ milk and cream, 1998. Fatty acids as Fatty Acids Supplement (1998) 12-843. Vitamin K1 Bolton-Smith et al, Br J Nutr, 83, 2000","Double cream with added alcohol contains 39.7g fat, 10.3g carbohydrate (8.0g sucrose, 2.0g lactose, 0.3g maltodextrins), 4.98g alcohol, 531kcal energy and 2186kJ energy per 100g"
12-332,12-332,1,884,"Cream, fresh, single","cream, fresh, single average of 22 samples of summer and winter cream",Average of 22 samples of summer and winter cream,BJC,12-113 12-842 50-212,"Reviewed 2013. LGC, Nutrient analysis of ‘other’ milk and cream, 1998. Fatty acids as Fatty Acids Supplement (1998) 12-842",
12-333,12-333,1,885,"Cream, fresh, whipping","cream, fresh, whipping average of 22 samples of summer and winter cream",Average of 22 samples of summer and winter cream,BJC,12-115 50-214,"Reviewed 2013. LGC, Nutrient analysis of ‘other’ milk and cream, 1998; some inorganics and vitamin values from Milk Products and Eggs Supplement (1989) 12-115",
12-112,12-112,1,886,"Cream, half, fresh","cream, half, fresh 10 samples, 5 brands","10 samples, 5 brands",BJC,50-211,"Milk Products and Eggs Supplement, 1989",
12-571,12-571,1,887,"Crème caramel, homemade","crème caramel, homemade recipe",Recipe,BR,12-453,Updated 2014,
12-397,12-397,1,888,"Creme caramel, retail","creme caramel, retail 9 samples, 4 brands","9 samples, 4 brands",BR,12-220 12-875 50-275,"Reviewed 2013. Milk Products and Eggs Supplement (1989) 12-220 and FA Supplements (1998) 12-875 with vitamin E from Milk Marketing Board, 1992 'Fat, Fatty acids and vitamin E content of a selection of biscuits, cakes and desserts'",
17-763,17-763,1,889,Creme egg,creme egg 10 samples,10 samples,SEA,17-544,"LGC, Dairy products and eggs, 1989; and industry data, 2013 (Fatty acid fractions available in obsoleted 17-092, not integrated as proportions are different to new manufacturer's data)",
12-335,12-335,1,890,"Creme fraiche, full fat","creme fraiche, full fat 9 samples, 6 brands, plain","9 samples, 6 brands, plain",BJC,12-896,"Reviewed 2013. LGC, Nutrient analysis of ‘other’ milk and cream, 1998. Fatty acids from Fatty Acids Supplement 12-896",
12-336,12-336,1,891,"Creme fraiche, half fat","creme fraiche, half fat 8 samples, 6 brands, plain","8 samples, 6 brands, plain",BJC,,"Reviewed 2013. LGC, Nutrient analysis of ‘other’ milk and cream, 1998; some values estimated from creme fraiche full fat",
11-822,11-822,1,892,"Crispbread, rye","crispbread, rye 5 samples, 2 products, ryvita original and ryvita dark","5 samples, 2 products, Ryvita original and Ryvita dark",AM,11-511,"DH, Nutrient analysis of biscuits, buns, cakes and pastries, 2011",
11-988,11-988,1,893,Croissants,"croissants 10 samples, 7 brands","10 samples, 7 brands",AG,11-480,"LGC, Nutrient analysis of bread and morning goods, 1999; and industry data, 2013. Some vitamin data from Cereals and Cereal Products Supplement, 1988",
11-1055,11-1055,1,894,"Crumble, apple, homemade","crumble, apple, homemade recipe",Recipe,AS,11-694,Updated 2014,
11-1056,11-1056,1,895,"Crumble, fruit, homemade","crumble, fruit, homemade recipe, apple, plum, gooseberry, rhubarb, homemade","Recipe, apple, plum, gooseberry, rhubarb, homemade",AS,11-695,Updated 2014,
11-1020,11-1020,1,896,"Crumble, fruit, retail","crumble, fruit, retail 10 samples, including apple, apple and blackberry and rhubarb. frozen and chilled","10 samples, including apple, apple and blackberry and rhubarb. Frozen and chilled",AS,11-546,"ADAS Laboratories, Nutrient analysis of ice creams and desserts, 1999",
11-994,11-994,1,897,"Crumble, fruit, wholemeal, homemade","crumble, fruit, wholemeal, homemade apple, gooseberry, plum, rhubarb recipe.","Apple, gooseberry, plum, rhubarb recipe.",AS,11-595,As MW6. Recalculated in 2013,
15-729,15-729,1,898,"Crumble, vegetable, with tinned tomatoes, homemade","crumble, vegetable, with tinned tomatoes, homemade recipe, containing cauliflower, onions, carrots, courgettes, tomatoes, flour and fat spread","Recipe, containing cauliflower, onions, carrots, courgettes, tomatoes, flour and fat spread",DR,15-449,Updated 2014,
15-730,15-730,1,899,"Crumble, vegetable, with tinned tomatoes, wholemeal, homemade","crumble, vegetable, with tinned tomatoes, wholemeal, homemade recipe, containing cauliflower, onions, carrots, courgettes, tomatoes, flour and fat spread","Recipe, containing cauliflower, onions, carrots, courgettes, tomatoes, flour and fat spread",DR,15-450,Updated 2014,
15-727,15-727,1,900,"Crumble, vegetable, with white sauce, homemade","crumble, vegetable, with white sauce, homemade recipe, containing cauliflower, sweetcorn, parlsey, cheese, flour, oil, fat spread and water","Recipe, containing cauliflower, sweetcorn, parlsey, cheese, flour, oil, fat spread and water",DR,15-447,Updated 2014,
15-728,15-728,1,901,"Crumble, vegetable, with white sauce, wholemeal, homemade","crumble, vegetable, with white sauce, wholemeal, homemade recipe, containing cauliflower, sweetcorn, parlsey, cheese, flour, oil, fat spread and water","Recipe, containing cauliflower, sweetcorn, parlsey, cheese, flour, oil, fat spread and water",DR,,Updated 2014,
11-1057,11-1057,1,902,"Crumble, with pie filling, homemade","crumble, with pie filling, homemade recipe",Recipe,AS,11-693,Based on recipe as Cereals and Cereal Products Supplement. Recalculated in 2014,
11-989,11-989,1,903,"Crumpets, toasted","crumpets, toasted 9 samples",9 samples,AP,11-535,"LGC, Nutrient analysis of bread and morning goods, 1999; and industry data, 2013",
13-523,13-523,1,904,"Cucumber, raw, flesh and skin","cucumber, raw, flesh and skin 22 samples, autumn and winter, uk grown and imported","22 samples, autumn and winter, UK grown and imported",DG,13-233,"DH, Nutrient analysis of fruit and vegetables, 2013",
13-889,13-889,1,905,Cumin seeds,cumin seeds literature sources,Literature sources,H,13-820,"USDA SR26, 2013",
13-649,13-649,1,906,"Curly kale, boiled in unsalted water","curly kale, boiled in unsalted water 11 samples, uk, fresh. larger stems and tough ribs removed, boiled for 3-9 minutes","11 samples, UK, fresh. Larger stems and tough ribs removed, boiled for 3-9 minutes",DG,13-541,"PHE, Nutrient analysis of fresh and processed fruit and vegetables with respect to fibre, 2017",
13-234,13-234,1,907,"Curly kale, raw","curly kale, raw main ribs and stalks removed",Main ribs and stalks removed,DG,50-768,"Reviewed 2013. IFR, The nutritional composition of retail vegetables in the UK, 1984-1987; Vitamin K1 from Bolton-Smith et al Br.J. Nutr.83, 2000",
11-1009,11-1009,1,908,"Currant buns, retail","currant buns, retail 9 samples, 5 supermarkets, 3 bakeries","9 samples, 5 supermarkets, 3 bakeries",AF,11-536,"LGC, Nutrient analysis of bread and morning goods, 1999; and industry data, 2013",
11-948,11-948,1,909,"Currant buns, toasted","currant buns, toasted calculated using a weight loss of 10%",Calculated using a weight loss of 10%,AP,,"LGC, Nutrient analysis of bread and morning goods, 1999; and industry data, 2013",
14-074,14-074,1,910,Currants,"currants 10 samples, 9 brands","10 samples, 9 brands",FA,50-883,"LGC, Nutritional composition of fruit products, 1985-1986",
13-821,13-821,1,911,"Curry leaves, fresh","curry leaves, fresh literature sources",Literature sources,H,,"Gopalan et al. (1980) Nutritive value of Indian foods, National Institute of Nutrition, and Wu Leung et al. (1972) Food composition table for use in East Asia",
17-720,17-720,1,912,Curry paste,"curry paste 20 samples, 3 brands","20 samples, 3 brands",WC,17-297,"LFRA, Nutrient analysis of miscellaneous foods, 1992; and industry data, 2013",
13-876,13-876,1,913,Curry powder,curry powder 2 retail samples,2 retail samples,H,13-822,"Vegetables, Herbs and Spices Supplement, 1991. Water soluble vitamins from USDA SR26, 2013",
13-823,13-823,1,914,"Curry powder, mixed flavours","curry powder, mixed flavours homemade, literature sources","Homemade, literature sources",H,,"Wharton et al. (1983) Sorrento Asian food tables: food tables, recipes and customs of mothers attending Sorrento Maternity Hospital, Birmingham, England",
15-731,15-731,1,915,"Curry, almond, homemade","curry, almond, homemade recipe",Recipe,DR,15-451,Updated 2014,
19-547,19-547,1,916,"Curry, beef and spinach, homemade","curry, beef and spinach, homemade recipe",Recipe,MR,19-369,Updated 2014,
19-549,19-549,1,917,"Curry, beef, homemade","curry, beef, homemade recipe",Recipe,MR,19-370,Updated 2014,
19-472,19-472,1,918,"Curry, beef, reduced fat, homemade","curry, beef, reduced fat, homemade recipe",Recipe,MR,19-333,Updated 2013,
19-488,19-488,1,919,"Curry, beef, retail, reheated","curry, beef, retail, reheated 6 samples, 3 brands, meat and sauce only, chilled and frozen","6 samples, 3 brands, meat and sauce only, chilled and frozen",MR,19-169,"LGC, Analytical survey of meat products, 1990-1991; and industry data, 2013",
19-529,19-529,1,920,"Curry, beef, retail, reheated, with rice","curry, beef, retail, reheated, with rice calculated from 57% beef curry (19-169) and 43% retail, ready cooked, plain white rice","Calculated from 57% beef curry (19-169) and 43% retail, ready cooked, plain white rice",MR,19-170,"LGC, Analytical survey of meat products, 1990-1991; industry data, 2013; and LGC, Nutrient survey of flours and grains, 2005",
15-627,15-627,1,921,"Curry, bhindi subji, homemade","curry, bhindi subji, homemade 6 samples, containing okra, onions, tomatoes and spices","6 samples, containing okra, onions, tomatoes and spices",DR,,"University of Leeds, Nutritional analysis of commonly consumed South Asian foods in the UK, 2007",
15-735,15-735,1,922,"Curry, black gram, whole and red kidney bean, homemade","curry, black gram, whole and red kidney bean, homemade recipe",Recipe,DR,15-456,Updated 2014,
15-736,15-736,1,923,"Curry, black gram, whole, Bengali, homemade","curry, black gram, whole, bengali, homemade recipe. thin consistency",Recipe. Thin consistency,DR,15-455,Updated 2014,
15-737,15-737,1,924,"Curry, black gram, whole, Gujerati, homemade","curry, black gram, whole, gujerati, homemade recipe, thick consistency","Recipe, thick consistency",DR,15-455,Updated 2014,
15-738,15-738,1,925,"Curry, black-eye bean, homemade","curry, black-eye bean, homemade recipe, gujerati dish.","Recipe, Gujerati dish.",DR,15-457,Updated 2014,
15-095,15-095,1,926,"Curry, black-eye bean, Punjabi, homemade","curry, black-eye bean, punjabi, homemade recipe from dietary survey records",Recipe from dietary survey records,DR,,As Vegetable Dishes Supplement 1992,
15-739,15-739,1,927,"Curry, Bombay potato, homemade","curry, bombay potato, homemade recipe. potato, tomato and spices","Recipe. Potato, tomato and spices",DR,15-458,Updated 2014,
15-740,15-740,1,928,"Curry, cabbage, masala, homemade","curry, cabbage, masala, homemade recipe. white cabbage in masala sauce",Recipe. White cabbage in masala sauce,DR,15-459,Updated 2014,
15-741,15-741,1,929,"Curry, cauliflower and potato, homemade","curry, cauliflower and potato, homemade recipe, gujerati dish. cauliflower, potato, tomato and onion.","Recipe, Gujerati dish. Cauliflower, potato, tomato and onion.",DR,15-460,Updated 2014,
15-742,15-742,1,930,"Curry, chick pea dahl and spinach, with butter, homemade","curry, chick pea dahl and spinach, with butter, homemade recipe. split chick peas",Recipe. Split chick peas,DR,15-461,Updated 2014,
15-743,15-743,1,931,"Curry, chick pea dahl and spinach, with vegetable oil, homemade","curry, chick pea dahl and spinach, with vegetable oil, homemade recipe. split chick peas",Recipe. Split chick peas,DR,15-462,Updated 2014,
15-641,15-641,1,932,"Curry, chick pea dhal, homemade","curry, chick pea dhal, homemade punjabi dish. split chick peas and tomato. recipe from dietary survey records",Punjabi dish. Split chick peas and tomato. Recipe from dietary survey records,DR,15-371,Updated 2013,
15-748,15-748,1,933,"Curry, chick pea, UK type, homemade","curry, chick pea, uk type, homemade recipe",Recipe,DR,15-464,Updated 2014,
15-745,15-745,1,934,"Curry, chick pea, whole and potato, homemade","curry, chick pea, whole and potato, homemade recipe. gujerati dish containing natural yogurt.",Recipe. Gujerati dish containing natural yogurt.,DR,15-465,Updated 2014,
15-746,15-746,1,935,"Curry, chick pea, whole and tomato, Gujerati, with butter ghee, homemade","curry, chick pea, whole and tomato, gujerati, with butter ghee, homemade recipe. large white chick peas, tomato and onion.","Recipe. Large white chick peas, tomato and onion.",DR,15-466,Updated 2014,
15-747,15-747,1,936,"Curry, chick pea, whole and tomato, Gujerati, with vegetable oil, homemade","curry, chick pea, whole and tomato, gujerati, with vegetable oil, homemade recipe. large white chick peas, tomato and onion.","Recipe. Large white chick peas, tomato and onion.",DR,15-467,Updated 2014,
15-107,15-107,1,937,"Curry, chick pea, whole and tomato, Punjabi, with butter, homemade","curry, chick pea, whole and tomato, punjabi, with butter, homemade chick peas, onion and tomato. recipe from dietary survey records","Chick peas, onion and tomato. Recipe from dietary survey records",DR,,As Vegetable Dishes Supplement 1992,
15-108,15-108,1,938,"Curry, chick pea, whole and tomato, Punjabi, with vegetable oil, homemade","curry, chick pea, whole and tomato, punjabi, with vegetable oil, homemade chick peas, onion and tomato. recipe from dietary survey records","Chick peas, onion and tomato. Recipe from dietary survey records",DR,,As Vegetable Dishes Supplement 1992,
15-744,15-744,1,939,"Curry, chick pea, whole, Gujerati type, homemade","curry, chick pea, whole, gujerati type, homemade recipe,","Recipe,",DR,15-463,Updated 2014,
19-449,19-449,1,940,"Curry, chicken balti, retail","curry, chicken balti, retail 10 samples, chilled, frozen and ambient","10 samples, chilled, frozen and ambient",MR,,"University of Leeds, Nutritional analysis of commonly consumed South Asian foods in the UK; and industry data, 2013",
19-565,19-565,1,941,"Curry, chicken korma, homemade","curry, chicken korma, homemade recipe",Recipe,MR,19-383,Updated 2014,
19-540,19-540,1,942,"Curry, chicken tandoori, retail, reheated","curry, chicken tandoori, retail, reheated 7 samples, 6 brands. 95-96% meat","7 samples, 6 brands. 95-96% meat",MR,19-127,"LGC, Analytical survey of meat products, 1990-1991; and industry data, 2013",
19-296,19-296,1,943,"Curry, chicken tikka masala, retail, reheated","curry, chicken tikka masala, retail, reheated 11 samples, 11 products, chilled and frozen","11 samples, 11 products, chilled and frozen",MIG,341,"LGC, Nutrient analysis of foods important in elderly people, 1994; and industry data, 2013",
19-567,19-567,1,944,"Curry, chicken vindaloo, homemade","curry, chicken vindaloo, homemade recipe",Recipe,MR,19-387,Updated 2014,
19-568,19-568,1,945,"Curry, chicken vindaloo, reduced fat, homemade","curry, chicken vindaloo, reduced fat, homemade recipe",Recipe,MR,19-388,Updated 2014,
19-520,19-520,1,946,"Curry, chicken, average, retail, reheated","curry, chicken, average, retail, reheated 7 samples, 5 brands; korma and masala varieties, chilled and frozen","7 samples, 5 brands; korma and masala varieties, chilled and frozen",MR,,"LGC, Analytical survey of meat products, 1990-1991; and industry data, 2013",
19-528,19-528,1,947,"Curry, chicken, average, retail, reheated with rice","curry, chicken, average, retail, reheated with rice calculated from 55% chicken curry (19-188) and 45% retail, ready cooked, plain white rice","Calculated from 55% chicken curry (19-188) and 45% retail, ready cooked, plain white rice",MR,19-189,"LGC, Analytical survey of meat products, 1990-1991; industry data, 2013; and LGC, Nutrient survey of flours and grains, 2005",
19-322,19-322,1,948,"Curry, chicken, average, takeaway","curry, chicken, average, takeaway 50 samples, 10 each of korma, tikka masala, dhansak, jalfrezi and dopiaza. meat and sauce only","50 samples, 10 each of Korma, Tikka Masala, Dhansak, Jalfrezi and Dopiaza. Meat and sauce only",MR,19-300,"Reviewed 2013. Aspland and James Ltd, Nutrient analysis of ethnic and takeaway foods, 1997. Full fatty acid data for chicken korma is available in 19-300",
19-534,19-534,1,949,"Curry, chicken, made with cook-in sauce","curry, chicken, made with cook-in sauce recipe",Recipe,MR,,Updated 2013,
19-465,19-465,1,950,"Curry, chicken, Thai green, takeaway and restaurant","curry, chicken, thai green, takeaway and restaurant 10 sub-samples, 2 from different establishments in each of 5 regions. dish consists of chicken that has been stir fried in a standard thai green curry sauce (usually includes coconut milk, lemongrass, ginger and peppers)","10 sub-samples, 2 from different establishments in each of 5 regions. Dish consists of chicken that has been stir fried in a standard Thai green curry sauce (usually includes coconut milk, lemongrass, ginger and peppers)",MR,,"Reviewed 2013. Aspland and James Ltd, Nutrient analysis of ethnic takeaway foods, 1997",
15-749,15-749,1,951,"Curry, courgette and potato, homemade","curry, courgette and potato, homemade recipe. punjabi dish. courgette, potato, onion and tomato.","Recipe. Punjabi dish. Courgette, potato, onion and tomato.",DR,15-486,Updated 2014,
15-774,15-774,1,952,"Curry, dudhi, kofta, homemade","curry, dudhi, kofta, homemade recipe. gujerati dish. fried dudhi balls in a tomato and onion sauce",Recipe. Gujerati dish. Fried dudhi balls in a tomato and onion sauce,DR,15-471,Updated 2014,
15-750,15-750,1,953,"Curry, egg and potato, homemade","curry, egg and potato, homemade recipe. egg, potato and tomato","Recipe. Egg, potato and tomato",DR,15-474,Updated 2014,
15-752,15-752,1,954,"Curry, egg, in sweet sauce, UK type, homemade","curry, egg, in sweet sauce, uk type, homemade recipe. eggs in basic uk-type curry sauce. recipe from review of recipe collection",Recipe. Eggs in basic UK-type curry sauce. Recipe from review of recipe collection,DR,15-613,Updated 2014,
15-753,15-753,1,955,"Curry, egg, with butter, homemade","curry, egg, with butter, homemade recipe. punjabi dish. egg, onion and tomato.","Recipe. Punjabi dish. Egg, onion and tomato.",DR,15-472,Updated 2014,
15-754,15-754,1,956,"Curry, egg, with rapeseed oil, homemade","curry, egg, with rapeseed oil, homemade recipe. punjabi dish. egg, onion and tomato.","Recipe. Punjabi dish. Egg, onion and tomato.",DR,15-473,Updated 2014,
16-462,16-462,1,957,"Curry, fish and vegetable, Bangladeshi, homemade","curry, fish and vegetable, bangladeshi, homemade recipe, containing boal, hilsa, mackerel, rohu, onions, courgette, green beans, oil, water and spices","Recipe, containing boal, hilsa, mackerel, rohu, onions, courgette, green beans, oil, water and spices",J,16-348,Updated 2014,
16-446,16-446,1,958,"Curry, fish, Bangladeshi, homemade","curry, fish, bangladeshi, homemade recipe, containing boal, rohu, spices, water and onion","Recipe, containing boal, rohu, spices, water and onion",JR,16-336,Updated 2013,
16-364,16-364,1,959,"Curry, fish, homemade","curry, fish, homemade 5 samples, containing white fish, onions, tomatoes and spices","5 samples, containing white fish, onions, tomatoes and spices",JR,,"University of Leeds, Nutritional analysis of commonly consumed South Asian foods in the UK, 2007",
15-755,15-755,1,960,"Curry, green bean, masala, homemade","curry, green bean, masala, homemade recipe. gujerati dish",Recipe. Gujerati dish,DR,15-475,Updated 2014,
16-455,16-455,1,961,"Curry, haddock, Bengali, homemade","curry, haddock, bengali, homemade recipe",Recipe,JR,16-349,Updated 2014,
16-456,16-456,1,962,"Curry, herring, Bengali, homemade","curry, herring, bengali, homemade recipe",Recipe,JR,16-350,Updated 2014,
15-756,15-756,1,963,"Curry, karela, homemade","curry, karela, homemade recipe. punjabi dish. karela, onion and tomato.","Recipe. Punjabi dish. Karela, onion and tomato.",DR,15-476,Updated 2014,
19-591,19-591,1,964,"Curry, lamb biryani, homemade","curry, lamb biryani, homemade recipe",Recipe,MR,19-397,Updated 2014,
19-592,19-592,1,965,"Curry, lamb biryani, reduced fat, homemade","curry, lamb biryani, reduced fat, homemade recipe",Recipe,MR,19-398,Updated 2014,
19-595,19-595,1,966,"Curry, lamb rogan josh, homemade","curry, lamb rogan josh, homemade recipe",Recipe,MR,19-401,Updated 2014,
19-599,19-599,1,967,"Curry, lamb vindaloo, homemade","curry, lamb vindaloo, homemade recipe",Recipe,MR,19-403,Updated 2014,
19-535,19-535,1,968,"Curry, lamb, made with cook-in sauce","curry, lamb, made with cook-in sauce recipe",Recipe,MR,,Updated 2013,
15-757,15-757,1,969,"Curry, lentil, red/masoor dahl and mung bean dahl, homemade","curry, lentil, red/masoor dahl and mung bean dahl, homemade recipe, thin consistency","Recipe, thin consistency",DR,15-483,Updated 2014,
15-758,15-758,1,970,"Curry, lentil, red/masoor dahl and tomato, Punjabi, homemade","curry, lentil, red/masoor dahl and tomato, punjabi, homemade recipe, thick consistency","Recipe, thick consistency",DR,15-482,Updated 2014,
15-759,15-759,1,971,"Curry, lentil, red/masoor dahl and tomato, with butter, homemade","curry, lentil, red/masoor dahl and tomato, with butter, homemade recipe, thin consistency","Recipe, thin consistency",DR,15-480,Updated 2014,
15-760,15-760,1,972,"Curry, lentil, red/masoor dahl and tomato, with vegetable oil, homemade","curry, lentil, red/masoor dahl and tomato, with vegetable oil, homemade recipe, thin consistency","Recipe, thin consistency",DR,15-481,Updated 2014,
15-761,15-761,1,973,"Curry, lentil, red/masoor dahl and vegetable, UK type, homemade","curry, lentil, red/masoor dahl and vegetable, uk type, homemade recipe, basic uk-type dish. lentil, tomato, carrot and pepper","Recipe, Basic UK-type dish. Lentil, tomato, carrot and pepper",DR,15-484,Updated 2014,
15-125,15-125,1,974,"Curry, lentil, red/masoor dahl, mung bean dahl and tomato, homemade","curry, lentil, red/masoor dahl, mung bean dahl and tomato, homemade punjabi dish. recipe from dietary survey records",Punjabi dish. Recipe from dietary survey records,DR,,"Vegetable Dishes Supplement, 1992",
15-762,15-762,1,975,"Curry, lentil, red/masoor dahl, Punjabi, homemade","curry, lentil, red/masoor dahl, punjabi, homemade recipe, thick consistency","Recipe, thick consistency",DR,15-479,Updated 2014,
15-763,15-763,1,976,"Curry, lentil, red/masoor dahl, with butter, homemade","curry, lentil, red/masoor dahl, with butter, homemade recipe, bangladeshi dish, thin consistancy","Recipe, Bangladeshi dish, thin consistancy",DR,15-477,Updated 2014,
15-764,15-764,1,977,"Curry, lentil, red/masoor dahl, with vegetable oil, homemade","curry, lentil, red/masoor dahl, with vegetable oil, homemade recipe, bangladeshi dish., thin consistancy","Recipe, Bangladeshi dish., thin consistancy",DR,15-479,Updated 2014,
15-765,15-765,1,978,"Curry, lentil, whole/masoor, Gujerati, homemade","curry, lentil, whole/masoor, gujerati, homemade recipe, thick consistency","Recipe, thick consistency",DR,15-485,Updated 2014,
15-766,15-766,1,979,"Curry, lentil, whole/masoor, Punjabi, homemade","curry, lentil, whole/masoor, punjabi, homemade recipe, medium consistency","Recipe, medium consistency",DR,15-486,Updated 2014,
15-767,15-767,1,980,"Curry, mung bean dahl and spinach, homemade","curry, mung bean dahl and spinach, homemade recipe. gujerati dish. split mung beans",Recipe. Gujerati dish. Split mung beans,DR,15-488,Updated 2014,
15-132,15-132,1,981,"Curry, mung bean dahl and tomato, homemade","curry, mung bean dahl and tomato, homemade punjabi dish. recipe from dietary survey records. split mung beans",Punjabi dish. Recipe from dietary survey records. Split mung beans,DR,,"Vegetable Dishes Supplement, 1992",
15-768,15-768,1,982,"Curry, mung bean dahl, Bengali, homemade","curry, mung bean dahl, bengali, homemade recipe. split mung beans. thin consistency",Recipe. Split mung beans. Thin consistency,DR,15-487,Updated 2014,
15-769,15-769,1,983,"Curry, mung bean, whole and turnip leaves, homemade","curry, mung bean, whole and turnip leaves, homemade recipe",Recipe,DR,15-491,Updated 2014,
15-771,15-771,1,984,"Curry, mung bean, whole, Gujerati, homemade","curry, mung bean, whole, gujerati, homemade recipe, thick consistency","Recipe, thick consistency",DR,15-489,Updated 2014,
15-490,15-490,1,985,"Curry, mung bean, whole, Punjabi, homemade","curry, mung bean, whole, punjabi, homemade recipe, medium consistency","Recipe, medium consistency",DR,15-134,Updated 2014,
15-776,15-776,1,986,"Curry, pea and potato, homemade","curry, pea and potato, homemade recipe, canned peas","Recipe, canned peas",DR,15-493,Updated 2014,
15-777,15-777,1,987,"Curry, pigeon pea dahl and tomato, homemade","curry, pigeon pea dahl and tomato, homemade recipe. thin consistency. split pigeon peas",Recipe. Thin consistency. Split pigeon peas,DR,15-496,Updated 2014,
15-778,15-778,1,988,"Curry, pigeon pea dahl with tomatoes and peanuts, homemade","curry, pigeon pea dahl with tomatoes and peanuts, homemade recipe, gujerati, split pigeon peas","Recipe, Gujerati, split pigeon peas",DR,15-497,Updated 2014,
15-779,15-779,1,989,"Curry, pigeon pea dahl, with butter, homemade","curry, pigeon pea dahl, with butter, homemade recipe, split pigeon peas","Recipe, split pigeon peas",DR,15-494,Updated 2014,
15-780,15-780,1,990,"Curry, pigeon pea dahl, with vegetable oil, homemade","curry, pigeon pea dahl, with vegetable oil, homemade recipe, split pigeon peas","Recipe, split pigeon peas",DR,15-495,Updated 2014,
15-781,15-781,1,991,"Curry, potato and pea, homemade","curry, potato and pea, homemade recipe, bangladeshi dish","Recipe, Bangladeshi dish",DR,15-500,Updated 2014,
15-782,15-782,1,992,"Curry, potato, Gujerati, homemade","curry, potato, gujerati, homemade recipe",Recipe,DR,15-498,Updated 2014,
15-783,15-783,1,993,"Curry, potato, Punjabi, homemade","curry, potato, punjabi, homemade recipe",Recipe,DR,15-499,Updated 2014,
16-457,16-457,1,994,"Curry, prawn and mushroom, homemade","curry, prawn and mushroom, homemade recipe",Recipe,J,16-351,Updated 2014,
16-365,16-365,1,995,"Curry, Prawn bhuna, takeaway","curry, prawn bhuna, takeaway 10 samples, 2 from different establishments in each of 5 regions. contains prawns in a dry sauce which includes onions, tomatoes, garlic, chilli and green peppers.","10 samples, 2 from different establishments in each of 5 regions. Contains prawns in a dry sauce which includes onions, tomatoes, garlic, chilli and green peppers.",JR,,"Aspland and James Ltd, Nutrient analysis of ethnic takeaway foods, 1997",
16-366,16-366,1,996,"Curry, Prawn madras, takeaway","curry, prawn madras, takeaway 10 samples, 2 from different establishments in each of 5 regions. sauce consists of tomato puree and spices.","10 samples, 2 from different establishments in each of 5 regions. Sauce consists of tomato puree and spices.",JR,,"Aspland and James Ltd, Nutrient analysis of ethnic takeaway foods, 1997",
16-333,16-333,1,997,"Curry, prawn, takeaway","curry, prawn, takeaway 20 samples, average of 10 bhuna and 10 madras","20 samples, average of 10 Bhuna and 10 Madras",JR,16-278 16-317 16-318,"Reviewed 2013. Aspland and James Ltd, Nutrient analysis of ethnic and takeaway foods, 1997. Fatty acids average of Fatty Acids Supplement 16-317/318",
15-784,15-784,1,998,"Curry, red kidney and mung bean, whole, homemade","curry, red kidney and mung bean, whole, homemade recipe",Recipe,DR,15-502,"Updated 2014. Ingredient proportions derived from dietary survey records, no information available on spices used in recipe.",
15-785,15-785,1,999,"Curry, red kidney bean, Gujerati, homemade","curry, red kidney bean, gujerati, homemade recipe, thin-medium consistency","Recipe, thin-medium consistency",DR,15-501,Updated 2014,
15-146,15-146,1,1000,"Curry, red kidney bean, Punjabi, homemade","curry, red kidney bean, punjabi, homemade recipe from dietary survey records. medium consistency",Recipe from dietary survey records. Medium consistency,DR,,"Vegetable Dishes Supplement, 1992",
15-787,15-787,1,1001,"Curry, spinach and potato, masala, homemade","curry, spinach and potato, masala, homemade recipe, frozen spinach and potato in masala sauce.","Recipe, Frozen spinach and potato in masala sauce.",DR,15-504,Updated 2014,
15-634,15-634,1,1002,"Curry, Thai, stir-fry vegetable, takeaway and restaurant","curry, thai, stir-fry vegetable, takeaway and restaurant 10 sub-samples, 2 from different establishments in each of 5 regions","10 sub-samples, 2 from different establishments in each of 5 regions",DR,,"Aspland and James Ltd, Nutrient analysis of ethnic takeaway foods, 1997",
15-788,15-788,1,1003,"Curry, tinda gourd and potato, homemade","curry, tinda gourd and potato, homemade recipe. punjabi dish. tinda gourd, potato, tomato and onion.","Recipe. Punjabi dish. Tinda gourd, potato, tomato and onion.",DR,15-505,Updated 2014,
15-789,15-789,1,1004,"Curry, vegetable, frozen mixed vegetables, homemade","curry, vegetable, frozen mixed vegetables, homemade recipe. frozen mixed vegetables and potato.",Recipe. Frozen mixed vegetables and potato.,DR,15-506,Updated 2014,
15-790,15-790,1,1005,"Curry, vegetable, in sweet sauce, UK type, homemade","curry, vegetable, in sweet sauce, uk type, homemade recipe. vegetables in a basic uk-type curry sauce. recipe from review of recipe collection",Recipe. Vegetables in a basic UK-type curry sauce. Recipe from review of recipe collection,DR,15-612,Updated 2014,
15-791,15-791,1,1006,"Curry, vegetable, Islami, homemade","curry, vegetable, islami, homemade recipe",Recipe,DR,15-507,Updated 2014,
15-792,15-792,1,1007,"Curry, vegetable, Pakistani, homemade","curry, vegetable, pakistani, homemade recipe. assorted vegetables, includes coconut","Recipe. Assorted vegetables, includes coconut",DR,15-508,Updated 2014,
15-619,15-619,1,1008,"Curry, vegetable, ready meal, without rice, cooked","curry, vegetable, ready meal, without rice, cooked 10 samples, 10 products, frozen and chilled, including generic vegetable curry, korma, dhansak and jalfrezi","10 samples, 10 products, frozen and chilled, including generic vegetable curry, korma, dhansak and jalfrezi",DR,,"Direct Laboratories, Nutrient analysis catch up project, 2003; and industry data, 2013",
15-892,15-892,1,1009,"Curry, vegetable, retail, with rice","curry, vegetable, retail, with rice calculated using 54% retail curry (15-619) and 46% plain ready cooked rice (11-884)",Calculated using 54% retail curry (15-619) and 46% plain ready cooked rice (11-884),DR,15-155,Calculated 2014,
15-793,15-793,1,1010,"Curry, vegetable, West Indian, homemade","curry, vegetable, west indian, homemade recipe. aubergine, okra, spinach and potato.","Recipe. Aubergine, okra, spinach and potato.",DR,15-509,Updated 2014,
15-794,15-794,1,1011,"Curry, vegetable, with yogurt, UK type, homemade","curry, vegetable, with yogurt, uk type, homemade recipe. basic uk-type curry. mixed vegetables with yogurt.",Recipe. Basic UK-type curry. Mixed vegetables with yogurt.,DR,15-510,Updated 2014,
14-075,14-075,1,1012,"Custard apple/Bullock's heart, flesh only","custard apple/bullock's heart, flesh only literature sources, annona reticulata","Literature sources, Annona reticulata",FA,,"Fruit and Nuts Supplement, 1992",
11-1138,11-1138,1,1013,Custard powder,"custard powder taken as cornflour (11-1045) except na, cl and cu","Taken as cornflour (11-1045) except Na, Cl and Cu",AA,,"LGC, Nutrient survey of flours and grains, 2005; MW4, 1978; and industry data, 2014",
12-572,12-572,1,1014,"Custard, confectioners'","custard, confectioners' recipe",Recipe,BR,12-421,Updated 2014,
12-573,12-573,1,1015,"Custard, egg","custard, egg recipe",Recipe,BR,12-454,Updated 2014,
12-519,12-519,1,1016,"Custard, made up with semi-skimmed milk","custard, made up with semi-skimmed milk recipe",Recipe,BR,12-413,Updated 2013,
12-574,12-574,1,1017,"Custard, made up with skimmed milk","custard, made up with skimmed milk recipe",Recipe,BR,12-423,Updated 2014,
12-575,12-575,1,1018,"Custard, made up with whole milk","custard, made up with whole milk recipe",Recipe,BR,12-412,Updated 2014,
12-543,12-543,1,1019,"Custard, ready to eat, canned and tetra-pak","custard, ready to eat, canned and tetra-pak 10 samples, 3 brands, ambient","10 samples, 3 brands, ambient",BR,12-399,"Campden and Chorleywood FRA, Nutrient analysis of yoghurts, fromage frais and chilled desserts, 1998; and industry data, 2013. Fatty acids as Fatty Acids Supplement (1998) 12-876",
16-254,16-254,1,1020,"Cuttlefish, raw","cuttlefish, raw literature sources",Literature sources,JM,,"Wu Leung et al (1972) Food composition table for use in East Asia, and Exler (1987) Composition of foods: finfish and shellfish products, raw, processed and prepared",
16-038,16-038,1,1021,"Dab, raw","dab, raw literature sources",Literature sources,JA,,"Souci-Fachman-Kraut (1989) Food composition and nutrition tables 1989/90, and literature sources",
13-484,13-484,1,1022,"Dahl, mixed, homemade","dahl, mixed, homemade 5 samples, mixed lentils in spices","5 samples, mixed lentils in spices",DB,,"University of Leeds, Nutritional analysis of commonly consumed South Asian foods in the UK, 2007",
15-511,15-511,1,1023,"Dal Dhokari, homemade","dal dhokari, homemade recipe. gujerati dish. pastry shapes in pigeon pea sauce.",Recipe. Gujerati dish. Pastry shapes in pigeon pea sauce.,DR,15-159,,
14-077,14-077,1,1024,"Damsons, flesh and skin, raw","damsons, flesh and skin, raw flesh and skin",Flesh and skin,FA,,"MW4, 1978. Values revised for Fruit and Nuts Supplement, 1992",
14-078,14-078,1,1025,"Damsons, flesh and skin, raw, weighed with stones","damsons, flesh and skin, raw, weighed with stones calculated from 14-077",Calculated from 14-077,FA,50-884,"Fruit and Nuts Supplement, 1992",
14-079,14-079,1,1026,"Damsons, stewed with sugar","damsons, stewed with sugar calculated from 1050g fruit, 210g water, 126g sugar","Calculated from 1050g fruit, 210g water, 126g sugar",FA,50-885,"Fruit and Nuts Supplement, 1992",
14-080,14-080,1,1027,"Damsons, stewed with sugar, weighed with stones","damsons, stewed with sugar, weighed with stones calculated from 14-079",Calculated from 14-079,FA,,"Fruit and Nuts Supplement, 1992",
14-081,14-081,1,1028,"Damsons, stewed without sugar","damsons, stewed without sugar calculated from 1050g fruit, 210g water","Calculated from 1050g fruit, 210g water",FA,,"Fruit and Nuts Supplement, 1992",
14-082,14-082,1,1029,"Damsons, stewed without sugar, weighed with stones","damsons, stewed without sugar, weighed with stones calculated from 14-081",Calculated from 14-081,FA,,"Fruit and Nuts Supplement, 1992",
14-394,14-394,1,1030,"Dates, dried, flesh and skin","dates, dried, flesh and skin 10 samples, 9 products, including whole and chopped, not including partially rehydrated dates. no added glucose syrup","10 samples, 9 products, including whole and chopped, not including partially rehydrated dates. No added glucose syrup",FA,14-085,"PHE, Nutrient analysis of fresh and processed fruit and vegetables with respect to fibre, 2017",
14-399,14-399,1,1031,"Dates, dried, flesh and skin, weighed with stones","dates, dried, flesh and skin, weighed with stones calculated from 14-394",Calculated from 14-394,FA,14-086,"PHE, Nutrient analysis of fresh and processed fruit and vegetables with respect to fibre, 2017",
14-083,14-083,1,1032,"Dates, raw, flesh and skin","dates, raw, flesh and skin 5 samples;",5 samples;,FA,,"LGC, Fruit and vegetables, 1989-1990; vitamin K1 from Bolton-Smith et al, Br.J. Nutr 83, 2000",
14-084,14-084,1,1033,"Dates, raw, flesh and skin, weighed with stones","dates, raw, flesh and skin, weighed with stones calculated from whole raw dates, 14-083","Calculated from whole raw dates, 14-083",FA,50-886,"LGC, Fruit and vegetables, 1989-1990",
12-398,12-398,1,1034,"Desserts, dairy, chocolate","desserts, dairy, chocolate 8 samples, 4 brands including milk chocolate and caramel and white chocolate dessert pots, chilled","8 samples, 4 brands including milk chocolate and caramel and white chocolate dessert pots, chilled",BR,12-912,"Reviewed 2013. LGC, Nutritional analysis of foods commonly consumed by schoolchildren, 1995. Fats from Fatty Acid Supplement 12-912",
19-576,19-576,1,1035,"Devilled kidneys, homemade","devilled kidneys, homemade recipe",Recipe,MR,19-392,Updated 2014,
13-826,13-826,1,1036,Dill seeds,dill seeds literature sources,Literature sources,H,,"Marsh et al. (1977) Composition of foods: spices and herbs, raw, processed and prepared, Agriculture Handbook No. 8-2",
13-825,13-825,1,1037,"Dill, dried","dill, dried literature sources",Literature sources,H,,"Vegetables, Herbs and Spices Supplement, 1991",
13-824,13-824,1,1038,"Dill, fresh","dill, fresh 6 samples and literature sources",6 samples and literature sources,H,,"Vegetables, Herbs and Spices Supplement, 1991",
17-299,17-299,1,1039,"Dips, sour-cream based, assorted flavours","dips, sour-cream based, assorted flavours 7 samples, 4 brands;","7 samples, 4 brands;",WCG,,"Reviewed 2013. RHM Technology, Nutrient analysis of selected foods, 1995",
17-677,17-677,1,1040,"Dips, sour-cream based, reduced fat","dips, sour-cream based, reduced fat label data",Label data,WCG,,"Industry data, 2013",
19-526,19-526,1,1041,Doner kebab in pitta bread with salad,"doner kebab in pitta bread with salad calculated from 50% doner kebab (19-129), 22% pitta bread and 28% salad","Calculated from 50% doner kebab (19-129), 22% pitta bread and 28% salad",MR,19-130,Updated 2013,
19-539,19-539,1,1042,"Doner kebabs, meat only","doner kebabs, meat only 20 samples from assorted takeaways",20 samples from assorted takeaways,MR,19-129,"Reviewed 2013. LGC, Nutrient analysis of retail cuts of lamb, 1993-1994",
15-513,15-513,1,1043,"Dosa, filling, vegetable, homemade","dosa, filling, vegetable, homemade recipe. filling for dosa pancakes.",Recipe. Filling for Dosa pancakes.,DR,15-161,Recipe as Vegetable Dishes 15-161,
11-850,11-850,1,1044,"Doughnuts, ring, iced","doughnuts, ring, iced 10 samples, branded and own brand","10 samples, branded and own brand",AP,11-244,"DH, Nutrient analysis of biscuits, buns, cakes and pastries, 2011",
11-849,11-849,1,1045,"Doughnuts, with jam","doughnuts, with jam 10 samples, branded and own brand","10 samples, branded and own brand",AP,11-242,"DH, Nutrient analysis of biscuits, buns, cakes and pastries, 2011",
16-039,16-039,1,1046,"Dover sole, raw","dover sole, raw literature sources",Literature sources,JA,,"Souci-Fachman-Kraut (1989) Food composition and nutrition tables 1989/90, and literature sources",
17-715,17-715,1,1047,"Dressing, blue cheese","dressing, blue cheese 7 samples, 2 brands","7 samples, 2 brands",WCG,17-300,"LFRA, Nutrient analysis of miscellaneous foods, 1992; and industry data, 2013. Fatty acids calculated from Fatty Acid Supplement, 1998 and phytosterols from Fatty Acid Supplement, 1998",
17-701,17-701,1,1048,"Dressing, French","dressing, french 8 samples, 6 brands","8 samples, 6 brands",WCG,17-509,"LFRA, Nutrient analysis of miscellaneous foods, 1992; and industry data, 2013",
17-716,17-716,1,1049,"Dressing, French, fat free","dressing, french, fat free manufacturer's data (kraft)",Manufacturer's data (Kraft),WCG,17-538,"Industry data, 2013; minerals and vitamins as Miscellaneous Foods (1994), 17-301",
17-787,17-787,1,1050,"Dressing, French, homemade","dressing, french, homemade recipe",Recipe,WC,17-579,Updated 2014,
17-788,17-788,1,1051,"Dressing, oil and lemon, homemade","dressing, oil and lemon, homemade recipe",Recipe,WC,17-611,Updated 2014,
17-717,17-717,1,1052,"Dressing, thousand island","dressing, thousand island 7 samples, 4 brands","7 samples, 4 brands",WCG,17-306,"LFRA, Nutrient analysis of miscellaneous foods, 1992; industry data, 2013; and fatty acids calculated from Fatty Acid Supplement. 1998 and phytosterols from Fatty Acid Supplement, 1998",
17-789,17-789,1,1053,"Dressing, yogurt, homemade","dressing, yogurt, homemade recipe",Recipe,WC,17-612,Updated 2014,
14-087,14-087,1,1054,Dried mixed fruit,"dried mixed fruit calculated as sultanas 49%, currants 24%, raisins 18% and peel 9%","Calculated as sultanas 49%, currants 24%, raisins 18% and peel 9%",FA,50-888,"Reviewed 2013. Fruit and Nuts Supplement, 1992",
17-790,17-790,1,1055,"Drinking chocolate powder, made up with semi-skimmed milk","drinking chocolate powder, made up with semi-skimmed milk calculated from 18g powder to 200ml milk",Calculated from 18g powder to 200ml milk,PAA,17-532,Updated 2014,
17-791,17-791,1,1056,"Drinking chocolate powder, made up with skimmed milk","drinking chocolate powder, made up with skimmed milk recipe. made up according to packet directions.calculated from 18g powder to 200ml milk",Recipe. Made up according to packet directions.Calculated from 18g powder to 200ml milk,PAA,17-559,Updated 2014,
17-792,17-792,1,1057,"Drinking chocolate powder, made up with whole milk","drinking chocolate powder, made up with whole milk calculated from 18g powder to 200ml milk",Calculated from 18g powder to 200ml milk,PAA,17-533,Updated 2014,
17-498,17-498,1,1058,"Drinking chocolate, powder","drinking chocolate, powder 10 tins, 3 brands","10 tins, 3 brands",PAA,12-093 12-883 50-1064,"Reviewed 2013. RHM, Nutrient content of selected foods, 1995, Food Surveillance Information Sheet No. 70, fats from Fatty Acids Supplement, 1998 (12-883). Fibre fractions from 12-093",
17-499,17-499,1,1059,"Drinking chocolate, powder, reduced fat","drinking chocolate, powder, reduced fat 10 samples, 4 brands","10 samples, 4 brands",PAA,,"Reviewed 2013. RHM, Nutrient content of selected foods, 1995, Food Surveillance Information Sheet No. 70 . Fats, inorganics and water soluble vitamins estimated from drinking chocolate powder",
17-487,17-487,1,1060,"Dripping, beef","dripping, beef 5 samples, different brands","5 samples, different brands",OF,17-006 17-472 50-317,"Reviewed 2013. MW1, 1940 with fatty acids from Fatty Acids Supplement 17-472 (1998).Vit E from Milk Marketing Board, Fat, Fatty acids and vit E content of a selection of biscuits, cakes and desserts, 1992. Vit K1 Bolton-Smith et al, Br J Nutr, 83, 2000",
13-237,13-237,1,1061,"Drumstick leaves, boiled in unsalted water","drumstick leaves, boiled in unsalted water literature sources",Literature sources,DG,,"Wu Leung et al. (1972) Food composition table for use in East Asia, Food and Agriculature Organization and US Department of Health, and Haytowitz and Matthews (1984) Composition of foods: vegetables and vegetable products, raw, processed and prepared",
13-236,13-236,1,1062,"Drumstick leaves, raw","drumstick leaves, raw literature sources",Literature sources,DG,,"Wu Leung et al. (1972) Food composition table for use in East Asia, Food and Agriculature Organization and US Department of Health",
13-239,13-239,1,1063,"Drumstick pods, boiled in unsalted water","drumstick pods, boiled in unsalted water literature sources",Literature sources,DG,,"Haytowitz and Matthews (1984) Composition of foods: vegetables and vegetable products, raw, processed and prepared",
13-238,13-238,1,1064,"Drumstick pods, raw","drumstick pods, raw literature sources",Literature sources,DG,,"Haytowitz and Matthews (1984) Composition of foods: vegetables and vegetable products, raw, processed and prepared",
19-578,19-578,1,1065,"Duck a l'orange, excluding fat and skin, homemade","duck a l'orange, excluding fat and skin, homemade recipe",Recipe,MR,19-393,Updated 2014,
19-579,19-579,1,1066,"Duck a l'orange, including fat and skin, homemade","duck a l'orange, including fat and skin, homemade recipe",Recipe,MR,19-394,Updated 2014,
19-580,19-580,1,1067,"Duck with pineapple, homemade","duck with pineapple, homemade recipe",Recipe,MR,19-396,Updated 2014,
18-490,18-490,1,1068,"Duck, crispy, chinese style, meat and skin","duck, crispy, chinese style, meat and skin 10 samples from chinese takeaways, seasoned roasted duck","10 samples from chinese takeaways, seasoned roasted duck",MCC,,"Reviewed 2013. Aspland and James Ltd, Nutrient analysis of ethnic takeaway foods, 1997",
18-489,18-489,1,1069,"Duck, meat only, raw","duck, meat only, raw 19 samples, meat from dressed carcase","19 samples, meat from dressed carcase",MCC,18-369 40-327 50-445 18-461,"Reviewed 2013. LGC, Poultry and game surveys, 1983-1984; and RHM, Fatty acids in foods, 1993. Selenium from 'Analysis of foods for Selenium' 1994.",
18-495,18-495,1,1070,"Duck, raw, meat only, weighed with fat, skin and bone","duck, raw, meat only, weighed with fat, skin and bone calculated from 18-489",Calculated from 18-489,MCC,18-370,"Meat, Poultry and Game Supplement, 1995; and LGC, Poultry and game surveys, 1983-1984. Selenium calculated from 'Analysis of foods for Selenium' 1994.",
18-371,18-371,1,1071,"Duck, raw, meat, fat and skin","duck, raw, meat, fat and skin 10 samples; meat, fat and skin = 0.57 of dressed carcase","10 samples; meat, fat and skin = 0.57 of dressed carcase",MCC,50-446 18-462,"As Meat, Poultry and Game Supplement, 1995; and LGC, Poultry and game surveys, 1983-1984. Additional fatty acid data from a different sample is available from 18-462.",
18-372,18-372,1,1072,"Duck, roasted, meat only","duck, roasted, meat only 10 samples from dressed carcase",10 samples from dressed carcase,MCC,50-447 18-463,"Updated 2013. LGC, Poultry and game surveys, 1983-1984",
18-373,18-373,1,1073,"Duck, roasted, meat only, weighed with fat, skin and bone","duck, roasted, meat only, weighed with fat, skin and bone calculated from 18-372",Calculated from 18-372,MCC,,"As Meat, Poultry and Game Supplement; LGC, Poultry and game surveys, 1983-1984; and Fatty Acid Supplement, 1998",
18-374,18-374,1,1074,"Duck, roasted, meat, fat and skin","duck, roasted, meat, fat and skin 20 samples; meat, fat and skin = 0.42 of dressed carcase","20 samples; meat, fat and skin = 0.42 of dressed carcase",MCC,50-448 14-464,"Updated 2013. LGC, Poultry and game surveys, 1983-1984 (fatty acid data from a different sample with a higher fat content is available in 18-464)",
11-962,11-962,1,1075,"Dumplings, homemade","dumplings, homemade recipe",Recipe,AT,11-603,As MW6. Recalculated in 2013,
14-088,14-088,1,1076,"Durian, flesh only","durian, flesh only literature sources",Literature sources,FA,,"Fruit and Nuts Supplement, 1992",
11-838,11-838,1,1077,"Eccles cakes, retail","eccles cakes, retail 10 samples, 6 products","10 samples, 6 products",AN,11-589,"DH, Nutrient analysis of biscuits, buns, cakes and pastries, 2011",
16-036,16-036,1,1078,"Eel, conger, flesh only, grilled","eel, conger, flesh only, grilled calculated from raw 16-035, steaks","Calculated from raw 16-035, steaks",JA,,"Fish and Fish Products Supplement, 1993",
16-037,16-037,1,1079,"Eel, conger, flesh only, grilled, weighed with bones and skin","eel, conger, flesh only, grilled, weighed with bones and skin calculated from grilled 16-036",Calculated from grilled 16-036,JA,,"Fish and Fish Products Supplement, 1993",
16-035,16-035,1,1080,"Eel, conger, flesh only, raw","eel, conger, flesh only, raw literature sources",Literature sources,JA,,"Fish and Fish Products Supplement, 1993",
16-173,16-173,1,1081,"Eel, yellow, raw","eel, yellow, raw analytical and literature sources",Analytical and literature sources,JC,,"Fish and Fish Products Supplement, 1993",
12-950,12-950,1,1082,Egg fu yung,egg fu yung recipe,Recipe,CDE,12-931,Updated 2014,
17-793,17-793,1,1083,"Egg nog, homemade","egg nog, homemade recipe",Recipe,QI,17-578,Updated 2014,
12-945,12-945,1,1084,"Eggs, chicken, scrambled, with semi-skimmed milk","eggs, chicken, scrambled, with semi-skimmed milk recipe",Recipe,CD,12-926,Updated 2014,
12-941,12-941,1,1085,"Eggs, chicken, white, boiled","eggs, chicken, white, boiled 12 samples from 3 egg distribution centres, including enriched cage, barn, free-range and organic","12 samples from 3 egg distribution centres, including enriched cage, barn, free-range and organic",CA,,"DH, Nutrient analysis of eggs, 2012",
12-960,12-960,1,1086,"Eggs, chicken, white, dried","eggs, chicken, white, dried calculated from egg white, raw (12-938) and old code (17-414)","Calculated from egg white, raw (12-938) and old code (17-414)",CA,17-414,Updated 2014,
12-938,12-938,1,1087,"Eggs, chicken, white, raw","eggs, chicken, white, raw 12 samples from 3 egg distribution centres, including enriched cage, barn, free-range and organic","12 samples from 3 egg distribution centres, including enriched cage, barn, free-range and organic",CA,12-804,"DH, Nutrient analysis of eggs, 2012",
12-940,12-940,1,1088,"Eggs, chicken, whole, boiled","eggs, chicken, whole, boiled 12 samples from 3 egg distribution centres, including enriched cage, barn, free-range and organic","12 samples from 3 egg distribution centres, including enriched cage, barn, free-range and organic",CA,12-806,"DH, Nutrient analysis of eggs, 2012",
12-961,12-961,1,1089,"Eggs, chicken, whole, dried","eggs, chicken, whole, dried calculated from whole raw egg (12-937) and old code (12-807)",Calculated from whole raw egg (12-937) and old code (12-807),CA,12-807,Updated 2014,
12-944,12-944,1,1090,"Eggs, chicken, whole, fried in sunflower oil","eggs, chicken, whole, fried in sunflower oil 12 samples from 3 egg distribution centres, including enriched cage, barn, free-range and organic","12 samples from 3 egg distribution centres, including enriched cage, barn, free-range and organic",CA,12-919,"DH, Nutrient analysis of eggs, 2012",
12-962,12-962,1,1091,"Eggs, chicken, whole, fried, without fat","eggs, chicken, whole, fried, without fat calculated from raw whole eggs (12-937) and old code (12-809)",Calculated from raw whole eggs (12-937) and old code (12-809),CA,12-809,Updated 2014,
12-943,12-943,1,1092,"Eggs, chicken, whole, poached","eggs, chicken, whole, poached 12 samples from 3 egg distribution centres, including enriched cage, barn, free-range and organic","12 samples from 3 egg distribution centres, including enriched cage, barn, free-range and organic",CA,12-810,"DH, Nutrient analysis of eggs, 2012",
12-937,12-937,1,1093,"Eggs, chicken, whole, raw","eggs, chicken, whole, raw 12 samples from 3 egg distribution centres, including enriched cage, barn, free-range and organic","12 samples from 3 egg distribution centres, including enriched cage, barn, free-range and organic",CA,12-918,"DH, Nutrient analysis of eggs, 2012",
12-963,12-963,1,1094,"Eggs, chicken, whole, scrambled, without milk","eggs, chicken, whole, scrambled, without milk calculated from whole raw eggs (12-937) and old code (12-812)",Calculated from whole raw eggs (12-937) and old code (12-812),CA,12-812,Updated 2014,
12-942,12-942,1,1095,"Eggs, chicken, yolk, boiled","eggs, chicken, yolk, boiled 12 samples from 3 egg distribution centres, including enriched cage, barn, free-range and organic","12 samples from 3 egg distribution centres, including enriched cage, barn, free-range and organic",CA,,"DH, Nutrient analysis of eggs, 2012",
12-939,12-939,1,1096,"Eggs, chicken, yolk, raw","eggs, chicken, yolk, raw 12 samples from 3 egg distribution centres, including enriched cage, barn, free-range and organic","12 samples from 3 egg distribution centres, including enriched cage, barn, free-range and organic",CA,12-805,"DH, Nutrient analysis of eggs, 2012",
12-814,12-814,1,1097,"Eggs, duck, boiled and salted","eggs, duck, boiled and salted 20 eggs from 7 different chinese shops",20 eggs from 7 different Chinese shops,CA,,"Milk Products and Eggs Suppplement, 1989",
12-920,12-920,1,1098,"Eggs, duck, whole, raw","eggs, duck, whole, raw analytical and literature sources. ref. posati and orr (1976)",Analytical and literature sources. Ref. Posati and Orr (1976),CA,12-813 12-880 50-297,"Posati and Orr (1979) Composition of foods, dairy and egg products, raw, processed and prepared. Agr. Handbook No 8-1. fats and fatty acids from Fatty Acids Supplement (1998) 12-880, Data as Milk Products and Eggs Supplement 12-813",
12-815,12-815,1,1099,"Eggs, quail, whole, raw","eggs, quail, whole, raw analytical and literature sources",Analytical and literature sources,CA,12-881,"Posati and Orr (1979) Composition of foods, dairy and egg products, raw, processed and prepared. Agr. Handbook No 8-1. As Milk Products and Eggs Supplement 12-815, with fatty acids from Fatty Acids Supplement 12-881",
12-816,12-816,1,1100,"Eggs, turkey, whole, raw","eggs, turkey, whole, raw literature sources",Literature sources,CA,,"Posati and Orr (1979) Composition of foods, dairy and egg products, raw, processed and prepared. Agr. Handbook No 8-1",
14-089,14-089,1,1101,"Elderberries, whole fruit","elderberries, whole fruit literature sources",Literature sources,FA,,"Gebhardt et al. (1982) Composition of foods: fruits and fruit juices, raw, processed and prepared, Agriculture Handbook No. 8-9, and Souci-Fachman-Kraut (1987) Food composition and nutrition tables 1986/87, 3rd revised and completed edition.",
19-586,19-586,1,1102,"Enchiladas, beef, homemade","enchiladas, beef, homemade recipe",Recipe,MR,19-371,Updated 2014,
13-240,13-240,1,1103,"Endive, raw","endive, raw cichorium endivia, leaves only","Cichorium endivia, leaves only",DG,,"MW4, 1978. Values revised for Vegetables, Herbs and Spices Supplement, 1991",
17-672,17-672,1,1104,"Energy drink, carbonated","energy drink, carbonated including red bull, monster, eq8, kx, relentless and own brands","Including Red Bull, Monster, EQ8, Kx, Relentless and own brands",PCA,,"Industry data, 2013",
19-131,19-131,1,1105,"Faggots in gravy, retail, reheated","faggots in gravy, retail, reheated 8 samples, 3 brands. 11-35% meat, chilled and frozen","8 samples, 3 brands. 11-35% meat, chilled and frozen",MR,50-509,"Reviewed 2013. LGC, Nutritional analysis of meat and poultry products, 1994-1995",
19-464,19-464,1,1106,"Fajita, chicken, meat only, takeaway and restaurant","fajita, chicken, meat only, takeaway and restaurant 10 sub-samples, 2 from different establishments in each of 5 regions. consists of chicken, onions and peppers","10 sub-samples, 2 from different establishments in each of 5 regions. Consists of chicken, onions and peppers",MR,,"Reviewed 2013. Aspland and James Ltd, Nutrient analysis of ethnic takeaway foods, 1997",
15-795,15-795,1,1107,"Falafel, fried in rapeseed oil, homemade","falafel, fried in rapeseed oil, homemade recipe. middle-eastern dish. deep fried chick pea balls.",Recipe. Middle-Eastern dish. Deep fried chick pea balls.,DR,15-514,Updated 2014,
12-497,12-497,1,1108,"Fat spread, low fat (26-39%), not polyunsaturated, including dairy type","fat spread, low fat (26-39%), not polyunsaturated, including dairy type 7 samples, 5 products, vegetable oil/dairy blend, including i can't believe it's not butter light and own brands","7 samples, 5 products, vegetable oil/dairy blend, including I Can't Believe It's Not Butter Light and own brands",OA,17-552 17-017,"DH, Nutrient analysis of a range of processed foods with particular reference to trans fatty acids, 2011",
12-498,12-498,1,1109,"Fat spread, low fat (26-39%), not polyunsaturated, with olive oil","fat spread, low fat (26-39%), not polyunsaturated, with olive oil 8 samples, 4 products, including bertolli light spread and own brands","8 samples, 4 products, including Bertolli Light Spread and own brands",OA,,"DH, Nutrient analysis of a range of processed foods with particular reference to trans fatty acids, 2011",
12-499,12-499,1,1110,"Fat spread, low fat (26-39%), polyunsaturated","fat spread, low fat (26-39%), polyunsaturated 10 samples, 5 products, including flora light and own brands","10 samples, 5 products, including Flora Light and own brands",OA,17-027,"DH, Nutrient analysis of a range of processed foods with particular reference to trans fatty acids, 2011",
12-504,12-504,1,1111,"Fat spread, reduced fat (41-62%), not polyunsaturated","fat spread, reduced fat (41-62%), not polyunsaturated 11 samples, 8 products, including i can't believe it's not butter, utterly butterly, and own brands","11 samples, 8 products, including I Can't Believe It's Not Butter, Utterly Butterly, and own brands",OA,17-016,"DH, Nutrient analysis of a range of processed foods with particular reference to trans fatty acids, 2011",
12-505,12-505,1,1112,"Fat spread, reduced fat (41-62%), not polyunsaturated, with olive oil","fat spread, reduced fat (41-62%), not polyunsaturated, with olive oil 10 samples, 6 products, including bertolli spread and own brands","10 samples, 6 products, including Bertolli Spread and own brands",OA,17-025,"DH, Nutrient analysis of a range of processed foods with particular reference to trans fatty acids, 2011",
12-503,12-503,1,1113,"Fat spread, reduced fat (41-62%), polyunsaturated","fat spread, reduced fat (41-62%), polyunsaturated 12 samples, 7 products, including flora original, vitalite sunflower spread, and own brands","12 samples, 7 products, including Flora Original, Vitalite Sunflower Spread, and own brands",OA,17-024,"DH, Nutrient analysis of a range of processed foods with particular reference to trans fatty acids, 2011",
12-506,12-506,1,1114,"Fat spread, reduced fat (62-75%), not polyunsaturated","fat spread, reduced fat (62-75%), not polyunsaturated 10 samples, 5 products, including clover and own brands","10 samples, 5 products, including Clover and own brands",OA,17-022 17-460 17-015,"DH, Nutrient analysis of a range of processed foods with particular reference to trans fatty acids, 2011",
17-710,17-710,1,1115,"Fat spread, reduced fat (62-75%), polyunsaturated","fat spread, reduced fat (62-75%), polyunsaturated 5 samples, including flora buttery spread and pure sunflower, dairy free","5 samples, including Flora buttery spread and Pure Sunflower, dairy free",OA,17-551,"Miscellaneous Foods Supplement, 1994; and industry data, 2013. Data estimated from 17-023 and fat from Fatty Acids Supplement (17-470)","Flora contains 70.0g fat, 15.5g satd, 20.91 cis n-9 monounsatd, 31.53g cis n-6 and 1.41g cis n-3 polyunsatd, 0.64g trans per 100g food"
14-090,14-090,1,1116,"Feijoa, flesh only","feijoa, flesh only literature sources",Literature sources,FA,,Visser and Burrows (1983) Composition of New Zealand foods. 1. Characteristic fruits and vegetables. DSIR Bulletin 235,
13-827,13-827,1,1117,Fennel seeds,fennel seeds literature sources,Literature sources,H,,"Marsh et al. (1977) Composition of foods: spices and herbs, raw, processed and prepared, Agriculture Handbook No. 8-2",
13-542,13-542,1,1118,"Fennel, Florence, boiled in unsalted water","fennel, florence, boiled in unsalted water as raw, boiled for 14 minutes, based on boiled in salted water","As raw, boiled for 14 minutes, based on boiled in salted water",DG,,"Reviewed 2013. IFR, The nutritional composition of retail vegetables in the UK, 1984-1987",
13-241,13-241,1,1119,"Fennel, Florence, raw","fennel, florence, raw inner leaves and bulb only",Inner leaves and bulb only,DG,50-770,"Reviewed 2013. IFR, The nutritional composition of retail vegetables in the UK, 1984-1987",
13-243,13-243,1,1120,"Fenugreek leaves, raw","fenugreek leaves, raw literature sources",Literature sources,DG,,"Vegetables, Herbs and Spices Supplement, 1991",
13-828,13-828,1,1121,Fenugreek seeds,fenugreek seeds literature sources,Literature sources,H,,"Vegetables, Herbs and Spices Supplement, 1991",
11-805,11-805,1,1122,Fig Rolls,"fig rolls 10 samples, 5 products","10 samples, 5 products",AM,11-409,"DH, Nutrient analysis of biscuits, buns, cakes and pastries, 2011",
14-093,14-093,1,1123,"Figs, dried, stewed with sugar","figs, dried, stewed with sugar calculated from 450g fruit, 450g water, 54g sugar","Calculated from 450g fruit, 450g water, 54g sugar",FA,,"Fruit and Nuts Supplement, 1992",
14-094,14-094,1,1124,"Figs, dried, stewed without sugar","figs, dried, stewed without sugar calculated from 450g fruit, 450g water","Calculated from 450g fruit, 450g water",FA,,"Fruit and Nuts Supplement, 1992",
14-395,14-395,1,1125,"Figs, ready-to-eat, semi-dried","figs, ready-to-eat, semi-dried 10 samples, 9 products","10 samples, 9 products",FA,14-095,"PHE, Nutrient analysis of fresh and processed fruit and vegetables with respect to fibre, 2017",
14-092,14-092,1,1126,"Figs, whole fruit, dried","figs, whole fruit, dried analysis and literature sources",Analysis and literature sources,FA,50-889,"Fruit and Nuts Supplement, 1992",
14-091,14-091,1,1127,"Figs, whole green fruit, raw","figs, whole green fruit, raw analysis and literature sources;",Analysis and literature sources;,FA,,"Fruit and Nuts Supplement, 1992",
16-279,16-279,1,1128,"Fish balls, steamed","fish balls, steamed 7 varieties from different chinese shops",7 varieties from different Chinese shops,JR,,"Fish and Fish Products Supplement, 1993",
16-444,16-444,1,1129,"Fish fingers, cod, fried in rapeseed oil","fish fingers, cod, fried in rapeseed oil calculated from grilled/baked 16-405 using analysed water and fat values",Calculated from grilled/baked 16-405 using analysed water and fat values,JR,16-289,"DH, Nutrient analysis of fish and fish products, 2013",
16-445,16-445,1,1130,"Fish fingers, cod, fried in sunflower oil","fish fingers, cod, fried in sunflower oil calculated from grilled/baked 16-405 using analysed water and fat values",Calculated from grilled/baked 16-405 using analysed water and fat values,JR,16-291,"DH, Nutrient analysis of fish and fish products, 2013",
16-405,16-405,1,1131,"Fish fingers, cod, grilled/baked","fish fingers, cod, grilled/baked 10 samples, 7 products, frozen","10 samples, 7 products, frozen",JR,16-288,"DH, Nutrient analysis of fish and fish products, 2013",
16-371,16-371,1,1132,"Fish fingers, pollock, grilled","fish fingers, pollock, grilled 10 samples, 6 products","10 samples, 6 products",JR,,"DH, Nutrient analysis of a range of processed foods with particular reference to trans fatty acids, 2013",
16-406,16-406,1,1133,"Fish fingers, salmon, grilled/baked","fish fingers, salmon, grilled/baked 5 samples, 2 products, frozen","5 samples, 2 products, frozen",JR,,"DH, Nutrient analysis of fish and fish products, 2013",
16-450,16-450,1,1134,Fish paste,"fish paste 30 samples, sardine, crab, lobster and salmon","30 samples, sardine, crab, lobster and salmon",JR,16-334,"Fish and Fish Products Supplement, 1993; and industry data, 2013. Iron from LGC 'The determination of different forms of Iron in foodstuffs' 1997, Food Surveillance Information sheet No.117.",
16-458,16-458,1,1135,"Fishcakes, cod, homemade","fishcakes, cod, homemade recipe",Recipe,JR,16-352,Updated 2014,
16-408,16-408,1,1136,"Fishcakes, salmon, coated in breadcrumbs, baked","fishcakes, salmon, coated in breadcrumbs, baked 8 samples, 8 products, frozen and chilled","8 samples, 8 products, frozen and chilled",JR,,"DH, Nutrient analysis of fish and fish products, 2013",
16-459,16-459,1,1137,"Fishcakes, salmon, homemade","fishcakes, salmon, homemade recipe",Recipe,JR,16-353,Updated 2014,
16-407,16-407,1,1138,"Fishcakes, white fish, coated in breadcrumbs, baked","fishcakes, white fish, coated in breadcrumbs, baked 12 samples, 12 products, frozen and chilled","12 samples, 12 products, frozen and chilled",JA,16-281,"DH, Nutrient analysis of fish and fish products, 2013",
11-1066,11-1066,1,1139,"Flan case, pastry, homemade","flan case, pastry, homemade recipe",Recipe,AS,11-698,Updated 2014,
11-1067,11-1067,1,1140,"Flan case, sponge, homemade","flan case, sponge, homemade recipe",Recipe,AS,11-699,Updated 2014,
15-796,15-796,1,1141,"Flan, cheese and mushroom, homemade","flan, cheese and mushroom, homemade recipe from dietary survey records",Recipe from dietary survey records,DR,15-515,Updated 2014,
15-797,15-797,1,1142,"Flan, cheese and mushroom, wholemeal, homemade","flan, cheese and mushroom, wholemeal, homemade recipe from dietary survey records",Recipe from dietary survey records,DR,15-516,Updated 2014,
15-798,15-798,1,1143,"Flan, cheese, onion and potato, homemade","flan, cheese, onion and potato, homemade recipe from dietary survey records",Recipe from dietary survey records,DR,15-517,Updated 2014,
15-799,15-799,1,1144,"Flan, cheese, onion and potato, wholemeal, homemade","flan, cheese, onion and potato, wholemeal, homemade recipe from dietary survey records",Recipe from dietary survey records,DR,15-518,Updated 2014,
15-800,15-800,1,1145,"Flan, lentil and tomato, homemade","flan, lentil and tomato, homemade recipe",Recipe,DR,15-519,Updated 2014,
15-801,15-801,1,1146,"Flan, lentil and tomato, wholemeal, homemade","flan, lentil and tomato, wholemeal, homemade recipe",Recipe,DR,15-520,Updated 2014,
11-1069,11-1069,1,1147,"Flan, pastry, with fruit, homemade","flan, pastry, with fruit, homemade recipe. apple and tinned gooseberry, plum, rhubarb","Recipe. Apple and tinned gooseberry, plum, rhubarb",AS,11-700,Updated 2014,
15-802,15-802,1,1148,"Flan, spinach, homemade","flan, spinach, homemade recipe",Recipe,DR,15-521,Updated 2014,
15-803,15-803,1,1149,"Flan, spinach, wholemeal, homemade","flan, spinach, wholemeal, homemade recipe",Recipe,DR,15-522,Updated 2014,
11-1070,11-1070,1,1150,"Flan, sponge, with fruit, homemade","flan, sponge, with fruit, homemade recipe. apple and tinned gooseberry, plum, rhubarb","Recipe. Apple and tinned gooseberry, plum, rhubarb",AS,11-701,Updated 2014,
15-804,15-804,1,1151,"Flan, vegetable, homemade","flan, vegetable, homemade recipe from dietary survey records and dissection of shop-bought samples, containing short crust pastry, carrots, broccoli, cheese, white sauce and onions","Recipe from dietary survey records and dissection of shop-bought samples, containing short crust pastry, carrots, broccoli, cheese, white sauce and onions",DR,15-372,"Updated 2014. Vitamin K1 from Bolton-Smith et al, Br. J. Nutr 83, 2000",
15-805,15-805,1,1152,"Flan, vegetable, wholemeal, homemade","flan, vegetable, wholemeal, homemade recipe from dietary survey records and dissection of shop-bought samples",Recipe from dietary survey records and dissection of shop-bought samples,DR,15-523,Updated 2014,
11-1071,11-1071,1,1153,"Flapjacks, homemade","flapjacks, homemade recipe",Recipe,AM,11-571,Updated 2014,
11-814,11-814,1,1154,"Flapjacks, retail","flapjacks, retail 10 samples, 9 products","10 samples, 9 products",AM,,"DH, Nutrient analysis of biscuits, buns, cakes and pastries, 2011",
11-1128,11-1128,1,1155,"Flapjacks, retail, chocolate covered","flapjacks, retail, chocolate covered recipe",Recipe,AM,,Updated 2014,
16-041,16-041,1,1156,"Flounder, flesh only, steamed","flounder, flesh only, steamed analysis and calculation from raw, whole fish without heads","Analysis and calculation from raw, whole fish without heads",JA,,"Fish and Fish Products Supplement, 1993",
16-042,16-042,1,1157,"Flounder, flesh only, steamed, weighed with bones and skin","flounder, flesh only, steamed, weighed with bones and skin fish and fish products supplement, 1993","Fish and Fish Products Supplement, 1993",JA,,"Fish and Fish Products Supplement, 1993",
16-040,16-040,1,1158,"Flounder, raw","flounder, raw literature sources",Literature sources,JA,,"Fish and Fish Products Supplement, 1993",
11-895,11-895,1,1159,"Flour, chapati, brown","flour, chapati, brown 7 samples, 5 products","7 samples, 5 products",AA,11-433,"LGC, Nutrient survey of flours and grains, 2005",
11-894,11-894,1,1160,"Flour, chapati, white","flour, chapati, white 7 samples, 6 products","7 samples, 6 products",AA,11-434,Nutrient survey of flours and grains 2005,
11-1045,11-1045,1,1161,"Flour, corn","flour, corn 6 samples, 5 products","6 samples, 5 products",AA,,"LGC, Nutrient survey of flours and grains, 2005; and MW4, 1978",
11-899,11-899,1,1162,"Flour, gari (cassava flour)","flour, gari (cassava flour) 4 samples, 2 products","4 samples, 2 products",AA,,Flours and grains project 2005,
11-896,11-896,1,1163,"Flour, gram","flour, gram 7 samples, 5 product","7 samples, 5 product",AA,13-073,Nutrient survey of flours and grains 2005,
11-016,11-016,1,1164,"Flour, millet, foxtail","flour, millet, foxtail literature sources",Literature sources,AA,,"Wu Leung, et al. (1972) Food composition table for use in East Asia",
11-021,11-021,1,1165,"Flour, rice","flour, rice literature sources",Literature sources,AA,,Wu Leung et al. (1972) Food composition table for use in East Asia,
11-897,11-897,1,1166,"Flour, rye","flour, rye 4 samples, 3 products","4 samples, 3 products",AA,11-436,"LGC, Nutrient survey of flours and grains, 2005",
11-898,11-898,1,1167,"Flour, soya","flour, soya 4 samples, 3 products","4 samples, 3 products",AA,11-025,"LGC, Nutrient survey of flours and grains, 2005",
11-887,11-887,1,1168,"Flour, wheat, bread/strong, white","flour, wheat, bread/strong, white 10 samples, 9 products","10 samples, 9 products",AA,11-438,"LGC, Nutrient survey of flours and grains, 2005",
11-892,11-892,1,1169,"Flour, wheat, brown","flour, wheat, brown 4 samples, 2 products, 81% extraction","4 samples, 2 products, 81% extraction",AA,11-437,"LGC, Nutrient survey of flours and grains, 2005",
11-893,11-893,1,1170,"Flour, wheat, brown, bread/strong","flour, wheat, brown, bread/strong 8 samples, 5 products","8 samples, 5 products",AA,,"LGC, Nutrient survey of flours and grains, 2005",
11-886,11-886,1,1171,"Flour, wheat, white, plain, soft","flour, wheat, white, plain, soft 14 samples, 12 products","14 samples, 12 products",AA,11-439,"LGC, Nutrient survey of flours and grains, 2005",
11-888,11-888,1,1172,"Flour, wheat, white, self raising","flour, wheat, white, self raising 12 samples, 10 samples","12 samples, 10 samples",AA,11-440,"LGC, Nutrient survey of flours and grains, 2005",
11-889,11-889,1,1173,"Flour, wheat, wholemeal","flour, wheat, wholemeal 8 samples, 6 products","8 samples, 6 products",AA,11-441,"LGC, Nutrient survey of flours and grains, 2005",
11-890,11-890,1,1174,"Flour, wheat, wholemeal, bread/strong","flour, wheat, wholemeal, bread/strong 8 samples, 6 products","8 samples, 6 products",AA,,"LGC, Nutrient survey of flours and grains, 2005",
11-891,11-891,1,1175,"Flour, wheat, wholemeal, self raising","flour, wheat, wholemeal, self raising 8 samples, 5 products","8 samples, 5 products",AA,,"LGC, Nutrient survey of flours and grains, 2005",
16-043,16-043,1,1176,"Flying fish, raw","flying fish, raw literature sources",Literature sources,JA,,"Fish and Fish Products Supplement, 1993",
19-495,19-495,1,1177,Frankfurter,"frankfurter 10 samples, 7 brands of continental style frankfurters. 75-90% meat","10 samples, 7 brands of continental style frankfurters. 75-90% meat",MI,,"LGC, Analytical survey of meat products, 1990-1991; and industry data, 2013",
19-581,19-581,1,1178,Frankfurter with bun,frankfurter with bun recipe,Recipe,MI,19-581,Updated 2014,
19-582,19-582,1,1179,"Frankfurter with bun, ketchup, fried onions and mustard","frankfurter with bun, ketchup, fried onions and mustard recipe",Recipe,MI,19-367,Updated 2014,
12-534,12-534,1,1180,"Fromage frais, fruit, children's, fortified","fromage frais, fruit, children's, fortified including munch bunch, petits filous, muller little stars and other/own brands","Including Munch Bunch, Petits Filous, Muller Little Stars and other/own brands",BNS,12-908,Industry data 2013; and estimates from analytical data,
12-372,12-372,1,1181,"Fromage frais, virtually fat free, fruit","fromage frais, virtually fat free, fruit 11 samples, 6 brands, including strawberry, raspberry, apricot and blackcherry flavour","11 samples, 6 brands, including strawberry, raspberry, apricot and blackcherry flavour",BN,50-241 12-160,"Reviewed 2013. Campden and Chorleywood FRA, Nutrient analysis of yoghurts, fromage frais and chilled desserts, 1998; fats, inorganics and vitamins estimated from plain and fruit Milk Products and Eggs Supplement 12-160",
12-528,12-528,1,1182,"Fromage frais, virtually fat free, natural","fromage frais, virtually fat free, natural 7 samples, 6 brands","7 samples, 6 brands",BN,12-371,"Campden and Chorleywood FRA, Nutrient analysis of yoghurts, fromage frais and chilled desserts, 1998; vitamins and fats estimated from very low fat fromage frais 50-241",
14-336,14-336,1,1183,"Fruit cocktail, canned in juice, whole contents","fruit cocktail, canned in juice, whole contents 10 samples, 6 brands. drained proportion = 0.65","10 samples, 6 brands. Drained proportion = 0.65",FA,14-096,"LGC, Nutritional composition of fruit products, 1985-1986; LGC, Fruit and vegetables, 1989-1990; and industry data, 2013",
14-097,14-097,1,1184,"Fruit cocktail, canned in syrup, whole contents","fruit cocktail, canned in syrup, whole contents analysis and calculation from recipe proportions (pears 42%, peaches 41%, pineapple 8%, grapes 5% and cherries 4%). drained proportion = 0.66","Analysis and calculation from recipe proportions (pears 42%, peaches 41%, pineapple 8%, grapes 5% and cherries 4%). Drained proportion = 0.66",FA,50-892,"Reviewed 2013. LGC, Fruit and vegetables, 1989-1990; and calculated from recipe proportions","Calculated as pears 42%, peaches 41%, pineapple 8%, grapes 5% and cherries 4%"
12-232,12-232,1,1185,"Fruit fool, homemade","fruit fool, homemade recipe",Recipe,BR,12-913,As Milk Products and Eggs Supplement (1989) 12-232. Fatty acid data is available for commercial fruit fool in Fatty Acid Supplement 12-913 (obsoleted) but is not comparableto this code.,
17-107,17-107,1,1186,Fruit gums/jellies,"fruit gums/jellies 11 samples, 10 brands; assorted flavours","11 samples, 10 brands; assorted flavours",SEC,50-1026,"Reviewed 2013. LGC, Nutritional analysis of foods for pre-school children, 1992",
17-673,17-673,1,1187,"Fruit juice drink, carbonated, no added sugar, ready to drink","fruit juice drink, carbonated, no added sugar, ready to drink estimated from fruit juice drink, carbonated and from label data","Estimated from fruit juice drink, carbonated and from label data",PCA,,"Industry data, 2013",
17-735,17-735,1,1188,"Fruit juice drink, carbonated, ready to drink","fruit juice drink, carbonated, ready to drink bottles and cans; orange, lemon, apple and tropical fruit flavours e.g. citrus spring, fanta, orangina and tango","Bottles and cans; orange, lemon, apple and tropical fruit flavours e.g. Citrus Spring, Fanta, Orangina and Tango",PCA,17-177,"Industry data, 1999 and 2013",
17-742,17-742,1,1189,"Fruit juice drink, no added sugar, ready to drink","fruit juice drink, no added sugar, ready to drink typically less than 3% sugar, as purchased. 10 samples, 2 brands","Typically less than 3% sugar, as purchased. 10 samples, 2 brands",PCC,17-196,"LFRA, Nutritional analysis of soft drinks, 1993; and industry data, 2013",
17-847,17-847,1,1190,"Fruit juice drink/squash, diluted","fruit juice drink/squash, diluted calculated from 50g concentrate to 200ml water",Calculated from 50g concentrate to 200ml water,PCC,17-190,"LFRA, Nutritional analysis of soft drinks, 1993; and industry data, 2013",
17-846,17-846,1,1191,"Fruit juice drink/squash, no sugar added, diluted","fruit juice drink/squash, no sugar added, diluted calculated from 50g concentrate to 200ml water",Calculated from 50g concentrate to 200ml water,PCC,17-192,"LFRA, Nutritional analysis of soft drinks, 1993; and industry data, 2013",
17-739,17-739,1,1192,"Fruit juice drink/squash, no sugar added, undiluted","fruit juice drink/squash, no sugar added, undiluted 10 samples, 2 brands; lemon, orange and mixed fruit flavours, typicall less than 3% sugar","10 samples, 2 brands; lemon, orange and mixed fruit flavours, typicall less than 3% sugar",PCC,17-191,"LFRA, Nutritional analysis of soft drinks, 1993; and industry data, 2013",
17-741,17-741,1,1193,"Fruit juice drink/squash, ready to drink","fruit juice drink/squash, ready to drink lemon, orange, apple and mixed fruit flavours, as purchased","Lemon, orange, apple and mixed fruit flavours, as purchased",PCC,17-195,"LFRA, Nutritional analysis of soft drinks, 1993",
17-738,17-738,1,1194,"Fruit juice drink/squash, undiluted","fruit juice drink/squash, undiluted lemon, orange, apple and mixed fruit flavours","Lemon, orange, apple and mixed fruit flavours",PCC,17-189,"LFRA, Nutritional analysis of soft drinks, 1993; and industry data, 2013",
17-746,17-746,1,1195,"Fruit juice, mixed","fruit juice, mixed estimated from apple and orange juice and industry data, 2013","Estimated from apple and orange juice and industry data, 2013",PE,,"DH, Nutrient analysis of fruit and vegetables, 2013; and industry data, 2013",
17-824,17-824,1,1196,Fruit pastilles,fruit pastilles 6 samples of different brands; assorted flavours,6 samples of different brands; assorted flavours,SEC,17-108,"Reviewed 2013. LGC, Nutritional analysis of foods for pre-school children, 1992",
14-333,14-333,1,1197,"Fruit salad, homemade","fruit salad, homemade recipe, including apples, oranges, bananas, kiwi fruit, grapes, strawberries, sugar and water","Recipe, including apples, oranges, bananas, kiwi fruit, grapes, strawberries, sugar and water",FA,14-303,Recipe from NDNS survey. Updated 2013,
17-683,17-683,1,1198,"Fudge, homemade","fudge, homemade recipe",Recipe,SEC,17-518,Updated 2013,
15-806,15-806,1,1199,"Fu-fu, sweet potato, homemade","fu-fu, sweet potato, homemade recipe. west indian/african dish. sweet potato and rice flour.",Recipe. West Indian/African dish. Sweet potato and rice flour.,DR,15-524,Updated 2014,
15-807,15-807,1,1200,"Fu-fu, yam, homemade","fu-fu, yam, homemade recipe. west indian/african dish. yam and rice flour.",Recipe. West Indian/African dish. Yam and rice flour.,DR,15-525,Updated 2014,
11-913,11-913,1,1201,Gajjeralla,"gajjeralla 6 samples, 3 retail, 3 homemade, hot dessert of carrots cooked in cream","6 samples, 3 retail, 3 homemade, hot dessert of carrots cooked in cream",AS,,"University of Leeds, Nutritional analysis of commonly consumed South Asian foods in the UK, 2007",
13-829,13-829,1,1202,Garam masala,garam masala literature sources,Literature sources,H,50-841,"Wharton et al. (1983) Sorrento Asian food tables: food tables, recipes and customs of mothers attending Sorrento Maternity Hospital, Birmingham, England",
15-642,15-642,1,1203,"Garlic mushrooms, not coated, homemade","garlic mushrooms, not coated, homemade recipe from review of recipe collection",Recipe from review of recipe collection,DR,15-373,Updated 2013,
13-830,13-830,1,1204,Garlic powder,garlic powder literature sources and calculation from fresh,Literature sources and calculation from fresh,H,,"Marsh et al. (1977) Composition of foods: spices and herbs, raw, processed and prepared, Agriculture Handbook No. 8-2, and calculation from raw",
13-244,13-244,1,1205,"Garlic, raw","garlic, raw peeled cloves",Peeled cloves,DG,50-772,"Reviewed 2013. IFR, The nutritional composition of retail vegetables in the UK, 1984-1987",
11-526,11-526,1,1206,"Gateau, chocolate based, frozen","gateau, chocolate based, frozen 11 samples, including black forest gateau.","11 samples, including Black Forest gateau.",AN,11-421,"RHM, Nutrient content of selected foods, 1995; fatty acid data from Fatty Acids Supplement (1998) 11-421",
11-530,11-530,1,1207,"Gateau, fruit, frozen","gateau, fruit, frozen 10 samples; fruit and cream sponge including strawberry, orange and lemon and tropical fruit","10 samples; fruit and cream sponge including strawberry, orange and lemon and tropical fruit",AN,11-420,"RHM, Nutrient content of selected foods, 1995; fats from Fatty Acids Supplement (1998) 11-420",
17-360,17-360,1,1208,Gelatine,gelatine literature sources,Literature sources,WY,50-1176,"Reviewed 2013. Lewis and English (1990) Composition of foods, Australia. Volume 5, nuts and legumes, beverages, miscellaneous foods. Department of Community Services and Health, Canberra",
12-502,12-502,1,1209,Ghee made from vegetable oil,"ghee made from vegetable oil 5 samples, 3 products","5 samples, 3 products",BTM,17-009,"DH, Nutrient analysis of a range of processed foods with particular reference to trans fatty acids, 2011",
17-640,17-640,1,1210,"Ghee, butter","ghee, butter 10 samples, 7 retail, 3 homemade","10 samples, 7 retail, 3 homemade",OF,17-007,"University of Leeds, Nutritional analysis of commonly consumed South Asian foods in the UK, 2007",
13-246,13-246,1,1211,"Gherkins, pickled, drained","gherkins, pickled, drained 10 samples, 5 brands","10 samples, 5 brands",DG,50-773,"Reviewed 2013. Vegetables, Herbs and Spices Supplement, 1991",
13-245,13-245,1,1212,"Gherkins, raw","gherkins, raw 5 samples. ends trimmed",5 samples. Ends trimmed,DG,,"Vegetables, Herbs and Spices Supplement, 1991",
18-394,18-394,1,1213,"Giblets, chicken, boiled","giblets, chicken, boiled mixed sample including heart, liver and gizzard","Mixed sample including heart, liver and gizzard",MG,,"LGC, Poultry and game surveys, 1983-1984",
18-393,18-393,1,1214,"Giblets, chicken, raw","giblets, chicken, raw mixed sample including heart, liver and gizzard","Mixed sample including heart, liver and gizzard",MG,,"LGC, Poultry and game surveys, 1983-1984",
18-395,18-395,1,1215,"Giblets, turkey, boiled","giblets, turkey, boiled mixed sample including heart, liver, gizzard and neck","Mixed sample including heart, liver, gizzard and neck",MG,,"LGC, Poultry and game surveys, 1983-1984",
13-890,13-890,1,1216,"Ginger, fresh","ginger, fresh literature sources",Literature sources,H,13-831,"USDA SR26, 2013",
13-832,13-832,1,1217,"Ginger, ground","ginger, ground 3 samples and literature sources",3 samples and literature sources,H,13-865,"Reviewed 2013. Vegetables, Herbs and Spices Supplement, 1991 (13-832) with fatty acids from LGC (1987) and phytosterols from 13-865, and Marsh et al (1977) Composition of foods: spices and herbs, raw, processed and prepared",
11-1079,11-1079,1,1218,"Gingerbread, homemade","gingerbread, homemade recipe",Recipe,AN,11-644,Updated 2014,
17-049,17-049,1,1219,"Glucose liquid, BP","glucose liquid, bp 1 sample",1 sample,SC,50-1000,"MW4, 1978. Values reviewed for Miscellaneous Foods Supplement, 1994",
18-375,18-375,1,1220,"Goose, meat, raw, fat and skin","goose, meat, raw, fat and skin 5 samples; meat, fat and skin = 0.66 of dressed carcase","5 samples; meat, fat and skin = 0.66 of dressed carcase",MCE,,"LGC, Poultry and game surveys, 1983-1984",
18-376,18-376,1,1221,"Goose, meat, roasted, fat and skin","goose, meat, roasted, fat and skin 5 samples; meat, fat and skin = 0.65 of dressed carcase","5 samples; meat, fat and skin = 0.65 of dressed carcase",MCE,50-449,"Reviewed 2013. LGC, Poultry and game surveys, 1983-1984",
14-100,14-100,1,1222,"Gooseberries, cooking, raw","gooseberries, cooking, raw tops and tails removed",Tops and tails removed,FA,50-895,"LGC, Nutritional composition of fresh fruit, 1985-1986",
14-101,14-101,1,1223,"Gooseberries, cooking, stewed with sugar","gooseberries, cooking, stewed with sugar 1000g fruit, 150g water, 120g sugar","1000g fruit, 150g water, 120g sugar",FA,50-896,"Reviewed 2013. LGC, Nutritional composition of fresh fruit, 1985-1986",
14-102,14-102,1,1224,"Gooseberries, cooking, stewed without sugar","gooseberries, cooking, stewed without sugar 500g fruit, 100g water and calculation from 14-101","500g fruit, 100g water and calculation from 14-101",FA,50-897,"LGC, Nutritional composition of fresh fruit, 1985-1986",
14-103,14-103,1,1225,"Gooseberries, dessert, raw","gooseberries, dessert, raw tops and tails removed",Tops and tails removed,FA,,"LGC, Nutritional composition of fresh fruit, 1985-1986",
19-583,19-583,1,1226,"Goulash, homemade","goulash, homemade recipe",Recipe,MR,19-340,Updated 2014,
13-248,13-248,1,1227,"Gourd, ash, raw","gourd, ash, raw literature sources",Literature sources,DG,,"Vegetables, Herbs and Spices Supplement, 1991",
13-249,13-249,1,1228,"Gourd, bottle, raw","gourd, bottle, raw literature sources",Literature sources,DG,,"Vegetables, Herbs and Spices Supplement, 1991",
13-250,13-250,1,1229,"Gourd, kantola, raw","gourd, kantola, raw 3 samples. ends trimmed, seeds removed","3 samples. Ends trimmed, seeds removed",DG,,"Vegetables, Herbs and Spices Supplement, 1991",
13-252,13-252,1,1230,"Gourd, karela, raw","gourd, karela, raw 5 samples. ends trimmed",5 samples. Ends trimmed,DG,50-774,"Vegetables, Herbs and Spices Supplement, 1991",
13-254,13-254,1,1231,"Gourd, ridge, raw","gourd, ridge, raw 5 samples. tough skin removed",5 samples. Tough skin removed,DG,,"Vegetables, Herbs and Spices Supplement, 1991",
13-255,13-255,1,1232,"Gourd, snake, raw","gourd, snake, raw literature sources",Literature sources,DG,,"Vegetables, Herbs and Spices Supplement, 1991",
13-256,13-256,1,1233,"Gourd, tinda, raw","gourd, tinda, raw literature sources",Literature sources,DG,,"Vegetables, Herbs and Spices Supplement, 1991",
17-745,17-745,1,1234,"Grape juice, unsweetened","grape juice, unsweetened 10 samples, 6 brands; 100% red juice","10 samples, 6 brands; 100% red juice",PE,14-273,"LGC, Fruit and vegetables, 1989-1990; and industry data, 2013",
14-275,14-275,1,1235,"Grapefruit juice, unsweetened","grapefruit juice, unsweetened 50 samples; cartons, canned, bottled and frozen","50 samples; cartons, canned, bottled and frozen",PE,50-1089,"Reviewed 2013. LGC, Fruit and vegetables, 1989-1990",Frozen samples were diluted as per manufacturers' instructions prior to analysis
14-107,14-107,1,1236,"Grapefruit, canned in juice, whole contents","grapefruit, canned in juice, whole contents 10 samples, 8 brands. drained proportion = 0.52","10 samples, 8 brands. Drained proportion = 0.52",FA,50-901,"Reviewed 2013. LGC, Nutritional composition of fruit products, 1985-1986",
14-384,14-384,1,1237,"Grapefruit, flesh only, raw","grapefruit, flesh only, raw 11 samples, imported, pink, red and white","11 samples, imported, pink, red and white",FA,14-292,"PHE, Nutrient analysis of fresh and processed fruit and vegetables with respect to fibre, 2017",
14-385,14-385,1,1238,"Grapefruit, flesh only, raw, weighed with peel and pips","grapefruit, flesh only, raw, weighed with peel and pips calculated from 14-384",Calculated from 14-384,FA,14-304,"PHE, Nutrient analysis of fresh and processed fruit and vegetables with respect to fibre, 2017",
14-350,14-350,1,1239,"Grapes, average","grapes, average average of green (14-322) and red grapes (14-323)",Average of green (14-322) and red grapes (14-323),FA,14-109,"DH, Nutrient analysis of fruit and vegetables, 2013",
14-351,14-351,1,1240,"Grapes, average, weighed with pips","grapes, average, weighed with pips calculated from average grapes (14-350) using edible conversion factor of 0.98",Calculated from average grapes (14-350) using edible conversion factor of 0.98,FA,14-110,"DH, Nutrient analysis of fruit and vegetables, 2013",
14-322,14-322,1,1241,"Grapes, green","grapes, green 21 samples, seedless, autumn and winter, including crimson, flame","21 samples, seedless, autumn and winter, including Crimson, Flame",FA,,"DH, Nutrient analysis of fruit and vegetables, 2013",
14-323,14-323,1,1242,"Grapes, red","grapes, red 21 samples, seedless, autumn and winter, including crimson, flame","21 samples, seedless, autumn and winter, including Crimson, Flame",FA,,"DH, Nutrient analysis of fruit and vegetables, 2013",
17-724,17-724,1,1243,Gravy instant granules,"gravy instant granules 7 samples, 3 brands","7 samples, 3 brands",WY,17-310,"LFRA, Nutrient analysis of miscellaneous foods, 1992; and industry data, 2013",
17-725,17-725,1,1244,"Gravy instant granules, made up with water","gravy instant granules, made up with water calculated from 23.5g granules to 300ml water",Calculated from 23.5g granules to 300ml water,WY,17-311,"LFRA, Nutrient analysis of miscellaneous foods, 1992; and industry data, 2013",
13-608,13-608,1,1245,"Green beans, dried","green beans, dried calculated from raw beans (13-514)",Calculated from raw beans (13-514),DI,17-415,"DH, Nutrient analysis of fruit and vegetables, 2013",
14-111,14-111,1,1246,"Greengages, raw","greengages, raw flesh and skin",Flesh and skin,FA,,"LGC, Nutritional composition of fresh fruit, 1985-1986",
14-112,14-112,1,1247,"Greengages, raw, weighed with stones","greengages, raw, weighed with stones calculated from 14-111",Calculated from 14-111,FA,,"LGC, Nutritional composition of fresh fruit, 1985-1986",
14-113,14-113,1,1248,"Greengages, stewed with sugar","greengages, stewed with sugar calculated from 1000g fruit, 100g water, 120g sugar","Calculated from 1000g fruit, 100g water, 120g sugar",FA,,"LGC, Nutritional composition of fresh fruit, 1985-1986",
14-114,14-114,1,1249,"Greengages, stewed with sugar, weighed with stones","greengages, stewed with sugar, weighed with stones calculated from 14-113",Calculated from 14-113,FA,,"LGC, Nutritional composition of fresh fruit, 1985-1986",
14-116,14-116,1,1250,"Greengages, stewed without sugar, weighed with stones","greengages, stewed without sugar, weighed with stones calculated from 14-115",Calculated from 14-115,FA,,"LGC, Nutritional composition of fresh fruit, 1985-1986",
14-115,14-115,1,1251,"Greengages, stones, removed, stewed without sugar","greengages, stones, removed, stewed without sugar 1000g fruit, 100g water; stones removed","1000g fruit, 100g water; stones removed",FA,,"LGC, Nutritional composition of fresh fruit, 1985-1986",
14-117,14-117,1,1252,"Grenadillas, flesh and seeds","grenadillas, flesh and seeds analysis and literature sources;",Analysis and literature sources;,FA,,"Fruit and Nuts Supplement, 1992",
18-377,18-377,1,1253,"Grouse, meat only, roasted","grouse, meat only, roasted 10 samples, meat from dressed carcase","10 samples, meat from dressed carcase",MCG,50-450,"LGC, Poultry and game surveys, 1983-1984",
18-378,18-378,1,1254,"Grouse, meat only, roasted, weighed with bone","grouse, meat only, roasted, weighed with bone calculated from roast, meat only 18-377","Calculated from roast, meat only 18-377",MCG,50-451,"LGC, Poultry and game surveys, 1983-1984",
17-797,17-797,1,1255,"Guacamole, homemade","guacamole, homemade recipe",Recipe,WC,17-580,Updated 2014,
14-118,14-118,1,1256,"Guava, flesh only, raw","guava, flesh only, raw literature sources",Literature sources,FA,50-905,"Fruit and Nuts Supplement, 1992",
14-119,14-119,1,1257,"Guava, raw, weighed with skin and pips","guava, raw, weighed with skin and pips calculated from 14-118",Calculated from 14-118,FA,50-906,"Fruit and Nuts Supplement, 1992",
11-1081,11-1081,1,1258,"Gulab jamen/jambu, homemade","gulab jamen/jambu, homemade recipe",Recipe,AP,11-659,Updated 2014,
11-1083,11-1083,1,1259,"Gulab jamen/jambu, retail","gulab jamen/jambu, retail recipe",Recipe,AP,11-661,Updated 2014,
16-063,16-063,1,1260,"Haddock, coated in crumbs, frozen, fried in blended oil","haddock, coated in crumbs, frozen, fried in blended oil 10 samples, 7 brands; shallow fried in blended oil for 10-15 minutes per side","10 samples, 7 brands; shallow fried in blended oil for 10-15 minutes per side",JA,50-580,"Reviewed 2014. Fish and Fish Products Supplement, 1993",Composition of oven baked haddock in crumbs is very similar to fried in blended oil
16-064,16-064,1,1261,"Haddock, coated in crumbs, frozen, fried in blended oil, weighed with bones and skin","haddock, coated in crumbs, frozen, fried in blended oil, weighed with bones and skin calculated from fried in blended oil 16-063",Calculated from fried in blended oil 16-063,JA,50-581,"Reviewed 2014. Fish and Fish Products Supplement, 1993",
16-062,16-062,1,1262,"Haddock, coated in crumbs, frozen, raw","haddock, coated in crumbs, frozen, raw 10 samples, 7 brands; fillets and steaks","10 samples, 7 brands; fillets and steaks",JA,,"Reviewed 2014. Fish and Fish Products Supplement, 1993",
16-057,16-057,1,1263,"Haddock, fillets, flesh only, in flour, fried in blended oil, weighed with bones and skin","haddock, fillets, flesh only, in flour, fried in blended oil, weighed with bones and skin calculated from fried in blended oil 16-056",Calculated from fried in blended oil 16-056,JA,,"Reviewed 2014. Fish and Fish Products Supplement, 1993",
16-058,16-058,1,1264,"Haddock, fillets, flesh only, in flour, fried in dripping","haddock, fillets, flesh only, in flour, fried in dripping 12 samples, shallow fried in dripping for 7 minutes per side, fillets; flesh only","12 samples, shallow fried in dripping for 7 minutes per side, fillets; flesh only",JA,50-582,"Reviewed 2014. Fish and Fish Products Supplement, 1993",
16-059,16-059,1,1265,"Haddock, fillets, flesh only, in flour, fried in dripping, weighed with bones and skin","haddock, fillets, flesh only, in flour, fried in dripping, weighed with bones and skin calculated from fried in dripping 16-058",Calculated from fried in dripping 16-058,JA,50-583,"Reviewed 2014. Fish and Fish Products Supplement, 1993",
16-060,16-060,1,1266,"Haddock, fillets, flesh only, in flour, fried in sunflower oil","haddock, fillets, flesh only, in flour, fried in sunflower oil 12 samples, shallow fried in sunflower oil for 7 minutes per side, fillets; flesh only","12 samples, shallow fried in sunflower oil for 7 minutes per side, fillets; flesh only",JA,,"Reviewed 2014. Fish and Fish Products Supplement, 1993",
16-061,16-061,1,1267,"Haddock, fillets, flesh only, in flour, fried in sunflower oil, weighed with bones and skin","haddock, fillets, flesh only, in flour, fried in sunflower oil, weighed with bones and skin calculated from fried in sunflower oil 16-060",Calculated from fried in sunflower oil 16-060,JA,,"Reviewed 2014. Fish and Fish Products Supplement, 1993",
16-376,16-376,1,1268,"Haddock, flesh only, grilled","haddock, flesh only, grilled 11 samples, 11 products, frozen and chilled","11 samples, 11 products, frozen and chilled",JA,16-045,"DH, Nutrient analysis of fish and fish products, 2013",
16-471,16-471,1,1269,"Haddock, flesh only, grilled, fillets weighed with bones and skin","haddock, flesh only, grilled, fillets weighed with bones and skin calculated from 16-376 using edible conversion factor of 0.88",Calculated from 16-376 using edible conversion factor of 0.88,JA,16-046,"DH, Nutrient analysis of fish and fish products, 2013",
16-473,16-473,1,1270,"Haddock, flesh only, poached","haddock, flesh only, poached calculated from 16-375 using 21.8% weight loss (taken from smoked haddock, poached in 2013 fish survey)","Calculated from 16-375 using 21.8% weight loss (taken from smoked haddock, poached in 2013 fish survey)",JA,,"DH, Nutrient analysis of fish and fish products, 2013",
16-474,16-474,1,1271,"Haddock, flesh only, poached, fillets weighed with bones and skin","haddock, flesh only, poached, fillets weighed with bones and skin calculated from 16-473 using edible conversion factor of 0.87",Calculated from 16-473 using edible conversion factor of 0.87,JA,16-048,"DH, Nutrient analysis of fish and fish products, 2013",
16-375,16-375,1,1272,"Haddock, flesh only, raw","haddock, flesh only, raw 11 samples, 11 products, frozen and chilled","11 samples, 11 products, frozen and chilled",JA,16-044 16-051,"DH, Nutrient analysis of fish and fish products, 2013",
16-402,16-402,1,1273,"Haddock, flesh only, smoked, poached","haddock, flesh only, smoked, poached 10 samples, 10 products, frozen and chilled","10 samples, 10 products, frozen and chilled",JA,16-066,"DH, Nutrient analysis of fish and fish products, 2013",
16-475,16-475,1,1274,"Haddock, flesh only, smoked, poached, fillets weighed with bones and skin","haddock, flesh only, smoked, poached, fillets weighed with bones and skin calculated from 16-042 using edible conversion factor of 0.88",Calculated from 16-042 using edible conversion factor of 0.88,JA,16-067,"DH, Nutrient analysis of fish and fish products, 2013",
16-492,16-492,1,1275,"Haddock, flesh only, smoked, raw","haddock, flesh only, smoked, raw calculated from poached 16-402",Calculated from poached 16-402,JA,16-065,"DH, Nutrient analysis of fish and fish products, 2013",
16-493,16-493,1,1276,"Haddock, flesh only, smoked, steamed","haddock, flesh only, smoked, steamed calculated from 16-068 and 16-402",Calculated from 16-068 and 16-402,JA,16-068,"DH, Nutrient analysis of fish and fish products, 2013; and Fish and Fish Products Supplement, 1993",
16-494,16-494,1,1277,"Haddock, flesh only, smoked, steamed, weighed with bones and skin","haddock, flesh only, smoked, steamed, weighed with bones and skin calculated from steamed 16-493",Calculated from steamed 16-493,JA,16-069,"DH, Nutrient analysis of fish and fish products, 2013; and Fish and Fish Products Supplement, 1993",
16-377,16-377,1,1278,"Haddock, flesh only, steamed","haddock, flesh only, steamed 11 samples, 11 products, frozen and chilled","11 samples, 11 products, frozen and chilled",JA,16-049,"DH, Nutrient analysis of fish and fish products, 2013",
16-472,16-472,1,1279,"Haddock, flesh only, steamed, fillets weighed with bones and skin","haddock, flesh only, steamed, fillets weighed with bones and skin calculated from 16-377 using edible conversion factor of 0.87",Calculated from 16-377 using edible conversion factor of 0.87,JA,16-050,"DH, Nutrient analysis of fish and fish products, 2013",
16-052,16-052,1,1280,"Haddock, in batter, fried in blended oil","haddock, in batter, fried in blended oil samples as fried in retail blend oil, fatty acids calculated","Samples as fried in retail blend oil, fatty acids calculated",JA,,"Reviewed 2014. LGC, Analytical survey of fish and fish products, 1991-1992",
16-053,16-053,1,1281,"Haddock, in batter, fried in dripping","haddock, in batter, fried in dripping samples as fried in retail blend oil, fatty acids calculated","Samples as fried in retail blend oil, fatty acids calculated",JA,,"Reviewed 2014. LGC, Analytical survey of fish and fish products, 1991-1992",
16-495,16-495,1,1282,"Haddock, in batter, fried in retail blend oil","haddock, in batter, fried in retail blend oil 20 samples purchased from fish and chip shops. fatty acids calculated",20 samples purchased from fish and chip shops. Fatty acids calculated,JA,16-054,"LGC, Analytical survey of fish and fish products, 1991-1992. As 16-054; fatty acids calculated from cod in batter, takeaway 16-368 (2011)",
16-055,16-055,1,1283,"Haddock, in batter, fried in sunflower oil","haddock, in batter, fried in sunflower oil samples as fried in retail blend oil, fatty acids calculated","Samples as fried in retail blend oil, fatty acids calculated",JA,,"Reviewed 2014. LGC, Analytical survey of fish and fish products, 1991-1992",
19-132,19-132,1,1284,"Haggis, boiled","haggis, boiled 8 samples",8 samples,MI,50-512,"Reviewed 2013. MW4, 1978",
16-071,16-071,1,1285,"Hake, flesh only, grilled","hake, flesh only, grilled calculated from raw, steaks; flesh only","Calculated from raw, steaks; flesh only",JA,,"Fish and Fish Products Supplement, 1993",
16-072,16-072,1,1286,"Hake, flesh only, grilled, weighed with bones and skin","hake, flesh only, grilled, weighed with bones and skin calculated from grilled 16-071",Calculated from grilled 16-071,JA,,"Fish and Fish Products Supplement, 1993",
16-070,16-070,1,1287,"Hake, flesh only, raw","hake, flesh only, raw literature sources",Literature sources,JA,,"Fish and Fish Products Supplement, 1993",
16-074,16-074,1,1288,"Halibut, flesh only, grilled","halibut, flesh only, grilled calculated from raw, cutlets and steaks","Calculated from raw, cutlets and steaks",JA,,"Fish and Fish Products Supplement, 1993",
16-076,16-076,1,1289,"Halibut, flesh only, poached","halibut, flesh only, poached fish 100g, milk 20g and butter 3g. calculated from raw, cutlets and steaks","Fish 100g, milk 20g and butter 3g. Calculated from raw, cutlets and steaks",JA,,"Fish and Fish Products Supplement, 1993",
16-077,16-077,1,1290,"Halibut, flesh only, poached, weighed with bones and skin","halibut, flesh only, poached, weighed with bones and skin calculated from poached 16-076",Calculated from poached 16-076,JA,,"Fish and Fish Products Supplement, 1993",
16-073,16-073,1,1291,"Halibut, flesh only, raw","halibut, flesh only, raw literature sources",Literature sources,JA,50-586,"Fish and Fish Products Supplement, 1993",
16-075,16-075,1,1292,"Halibut, grilled, weighed with bones and skin","halibut, grilled, weighed with bones and skin calculated from grilled 16-074",Calculated from grilled 16-074,JA,,"Fish and Fish Products Supplement, 1993",
17-798,17-798,1,1293,"Halva, carrot, homemade","halva, carrot, homemade recipe",Recipe,SEC,17-590,Updated 2014,
17-799,17-799,1,1294,"Halva, semolina, homemade","halva, semolina, homemade recipe",Recipe,SEC,17-591,Updated 2014,
19-496,19-496,1,1295,Ham,"ham 10 samples, 9 brands; loose and prepacked including honey roast and smoked ham. added water 10-15%","10 samples, 9 brands; loose and prepacked including honey roast and smoked Ham. Added water 10-15%",MAA,19-308,"LGC, Nutrient analysis of foods important in elderly people, 1994; and industry data, 2013",
19-021,19-021,1,1296,"Ham, gammon joint, boiled","ham, gammon joint, boiled 10 samples; smoked and unsmoked, prepacked british and danish gammon","10 samples; smoked and unsmoked, prepacked British and Danish gammon",MAA,50-345,"Reviewed 2013. LGC, Nutrient analysis of retail cuts of bacon, 1993-1994",
19-020,19-020,1,1297,"Ham, gammon joint, raw","ham, gammon joint, raw 10 samples; smoked and unsmoked, prepacked british and danish gammon","10 samples; smoked and unsmoked, prepacked British and Danish gammon",MAA,50-344,"Reviewed 2013. LGC, Nutrient analysis of retail cuts of bacon, 1993-1994",
19-505,19-505,1,1298,"Ham, gammon rashers, grilled","ham, gammon rashers, grilled 5 samples; unsmoked british gammon",5 samples; unsmoked British gammon,MAA,19-022,"LGC, Nutrient analysis of retail cuts of bacon, 1993-1994; and industry data, 2013",
18-379,18-379,1,1299,"Hare, meat only, stewed","hare, meat only, stewed meat from dressed carcase",Meat from dressed carcase,MEA,50-466,"MW4, 1978",
18-380,18-380,1,1300,"Hare, meat only, stewed, weighed with bone","hare, meat only, stewed, weighed with bone calculated from 18-379",Calculated from 18-379,MEA,50-467,"MW4, 1978",
14-874,14-874,1,1301,"Hazelnuts, kernel only","hazelnuts, kernel only 10 samples",10 samples,GA,14-821 14-869 50-980,"Reviewed 2013. LGC, Fruit and vegetables, 1989-1990; fatty acids from Fatty Acids Supplement, 1998; selenium from Analysis of foods for Selenium 1994",
14-885,14-885,1,1302,"Hazelnuts, kernel only, weighed with shells","hazelnuts, kernel only, weighed with shells calculated from 14-874",Calculated from 14-874,GA,14-822 50-981,"As Fruit and Nuts Supplement, 1992 (14-822) with selenium calculated from Analysis of foods for Selenium 1994 and fatty acid fractions calc from Fatty Acid Supplement, 1998 (14-869)",
18-396,18-396,1,1303,"Heart, lamb, raw","heart, lamb, raw 12 samples",12 samples,MG,18-438 50-472,"MW4, 1978. Values reviewed for Meat, Poultry and Game Supplement, 1995. Fats and fatty acids from Fatty Acid Supplement, 1998",
18-492,18-492,1,1304,"Heart, lamb, roasted","heart, lamb, roasted 10 samples, fat and valves removed","10 samples, fat and valves removed",MG,18-397 40-359 50-476,"Reviewed 2013. LGC, Carcase meat and offal survey, 1982-1983; vitamin D data from LGC , Determination of 25-OH vitamin D in selected foodstuffs, 1997",
18-398,18-398,1,1305,"Heart, ox, raw","heart, ox, raw 10 samples",10 samples,MG,50-473,"LGC, Carcase meat and offal survey, 1982-1983",
18-399,18-399,1,1306,"Heart, ox, stewed","heart, ox, stewed 10 samples, fat and valves removed","10 samples, fat and valves removed",MG,50-474,"LGC, Carcase meat and offal survey, 1982-1983",
18-400,18-400,1,1307,"Heart, pig, raw","heart, pig, raw 12 samples",12 samples,MG,18-439 50-475,"As Meat, Poultry and Game Supplement, 1995. Additional fatty acid data is available from a sample with slightly different fat content and profile in Fatty Acid Supplement, 1998",
18-401,18-401,1,1308,"Heart, pig, stewed","heart, pig, stewed 10 samples, fat and valves removed","10 samples, fat and valves removed",MG,,"LGC, Carcase meat and offal survey, 1982-1983",
16-176,16-176,1,1309,"Herring, flesh only, grilled","herring, flesh only, grilled samples gutted, grilled for 7 minutes per side","Samples gutted, grilled for 7 minutes per side",JC,50-613,"Reviewed 2013. Fish and Fish Products Supplement, 1993",
16-177,16-177,1,1310,"Herring, flesh only, grilled, weighed with bones and skin","herring, flesh only, grilled, weighed with bones and skin calculated from grilled 16-176",Calculated from grilled 16-176,JC,50-614,"Fish and Fish Products Supplement, 1993",
16-175,16-175,1,1311,"Herring, flesh only, raw","herring, flesh only, raw 35 fish, purchased whole over the year","35 fish, purchased whole over the year",JC,50-610 16-309,"Fish and Fish Products Supplement, 1993; fatty acids as Fatty Acid Supplement, 1998 (16-309)",
16-183,16-183,1,1312,"Herring, pickled","herring, pickled 6 samples, loose rollmops and in jars","6 samples, loose rollmops and in jars",JC,,"LGC, Analytical survey of fish and fish products, 1991-1992",
17-848,17-848,1,1313,"High juice drink, diluted","high juice drink, diluted calculated from 50g concentrate to 200ml water",Calculated from 50g concentrate to 200ml water,PCC,17-198,"LFRA, Nutritional analysis of soft drinks, 1993; and industry data, 2013",
17-674,17-674,1,1314,"High juice drink, no added sugar, undiluted","high juice drink, no added sugar, undiluted typically 50% juice. estimated from high juice drink, undiluted and label data","Typically 50% juice. Estimated from high juice drink, undiluted and label data",PCC,,"LFRA, Nutritional analysis of soft drinks, 1993; and industry data, 2013",
17-740,17-740,1,1315,"High juice drink, undiluted","high juice drink, undiluted typically 50% juice with 35-45% sugar. estimated from high juice drink, undiluted and label data","Typically 50% juice with 35-45% sugar. Estimated from high juice drink, undiluted and label data",PCC,17-197,"LFRA, Nutritional analysis of soft drinks, 1993; and industry data, 2013",
16-184,16-184,1,1316,"Hilsa, raw","hilsa, raw literature sources. imported frozen from bangladesh",Literature sources. Imported frozen from Bangladesh,JC,,Gopalan and Sastri (1980) Nutritive value of Indian foods,
16-079,16-079,1,1317,"Hoki, grilled","hoki, grilled calculated from raw 16-078, fillets","Calculated from raw 16-078, fillets",JA,,"Fish and Fish Products Supplement, 1993",
16-078,16-078,1,1318,"Hoki, raw","hoki, raw literature sources. white fleshed fish from new zealand",Literature sources. White fleshed fish from New Zealand,JA,,"Fish and Fish Products Supplement, 1993",
17-800,17-800,1,1319,"Hollandaise sauce, homemade","hollandaise sauce, homemade recipe",Recipe,WC,17-610,Updated 2014,
17-050,17-050,1,1320,Honey,honey 8 samples; assorted types,8 samples; assorted types,SC,50-1001,"Reviewed 2013. LFRA, Nutrient analysis of miscellaneous foods, 1992",
17-051,17-051,1,1321,Honey and comb,"honey and comb 2 samples, honey and comb together","2 samples, honey and comb together",SC,50-1002,"MW4, 1978. Values reviewed for Miscellaneous Foods Supplement, 1994",
17-801,17-801,1,1322,"Horlicks powder, made up with semi-skimmed milk","horlicks powder, made up with semi-skimmed milk recipe. calculated from 25g powder to 200ml milk",Recipe. Calculated from 25g powder to 200ml milk,PAA,17-561,Updated 2014. N values present due to N values in Horlicks powder,
17-802,17-802,1,1323,"Horlicks powder, made up with skimmed milk","horlicks powder, made up with skimmed milk recipe. calculated from 25g powder to 200ml milk",Recipe. Calculated from 25g powder to 200ml milk,PAA,17-562,Updated 2014. N values present due to N values in Horlicks powder,
17-803,17-803,1,1324,"Horlicks powder, made up with whole milk","horlicks powder, made up with whole milk recipe, calculated from 25g powder to 200ml milk","Recipe, Calculated from 25g powder to 200ml milk",PAA,17-560,Updated 2014. N values present due to N values in Horlicks powder,
17-731,17-731,1,1325,"Horlicks, powder","horlicks, powder manufacturer's data (glaxosmithkline)",Manufacturer's data (GlaxoSmithKline),PAA,17-503,"Industry data, 2013; and MW5, 1991 (50-1069) for sugars. Fibre fractions from 12-097",
17-314,17-314,1,1326,Horseradish sauce,"horseradish sauce 8 samples, 5 brands; creamed and plain samples","8 samples, 5 brands; creamed and plain samples",WCN,50-1168,"Reviewed 2013. LFRA, Nutrient analysis of miscellaneous foods, 1992",
13-258,13-258,1,1327,"Horseradish, raw","horseradish, raw flesh of root",Flesh of root,DG,,"MW4, 1978. Values revised for Vegetables, Herbs and Spices Supplement, 1991",
11-1084,11-1084,1,1328,"Hot cross buns, homemade","hot cross buns, homemade recipe",Recipe,AP,11-590,Updated 2014,
19-522,19-522,1,1329,"Hot pot, lamb/beef with potatoes, retail, reheated","hot pot, lamb/beef with potatoes, retail, reheated 10 samples, 6 brands of beef, lamb and lancashire hot pot. 10-32% meat, chilled and frozen","10 samples, 6 brands of beef, lamb and Lancashire hot pot. 10-32% meat, chilled and frozen",MR,19-231,"LGC, Nutritional analysis of meat and poultry products, 1994-1995; and industry data, 2013",
13-556,13-556,1,1330,Houmous,houmous chick pea spread,Chick pea spread,DB,13-433,"Industry data, 2013",
12-510,12-510,1,1331,"Ice cream bars/choc ices, chocolate coated, luxury","ice cream bars/choc ices, chocolate coated, luxury 11 samples, 5 products, including magnum, galaxy","11 samples, 5 products, including Magnum, Galaxy",BP,12-391,"DH, Nutrient analysis of a range of processed foods with particular reference to trans fatty acids, 2013",
12-384,12-384,1,1332,"Ice cream bars/choc ices, non-dairy, with chocolate flavoured coating","ice cream bars/choc ices, non-dairy, with chocolate flavoured coating 10 samples, 6 products","10 samples, 6 products",BP,12-200 50-263,"Reviewed 2013. ADAS Laboratories, Nutrient analysis of ice creams and desserts, 1999",
12-385,12-385,1,1333,"Ice cream desserts, frozen","ice cream desserts, frozen 10 samples, 7 brands e.g. viennetta, romantica, after eight","10 samples, 7 brands e.g. Viennetta, Romantica, After Eight",BP,12-203 50-266,"Reviewed 2013. ADAS Laboratories, Nutrient analysis of ice creams and desserts, 1999",
17-689,17-689,1,1334,"Ice cream sauce, topping, strawberry and chocolate flavours","ice cream sauce, topping, strawberry and chocolate flavours 8 samples, 3 brands; strawberry and chocolate flavours","8 samples, 3 brands; strawberry and chocolate flavours",SC,17-053,Proximates and Na from label data. Inorganics and vitamins from 17-053,
12-581,12-581,1,1335,"Ice cream with cone, non-dairy, vanilla","ice cream with cone, non-dairy, vanilla recipe",Recipe,BP,12-448,Updated 2014,
12-582,12-582,1,1336,"Ice cream with wafers, non-dairy, vanilla","ice cream with wafers, non-dairy, vanilla recipe",Recipe,BP,12-449,Updated 2014,
12-511,12-511,1,1337,"Ice cream, dairy, luxury, with chocolate/caramel","ice cream, dairy, luxury, with chocolate/caramel 10 samples, 7 products, including ben & jerry's, haagen-dazs and own brands","10 samples, 7 products, including Ben & Jerry's, Haagen-Dazs and own brands",BP,,"DH, Nutrient analysis of a range of processed foods with particular reference to trans fatty acids, 2013",
12-508,12-508,1,1338,"Ice cream, dairy, vanilla, soft scoop","ice cream, dairy, vanilla, soft scoop 10 samples, 7 products, including wall's, mackies and own brands","10 samples, 7 products, including Wall's, Mackies and own brands",BP,12-387,"DH, Nutrient analysis of a range of processed foods with particular reference to trans fatty acids, 2013",
12-509,12-509,1,1339,"Ice cream, non dairy, vanilla, soft scoop","ice cream, non dairy, vanilla, soft scoop 10 samples, 8 products, including wall's, carte d'or and own brands","10 samples, 8 products, including Wall's, Carte D'or and own brands",BP,12-388,"DH, Nutrient analysis of a range of processed foods with particular reference to trans fatty acids, 2013",
12-482,12-482,1,1340,"Ice cream, virtually fat free alternative","ice cream, virtually fat free alternative 8 samples, 2 products","8 samples, 2 products",BP,12-209,"ADAS Laboratories, Nutrient analysis of ice creams and desserts, 1999",
11-828,11-828,1,1341,"Iced buns, retail","iced buns, retail 10 samples, 7 products","10 samples, 7 products",AN,,"DH, Nutrient analysis of biscuits, buns, cakes and pastries, 2011",
17-783,17-783,1,1342,"Icing, butter, homemade","icing, butter, homemade recipe",Recipe,S,17-556,Updated 2014,
17-804,17-804,1,1343,"Icing, fondant, homemade","icing, fondant, homemade recipe",Recipe,S,17-582,Updated 2014,
17-583,17-583,1,1344,"Icing, glace, homemade","icing, glace, homemade recipe",Recipe,SC,17-056,Updated 2014,
17-805,17-805,1,1345,"Icing, Royal, homemade","icing, royal, homemade recipe",Recipe,SC,17-584,Updated 2014,
12-583,12-583,1,1346,"Instant dessert powder, made up with skimmed milk","instant dessert powder, made up with skimmed milk recipe",Recipe,BR,12-429,Updated 2014,
12-584,12-584,1,1347,"Instant dessert powder, made up with whole milk","instant dessert powder, made up with whole milk recipe",Recipe,BR,12-427,Based on Recipe as MPE 12-234. Updated 2013,
17-732,17-732,1,1348,"Instant drinks powder, chocolate, low calorie","instant drinks powder, chocolate, low calorie 11 samples, 6 brands, assorted flavours, including ovaltine options, cadbury highlights and own brands","11 samples, 6 brands, assorted flavours, including Ovaltine Options, Cadbury Highlights and own brands",PAA,17-500,"RHM, Nutrient content of selected foods, 1995; and industry data, 2013. Fatty acids as published in Fatty Acids Supplement 12-917",
17-825,17-825,1,1349,"Instant drinks powder, malted, unfortified","instant drinks powder, malted, unfortified 10 samples, 3 brands. own brands","10 samples, 3 brands. Own brands",PAA,17-501,"Reviewed 2013. RHM, Nutrient content of selected foods, 1995; and industry data, 2013. Fatty acids from supplement 12-884, vitamins and inorganics estimated from malted drinks, not instant",
16-185,16-185,1,1350,"Jackfish, raw","jackfish, raw data from seafish industry authority and literature sources",Data from Seafish Industry Authority and literature sources,JC,,"Fish and Fish Products Supplement, 1993",
13-259,13-259,1,1351,"Jackfruit, raw","jackfruit, raw literature sources",Literature sources,DG,,"Vegetables, Herbs and Spices Supplement, 1991",
11-739,11-739,1,1352,Jaffa cakes,"jaffa cakes 10 samples, 6 products, including mcvities, lyons and own brands","10 samples, 6 products, including McVities, Lyons and own brands",AM,11-515,"Direct Laboratories, Nutrient analysis catch up project, 2003",
11-846,11-846,1,1353,"Jam tarts, retail","jam tarts, retail 10 samples, 6 products","10 samples, 6 products",AS,11-540,"DH, Nutrient analysis of biscuits, buns, cakes and pastries, 2011",
17-073,17-073,1,1354,"Jam, fruit with edible seeds","jam, fruit with edible seeds 10 samples, 5 flavours","10 samples, 5 flavours",SC,50-1004,"Reviewed 2013. LGC, Analysis of assorted foods, 1994. Vitamin K1 from Bolton-Smith et al, Br.J. Nutr 83, 2000",
17-075,17-075,1,1355,"Jam, reduced sugar","jam, reduced sugar 9 samples, 5 brands; assorted flavours","9 samples, 5 brands; assorted flavours",SC,50-1006,"LFRA, Nutrient analysis of miscellaneous foods, 1992",
17-688,17-688,1,1356,"Jam, stone fruit","jam, stone fruit 8 samples, 4 flavours","8 samples, 4 flavours",SC,17-074,"LGC, Analysis of assorted foods, 1994; and industry data, 2013",
14-121,14-121,1,1357,"Jambu fruit, flesh only","jambu fruit, flesh only literature sources",Literature sources,FA,,"Gopalan et al. (1980) Nutritive value of Indian foods, National Insitute of Nutrition, Indian Council of Medical Research, and Wu Leung et al. (1972) Food composition table for use in East Asia",
11-1088,11-1088,1,1358,"Jellabi, homemade","jellabi, homemade recipe",Recipe,AP,11-665,Recipe uses jellabi dough. Updated 2014,
12-240,12-240,1,1359,"Jelly, made with skimmed milk","jelly, made with skimmed milk recipe",Recipe,BR,,"Milk Products and Eggs Supplement, 1989",
12-237,12-237,1,1360,"Jelly, made with water","jelly, made with water recipe",Recipe,BR,50-282,"Reviewed 2013. Milk Products and Eggs Supplement, 1989",
12-516,12-516,1,1361,"Jelly, sugar free, made with water","jelly, sugar free, made with water recipe",Recipe,BR,,"Industry data, 2013; and estimated from standard jelly",
16-080,16-080,1,1362,"John Dory, raw","john dory, raw analytical and literature sources",Analytical and literature sources,JA,,"Fish and Fish Products Supplement, 1993",
14-122,14-122,1,1363,"Jujube, flesh only","jujube, flesh only literature sources;",Literature sources;,FA,,"Fruit and Nuts Supplement, 1992",
16-081,16-081,1,1364,"Kalabasu, raw","kalabasu, raw literature sources. imported frozen from bangladesh",Literature sources. Imported frozen from Bangladesh,JA,,Gopalan and Sastri (1980) Nutritive value of Indian foods,
16-186,16-186,1,1365,"Katla, raw","katla, raw literature sources. imported frozen from bangladesh",Literature sources. Imported frozen from Bangladesh,JA,,"Gopalan and Sastri (1980) Nutritive value of Indian foods, and literature sources",
19-615,19-615,1,1366,"Kebabs, pork and pineapple, homemade","kebabs, pork and pineapple, homemade recipe",Recipe,MR,19-420,Updated 2014,
16-447,16-447,1,1367,"Kedgeree, homemade","kedgeree, homemade recipe",Recipe,JR,16-337,Updated 2014,
15-809,15-809,1,1368,Khadhi,khadhi recipe. gujerati dish. yogurt with chick pea flour and spices.,Recipe. Gujerati dish. Yogurt with chick pea flour and spices.,DR,15-526,Updated 2014,
15-810,15-810,1,1369,Khatiyu,khatiyu recipe. gujerati dish. whole pigeon peas with jaggery and spices.,Recipe. Gujerati dish. Whole pigeon peas with jaggery and spices.,DR,15-527,Updated 2014,
19-587,19-587,1,1370,"Kheema, beef, homemade","kheema, beef, homemade recipe",Recipe,MR,19-372,Updated 2014,
19-480,19-480,1,1371,"Kheema, lamb, homemade","kheema, lamb, homemade recipe",Recipe,MR,19-343,Updated 2013,
19-593,19-593,1,1372,"Kheema, lamb, reduced fat, homemade","kheema, lamb, reduced fat, homemade recipe",Recipe,MR,19-399,Updated 2014,
15-528,15-528,1,1373,"Khichadi, with butter ghee","khichadi, with butter ghee recipe. mung bean and rice dish.",Recipe. Mung bean and rice dish.,DR,15-183,Recipe as VGD 15-183,
15-529,15-529,1,1374,"Khichadi, with vegetable oil","khichadi, with vegetable oil recipe. mung bean and rice dish.",Recipe. Mung bean and rice dish.,DR,15-184,Recipe as VGD 15-184,
18-493,18-493,1,1375,"Kidney, lamb, fried in corn oil","kidney, lamb, fried in corn oil 10 samples, skin and core removed","10 samples, skin and core removed",MG,18-403 18-456 40-365 50-478,"Reviewed 2013. LGC, Carcase meat and offal survey, 1982-1983; vitamin D from LGC, Determination of 25-OH vitamin D in selected foodstuffs, 1997",
18-402,18-402,1,1376,"Kidney, lamb, raw","kidney, lamb, raw 10 samples",10 samples,MG,50-477,"LGC, Carcase meat and offal survey, 1982-1983",
18-404,18-404,1,1377,"Kidney, ox, raw","kidney, ox, raw 12 samples",12 samples,MG,50-479,"LGC, Carcase meat and offal survey, 1982-1983",
18-405,18-405,1,1378,"Kidney, ox, stewed","kidney, ox, stewed 10 samples, skin and core removed","10 samples, skin and core removed",MG,50-480,"Reviewed 2013. LGC, Carcase meat and offal survey, 1982-1983",
18-407,18-407,1,1379,"Kidney, pig, fried","kidney, pig, fried 10 samples, skin and core removed","10 samples, skin and core removed",MG,,"LGC, Carcase meat and offal survey, 1982-1983",
18-406,18-406,1,1380,"Kidney, pig, raw","kidney, pig, raw 12 samples",12 samples,MG,50-481 18-440,"LGC, Carcase meat and offal survey, 1982-1983; fat and fatty acids from Fatty Acid Supplement, 1998",
18-408,18-408,1,1381,"Kidney, pig, stewed","kidney, pig, stewed 20 samples, core removed. salt added","20 samples, core removed. Salt added",MG,50-482,"MW4, 1978. Values reviewed for Meat, Poultry and Game Supplement, 1995",
16-398,16-398,1,1382,"Kippers, flesh only, boil in the bag, with butter, cooked","kippers, flesh only, boil in the bag, with butter, cooked 9 samples, 7 products, frozen and chilled","9 samples, 7 products, frozen and chilled",JC,16-190,"DH, Nutrient analysis of fish and fish products, 2013",
16-397,16-397,1,1383,"Kippers, flesh only, grilled","kippers, flesh only, grilled 7 samples, 7 products, frozen and chilled","7 samples, 7 products, frozen and chilled",JC,16-188,"DH, Nutrient analysis of fish and fish products, 2013",
16-476,16-476,1,1384,"Kippers, flesh only, grilled, fillets weighed with bones and skin","kippers, flesh only, grilled, fillets weighed with bones and skin calculated from 16-397 using edible conversion factor of 0.89",Calculated from 16-397 using edible conversion factor of 0.89,JC,16-189,"DH, Nutrient analysis of fish and fish products, 2013",
14-371,14-371,1,1385,"Kiwi fruit, flesh only, raw","kiwi fruit, flesh only, raw 11 samples, imported. including flesh and seeds","11 samples, imported. Including flesh and seeds",FA,14-293,"PHE, Nutrient analysis of fresh and processed fruit and vegetables with respect to fibre, 2017",
14-373,14-373,1,1386,"Kiwi fruit, flesh only, raw, weighed with skin","kiwi fruit, flesh only, raw, weighed with skin calculated from 14-371",Calculated from 14-371,FA,14-305,"PHE, Nutrient analysis of fresh and processed fruit and vegetables with respect to fibre, 2017",
12-605,12-605,1,1387,"Knickerbocker glory, homemade","knickerbocker glory, homemade recipe, containing raspberry sauce, peaches, ice cream, uht canned spray cream and flaked almonds","Recipe, containing raspberry sauce, peaches, ice cream, UHT canned spray cream and flaked almonds",BP,12-213,Updated 2014,
19-642,19-642,1,1388,"Kofta, beef, homemade","kofta, beef, homemade recipe",Recipe,MR,50-543,Updated 2014,
19-594,19-594,1,1389,"Kofta, lamb, coated with breadcrumbs, homemade","kofta, lamb, coated with breadcrumbs, homemade recipe",Recipe,MR,19-400,Updated 2014,
13-576,13-576,1,1390,"Kohl rabi, boiled in unsalted water","kohl rabi, boiled in unsalted water peeled thickly, diced and boiled 22 minutes, based on boiled in salted water","Peeled thickly, diced and boiled 22 minutes, based on boiled in salted water",DG,,"IFR, The nutritional composition of retail vegetables in the UK, 1984-1987",
13-261,13-261,1,1391,"Kohl rabi, raw","kohl rabi, raw peeled thickly",Peeled thickly,DG,,"IFR, The nutritional composition of retail vegetables in the UK, 1984-1987",
12-606,12-606,1,1392,"Kulfi, homemade","kulfi, homemade indian ice cream. recipe",Indian ice cream. Recipe,BP,12-450,Updated 2014,
14-125,14-125,1,1393,"Kumquats, whole fruit, raw","kumquats, whole fruit, raw analysis and literature sources; whole fruit",Analysis and literature sources; whole fruit,FA,,"Fruit and Nuts Supplement, 1992",
17-212,17-212,1,1394,"Lager, alcohol-free","lager, alcohol-free 10 samples, including kaliber, beck's blue, equator, bitburger drive, cobra zero and holsten pils alcohol free","10 samples, including Kaliber, Beck's Blue, Equator, Bitburger Drive, Cobra Zero and Holsten Pils Alcohol Free",QA,,"Reviewed 2013. LFRA, Nutritional analysis of soft drinks, 1993",
17-676,17-676,1,1395,"Lager, extra strong","lager, extra strong approx. 9% abv, including carlsberg special brew, skol super, tennent's super and kestrel super","Approx. 9% ABV, including Carlsberg Special Brew, Skol Super, Tennent's Super and Kestrel Super",QA,17-214,"Estimated from premium lager (analytical data 1994) and industry data, 2013",
17-750,17-750,1,1396,"Lager, low alcohol","lager, low alcohol 2-3% abv. 10 samples, including bavaria permium, carling zest, carling c2, beck's premier light and own brand","2-3% ABV. 10 samples, including Bavaria Permium, Carling Zest, Carling C2, Beck's Premier Light and own brand",QA,17-213,"Estimated from standard lager and industry data, 2013",
17-751,17-751,1,1397,"Lager, premium","lager, premium approx. 5% abv, 10 samples including bitburger pils, san miguel, stella artois, bud, kronenbourg, grolsch, beck's and carlsberg export","Approx. 5% ABV, 10 samples including Bitburger Pils, San Miguel, Stella Artois, Bud, Kronenbourg, Grolsch, Beck's and Carlsberg Export",QA,17-211,"Estimated from standard lager and industry data, 2013",
17-749,17-749,1,1398,"Lager, standard","lager, standard <4.5% abv, canned and draught, including skol, hofmeister, tennents, carling black label, stella artois and foster's","<4.5% ABV, canned and draught, including Skol, Hofmeister, Tennents, Carling Black Label, Stella Artois and Foster's",QA,,"Miscellaneous Foods Supplement, 1994; and industry data, 2013. Vitamin K1 from Bolton-Smith et al Br.J. Nutr. 83, 2000",
19-598,19-598,1,1399,"Lamb stir-fried with vegetables, homemade","lamb stir-fried with vegetables, homemade recipe",Recipe,MR,19-402,Updated 2014,
18-478,18-478,1,1400,"Lamb, average, raw, lean and fat","lamb, average, raw, lean and fat calculated from 83% lean and 17% fat",Calculated from 83% lean and 17% fat,MAE,18-123 50-404,"Reviewed 2013. LGC, Nutrient analysis of retail cuts of lamb, 1993-1994",
18-103,18-103,1,1401,"Lamb, best end neck cutlets, barbecued, lean","lamb, best end neck cutlets, barbecued, lean 10 samples",10 samples,MAE,228,"LGC, Nutrient analysis of retail cuts of lamb, 1993-1994",
18-105,18-105,1,1402,"Lamb, best end neck cutlets, barbecued, lean and fat","lamb, best end neck cutlets, barbecued, lean and fat calculated from 73% lean and 27% fat",Calculated from 73% lean and 27% fat,MAE,,"LGC, Nutrient analysis of retail cuts of lamb, 1993-1994",
18-106,18-106,1,1403,"Lamb, best end neck cutlets, barbecued, lean and fat, weighed with bone","lamb, best end neck cutlets, barbecued, lean and fat, weighed with bone calculated from 18-105",Calculated from 18-105,MAE,,"LGC, Nutrient analysis of retail cuts of lamb, 1993-1994",
18-104,18-104,1,1404,"Lamb, best end neck cutlets, barbecued, lean, weighed with fat and bone","lamb, best end neck cutlets, barbecued, lean, weighed with fat and bone calculated from 18-103",Calculated from 18-103,MAE,,"LGC, Nutrient analysis of retail cuts of lamb, 1993-1994",
18-107,18-107,1,1405,"Lamb, best end neck cutlets, grilled, lean","lamb, best end neck cutlets, grilled, lean 33 samples",33 samples,MAE,50-402,"LGC, Nutrient analysis of retail cuts of lamb, 1993-1994",
18-109,18-109,1,1406,"Lamb, best end neck cutlets, grilled, lean and fat","lamb, best end neck cutlets, grilled, lean and fat calculated from 68% lean and 32% fat",Calculated from 68% lean and 32% fat,MAE,50-400,"LGC, Nutrient analysis of retail cuts of lamb, 1993-1994",
18-110,18-110,1,1407,"Lamb, best end neck cutlets, grilled, lean and fat, weighed with bone","lamb, best end neck cutlets, grilled, lean and fat, weighed with bone calculated from 18-109",Calculated from 18-109,MAE,50-401,"LGC, Nutrient analysis of retail cuts of lamb, 1993-1994",
18-108,18-108,1,1408,"Lamb, best end neck cutlets, grilled, lean, weighed with fat and bone","lamb, best end neck cutlets, grilled, lean, weighed with fat and bone calculated from 18-107",Calculated from 18-107,MAE,50-403,"LGC, Nutrient analysis of retail cuts of lamb, 1993-1994",
18-101,18-101,1,1409,"Lamb, best end neck cutlets, raw, lean and fat","lamb, best end neck cutlets, raw, lean and fat calculated from 66% lean and 34% fat",Calculated from 66% lean and 34% fat,MAE,50-399,"LGC, Nutrient analysis of retail cuts of lamb, 1993-1994",
18-102,18-102,1,1410,"Lamb, best end neck cutlets, raw, lean and fat, weighed with bone","lamb, best end neck cutlets, raw, lean and fat, weighed with bone calculated from 18-101",Calculated from 18-101,MAE,,"LGC, Nutrient analysis of retail cuts of lamb, 1993-1994",
18-111,18-111,1,1411,"Lamb, breast, raw, lean","lamb, breast, raw, lean 10 samples",10 samples,MAE,,"LGC, Nutrient analysis of retail cuts of lamb, 1993-1994",
18-112,18-112,1,1412,"Lamb, breast, raw, lean and fat","lamb, breast, raw, lean and fat calculated from 66% lean and 33% fat",Calculated from 66% lean and 33% fat,MAE,50-391,"LGC, Nutrient analysis of retail cuts of lamb, 1993-1994",
18-113,18-113,1,1413,"Lamb, breast, roasted, lean","lamb, breast, roasted, lean 10 samples",10 samples,MAE,50-393,"Reviewed 2013. LGC, Nutrient analysis of retail cuts of lamb, 1993-1994",
18-114,18-114,1,1414,"Lamb, breast, roasted, lean and fat","lamb, breast, roasted, lean and fat calculated from 62% lean and 36% fat",Calculated from 62% lean and 36% fat,MAE,50-392,"Reviewed 2013. LGC, Nutrient analysis of retail cuts of lamb, 1993-1994",
18-117,18-117,1,1415,"Lamb, chump chops, fried, lean","lamb, chump chops, fried, lean 35 samples of a mixture of chops and steaks",35 samples of a mixture of chops and steaks,MAE,229,"LGC, Nutrient analysis of retail cuts of lamb, 1993-1994",
18-119,18-119,1,1416,"Lamb, chump chops, fried, lean and fat","lamb, chump chops, fried, lean and fat calculated from 76% lean and 24% fat",Calculated from 76% lean and 24% fat,MAE,,"LGC, Nutrient analysis of retail cuts of lamb, 1993-1994",
18-120,18-120,1,1417,"Lamb, chump chops, fried, lean and fat, weighed with bone","lamb, chump chops, fried, lean and fat, weighed with bone calculated from 18-119",Calculated from 18-119,MAE,,"LGC, Nutrient analysis of retail cuts of lamb, 1993-1994",
18-118,18-118,1,1418,"Lamb, chump chops, fried, lean, weighed with fat and bone","lamb, chump chops, fried, lean, weighed with fat and bone calculated from 18-117",Calculated from 18-117,MAE,,"LGC, Nutrient analysis of retail cuts of lamb, 1993-1994",
18-115,18-115,1,1419,"Lamb, chump chops, raw, lean and fat","lamb, chump chops, raw, lean and fat calculated from 77% lean and 23% fat",Calculated from 77% lean and 23% fat,MAE,,"LGC, Nutrient analysis of retail cuts of lamb, 1993-1994",
18-116,18-116,1,1420,"Lamb, chump chops, raw, lean and fat, weighed with bone","lamb, chump chops, raw, lean and fat, weighed with bone calculated from 18-115",Calculated from 18-115,MAE,,"LGC, Nutrient analysis of retail cuts of lamb, 1993-1994",
18-122,18-122,1,1421,"Lamb, chump steaks, fried, lean and fat","lamb, chump steaks, fried, lean and fat calculated from 80% lean and 19% fat",Calculated from 80% lean and 19% fat,MAE,,"LGC, Nutrient analysis of retail cuts of lamb, 1993-1994",
18-121,18-121,1,1422,"Lamb, chump steaks, raw, lean and fat","lamb, chump steaks, raw, lean and fat calculated from 79% lean and 19% fat",Calculated from 79% lean and 19% fat,MAE,,"LGC, Nutrient analysis of retail cuts of lamb, 1993-1994",
18-100,18-100,1,1423,"Lamb, fat, average, cooked","lamb, fat, average, cooked average of 8 different cuts, trimmed of lean","Average of 8 different cuts, trimmed of lean",MAE,50-389 18-434,"Reviewed 2013. LGC, Nutrient analysis of retail cuts of lamb, 1993-1994",
18-098,18-098,1,1424,"Lamb, fat, average, raw","lamb, fat, average, raw average of 8 different cuts, trimmed of lean","Average of 8 different cuts, trimmed of lean",MAE,50-388 18-433,"Reviewed 2013. LGC, Nutrient analysis of retail cuts of lamb, 1993-1994",
18-099,18-099,1,1425,"Lamb, fat, raw, average, extra trimmed","lamb, fat, raw, average, extra trimmed weighted average of 7 different cuts",Weighted average of 7 different cuts,MAE,,"LGC, Nutrient analysis of retail cuts of lamb, 1993-1994",
18-475,18-475,1,1426,"Lamb, lean only, raw, average","lamb, lean only, raw, average average of 8 different cuts",Average of 8 different cuts,MAE,18-096 18-432 50-390,"Reviewed 2013. LGC, Nutrient analysis of retail cuts of lamb, 1993-1994; selenium from 'Analysis of foods for Selenium', 1994.",
18-097,18-097,1,1427,"Lamb, lean only, raw, average, extra trimmed","lamb, lean only, raw, average, extra trimmed weighted average of 7 different cuts",Weighted average of 7 different cuts,MAE,,"LGC, Nutrient analysis of retail cuts of lamb, 1993-1994",
18-124,18-124,1,1428,"Lamb, leg chops, grilled, lean and fat","lamb, leg chops, grilled, lean and fat calculated from 91% lean and 9% fat",Calculated from 91% lean and 9% fat,MAE,,"LGC, Nutrient analysis of retail cuts of lamb, 1993-1994",
18-125,18-125,1,1429,"Lamb, leg chops, grilled, lean and fat, weighed with bone","lamb, leg chops, grilled, lean and fat, weighed with bone calculated from 18-124",Calculated from 18-124,MAE,,"LGC, Nutrient analysis of retail cuts of lamb, 1993-1994",
18-131,18-131,1,1430,"Lamb, leg joint, roasted, lean","lamb, leg joint, roasted, lean 10 samples; boneless",10 samples; boneless,MAE,,"LGC, Nutrient analysis of retail cuts of lamb, 1993-1994",
18-132,18-132,1,1431,"Lamb, leg joint, roasted, lean and fat","lamb, leg joint, roasted, lean and fat calculated from 90% lean and 8% fat",Calculated from 90% lean and 8% fat,MAE,,"LGC, Nutrient analysis of retail cuts of lamb, 1993-1994",
18-133,18-133,1,1432,"Lamb, leg steaks, grilled, lean","lamb, leg steaks, grilled, lean 29 samples",29 samples,MAE,,"LGC, Nutrient analysis of retail cuts of lamb, 1993-1994",
18-134,18-134,1,1433,"Lamb, leg steaks, grilled, lean and fat","lamb, leg steaks, grilled, lean and fat calculated from 94% lean and 6% fat",Calculated from 94% lean and 6% fat,MAE,,"LGC, Nutrient analysis of retail cuts of lamb, 1993-1994",
18-126,18-126,1,1434,"Lamb, leg, half fillet, braised, lean","lamb, leg, half fillet, braised, lean 10 samples",10 samples,MAE,,"LGC, Nutrient analysis of retail cuts of lamb, 1993-1994",
18-127,18-127,1,1435,"Lamb, leg, half fillet, braised, lean and fat","lamb, leg, half fillet, braised, lean and fat calculated from 84% lean and 16% fat",Calculated from 84% lean and 16% fat,MAE,,"LGC, Nutrient analysis of retail cuts of lamb, 1993-1994",
18-128,18-128,1,1436,"Lamb, leg, half knuckle, pot-roasted, lean","lamb, leg, half knuckle, pot-roasted, lean 10 samples",10 samples,MAE,,"LGC, Nutrient analysis of retail cuts of lamb, 1993-1994",
18-129,18-129,1,1437,"Lamb, leg, half knuckle, pot-roasted, lean and fat","lamb, leg, half knuckle, pot-roasted, lean and fat calculated from 89% lean and 11% fat",Calculated from 89% lean and 11% fat,MAE,,"Reviewed 2013. LGC, Nutrient analysis of retail cuts of lamb, 1993-1994",
18-130,18-130,1,1438,"Lamb, leg, half knuckle, pot-roasted, lean and fat, weighed with bone","lamb, leg, half knuckle, pot-roasted, lean and fat, weighed with bone calculated from 18-129",Calculated from 18-129,MAE,,"LGC, Nutrient analysis of retail cuts of lamb, 1993-1994",
18-137,18-137,1,1439,"Lamb, leg, whole, roasted well done, lean","lamb, leg, whole, roasted well done, lean 10 samples",10 samples,MAE,,"LGC, Nutrient analysis of retail cuts of lamb, 1993-1994",
18-138,18-138,1,1440,"Lamb, leg, whole, roasted well done, lean and fat","lamb, leg, whole, roasted well done, lean and fat calculated from 89% lean and 11% fat",Calculated from 89% lean and 11% fat,MAE,,"LGC, Nutrient analysis of retail cuts of lamb, 1993-1994",
18-480,18-480,1,1441,"Lamb, leg, whole, roasted, lean and fat","lamb, leg, whole, roasted, lean and fat calculated from 89% lean and 11% fat",Calculated from 89% lean and 11% fat,MAE,18-136 50-405,"Reviewed 2013. LGC, Nutrient analysis of retail cuts of lamb, 1993-1994; iron from LGC, The determination of different forms of Iron in foodstuffs, 1997",
18-479,18-479,1,1442,"Lamb, leg, whole, roasted, lean only","lamb, leg, whole, roasted, lean only 10 samples",10 samples,MAE,18-135 50-406,"Reviewed 2013. LGC, Nutrient analysis of retail cuts of lamb, 1993-1994; iron from LGC, The determination of different forms of Iron in foodstuffs, 1997",
18-141,18-141,1,1443,"Lamb, loin chops, grilled, lean","lamb, loin chops, grilled, lean 33 samples",33 samples,MAE,50-397,"Reviewed 2013. LGC, Nutrient analysis of retail cuts of lamb, 1993-1994; vitamin K1 from Bolton-Smith et al Br.J. Nutr.83, 2000",
18-477,18-477,1,1444,"Lamb, loin chops, grilled, lean and fat","lamb, loin chops, grilled, lean and fat calculated from 76% lean and 24% fat",Calculated from 76% lean and 24% fat,MAE,18-143 50-395,"Reviewed 2013. LGC, Nutrient analysis of retail cuts of lamb, 1993-1994; vitamin D estimated from grilled, lean only, LGC 'Determination of 25-OH vitamin D in selected foodstuffs' 1997",
18-496,18-496,1,1445,"Lamb, loin chops, grilled, lean and fat, weighed with bone","lamb, loin chops, grilled, lean and fat, weighed with bone calculated from 18-477",Calculated from 18-477,MAE,18-144 50-396,"LGC, Nutrient analysis of retail cuts of lamb, 1993-1994; Vitamin D figure estimated from 18-477 (LGC 'Determination of 25-OH vitamin D in selected foodstuffs' 1997.",
18-142,18-142,1,1446,"Lamb, loin chops, grilled, lean, weighed with fat and bone","lamb, loin chops, grilled, lean, weighed with fat and bone calculated from 18-141",Calculated from 18-141,MAE,50-398,"LGC, Nutrient analysis of retail cuts of lamb, 1993-1994; Vitamin K estimated from Bolton-Smith et al Br.J. Nutr.83, 2000",
18-145,18-145,1,1447,"Lamb, loin chops, microwaved, lean","lamb, loin chops, microwaved, lean 10 samples",10 samples,MAE,,"LGC, Nutrient analysis of retail cuts of lamb, 1993-1994",
18-147,18-147,1,1448,"Lamb, loin chops, microwaved, lean and fat","lamb, loin chops, microwaved, lean and fat calculated from 72% lean and 28% fat",Calculated from 72% lean and 28% fat,MAE,,"Reviewed 2013. LGC, Nutrient analysis of retail cuts of lamb, 1993-1994",
18-148,18-148,1,1449,"Lamb, loin chops, microwaved, lean and fat, weighed with bone","lamb, loin chops, microwaved, lean and fat, weighed with bone calculated from 18-147",Calculated from 18-147,MAE,,"LGC, Nutrient analysis of retail cuts of lamb, 1993-1994",
18-146,18-146,1,1450,"Lamb, loin chops, microwaved, lean, weighed with fat and bone","lamb, loin chops, microwaved, lean, weighed with fat and bone calculated from 18-145",Calculated from 18-145,MAE,,"LGC, Nutrient analysis of retail cuts of lamb, 1993-1994",
18-476,18-476,1,1451,"Lamb, loin chops, raw, lean and fat","lamb, loin chops, raw, lean and fat calculated from 72% lean and 28% fat",Calculated from 72% lean and 28% fat,MAE,18-139 50-394,"Reviewed 2013. LGC, Nutrient analysis of retail cuts of lamb, 1993-1994; vitamin D from LGC, Determination of 25-OH vitamin D in selected foodstuffs, 1997",
18-497,18-497,1,1452,"Lamb, loin chops, raw, lean and fat, weighed with bone","lamb, loin chops, raw, lean and fat, weighed with bone calculated from 18-476",Calculated from 18-476,MAE,18-140,"LGC, Nutrient analysis of retail cuts of lamb, 1993-1994; Vitamin D from LGC 'Determination of 25-OH vitamin D in selected foodstuffs' 1997.",
18-149,18-149,1,1453,"Lamb, loin chops, roasted, lean","lamb, loin chops, roasted, lean 35 samples",35 samples,MAE,,"Reviewed 2013. LGC, Nutrient analysis of retail cuts of lamb, 1993-1994",
18-151,18-151,1,1454,"Lamb, loin chops, roasted, lean and fat","lamb, loin chops, roasted, lean and fat calculated from 73% lean and 27% fat",Calculated from 73% lean and 27% fat,MAE,,"Reviewed 2013. LGC, Nutrient analysis of retail cuts of lamb, 1993-1994",
18-152,18-152,1,1455,"Lamb, loin chops, roasted, lean and fat, weighed with bone","lamb, loin chops, roasted, lean and fat, weighed with bone calculated from 18-151",Calculated from 18-151,MAE,,"LGC, Nutrient analysis of retail cuts of lamb, 1993-1994",
18-150,18-150,1,1456,"Lamb, loin chops, roasted, lean, weighed with fat and bone","lamb, loin chops, roasted, lean, weighed with fat and bone calculated from 18-149",Calculated from 18-149,MAE,,"LGC, Nutrient analysis of retail cuts of lamb, 1993-1994",
18-153,18-153,1,1457,"Lamb, loin joint, raw, lean and fat","lamb, loin joint, raw, lean and fat calculated from 66% lean and 34% fat",Calculated from 66% lean and 34% fat,MAE,,"LGC, Nutrient analysis of retail cuts of lamb, 1993-1994",
18-154,18-154,1,1458,"Lamb, loin joint, raw, lean and fat, weighed with bone","lamb, loin joint, raw, lean and fat, weighed with bone calculated from 18-153",Calculated from 18-153,MAE,,"LGC, Nutrient analysis of retail cuts of lamb, 1993-1994",
18-155,18-155,1,1459,"Lamb, loin joint, roasted, lean","lamb, loin joint, roasted, lean 10 samples",10 samples,MAE,,"LGC, Nutrient analysis of retail cuts of lamb, 1993-1994",
18-156,18-156,1,1460,"Lamb, loin joint, roasted, lean and fat","lamb, loin joint, roasted, lean and fat calculated from 78% lean and 22% fat",Calculated from 78% lean and 22% fat,MAE,,"LGC, Nutrient analysis of retail cuts of lamb, 1993-1994",
18-157,18-157,1,1461,"Lamb, loin joint, roasted, lean and fat, weighed with bone","lamb, loin joint, roasted, lean and fat, weighed with bone calculated from 18-156",Calculated from 18-156,MAE,,"LGC, Nutrient analysis of retail cuts of lamb, 1993-1994",
18-481,18-481,1,1462,"Lamb, mince, raw","lamb, mince, raw 10 samples",10 samples,MAE,18-158,"Reviewed 2013. LGC, Nutrient analysis of retail cuts of lamb, 1993-1994; vitamin D from LGC, Determination of 25-OH vitamin D in selected foodstuffs, 1997",
18-159,18-159,1,1463,"Lamb, mince, stewed","lamb, mince, stewed 10 samples",10 samples,MAE,,"Reviewed 2013. LGC, Nutrient analysis of retail cuts of lamb, 1993-1994",
19-608,19-608,1,1464,"Lamb, mince, stewed with onions","lamb, mince, stewed with onions recipe, containing onion, stock, flour and seasoning","Recipe, containing onion, stock, flour and seasoning",MR,19-411,Updated 2014,
18-160,18-160,1,1465,"Lamb, neck fillet, raw, lean","lamb, neck fillet, raw, lean 10 samples",10 samples,MAE,,"LGC, Nutrient analysis of retail cuts of lamb, 1993-1994",
18-161,18-161,1,1466,"Lamb, neck fillet, raw, lean and fat","lamb, neck fillet, raw, lean and fat calculated from 87% lean and 12% fat",Calculated from 87% lean and 12% fat,MAE,,"LGC, Nutrient analysis of retail cuts of lamb, 1993-1994",
18-162,18-162,1,1467,"Lamb, neck fillet, slices, grilled, lean","lamb, neck fillet, slices, grilled, lean 10 samples",10 samples,MAE,,"LGC, Nutrient analysis of retail cuts of lamb, 1993-1994",
18-163,18-163,1,1468,"Lamb, neck fillet, slices, grilled, lean and fat","lamb, neck fillet, slices, grilled, lean and fat calculated from 89% lean and 9% fat",Calculated from 89% lean and 9% fat,MAE,,"LGC, Nutrient analysis of retail cuts of lamb, 1993-1994",
18-164,18-164,1,1469,"Lamb, neck fillet, strips, stir-fried in corn oil, lean","lamb, neck fillet, strips, stir-fried in corn oil, lean 10 samples",10 samples,MAE,,"Reviewed 2013. LGC, Nutrient analysis of retail cuts of lamb, 1993-1994",
18-165,18-165,1,1470,"Lamb, neck fillet, strips, stir-fried in corn oil, lean and fat","lamb, neck fillet, strips, stir-fried in corn oil, lean and fat calculated from 84% lean and 14% fat",Calculated from 84% lean and 14% fat,MAE,,"LGC, Nutrient analysis of retail cuts of lamb, 1993-1994",
18-188,18-188,1,1471,"Lamb, New Zealand, leg, whole, chilled, roasted, lean","lamb, new zealand, leg, whole, chilled, roasted, lean 7 samples",7 samples,MAE,,"LGC, Nutrient analysis of retail cuts of lamb, 1993-1994",
18-189,18-189,1,1472,"Lamb, New Zealand, leg, whole, chilled, roasted, lean and fat","lamb, new zealand, leg, whole, chilled, roasted, lean and fat calculated from 92% lean and 8% fat",Calculated from 92% lean and 8% fat,MAE,,"LGC, Nutrient analysis of retail cuts of lamb, 1993-1994",
18-190,18-190,1,1473,"Lamb, New Zealand, leg, whole, frozen, raw, lean and fat, weighed with bone","lamb, new zealand, leg, whole, frozen, raw, lean and fat, weighed with bone calculated from 64% lean and 12% fat",Calculated from 64% lean and 12% fat,MAE,,"LGC, Nutrient analysis of retail cuts of lamb, 1993-1994",
18-191,18-191,1,1474,"Lamb, New Zealand, leg, whole, frozen, roasted, lean","lamb, new zealand, leg, whole, frozen, roasted, lean 10 samples",10 samples,MAE,,"LGC, Nutrient analysis of retail cuts of lamb, 1993-1994",
18-192,18-192,1,1475,"Lamb, New Zealand, leg, whole, frozen, roasted, lean and fat","lamb, new zealand, leg, whole, frozen, roasted, lean and fat calculated from 89% lean and 11% fat",Calculated from 89% lean and 11% fat,MAE,,"LGC, Nutrient analysis of retail cuts of lamb, 1993-1994",
18-193,18-193,1,1476,"Lamb, New Zealand, leg, whole, frozen, roasted, lean and fat, weighed with bone","lamb, new zealand, leg, whole, frozen, roasted, lean and fat, weighed with bone calculated from 18-192",Calculated from 18-192,MAE,,"LGC, Nutrient analysis of retail cuts of lamb, 1993-1994",
18-194,18-194,1,1477,"Lamb, New Zealand, loin chops, frozen, grilled, lean","lamb, new zealand, loin chops, frozen, grilled, lean 44 samples",44 samples,MAE,,"LGC, Nutrient analysis of retail cuts of lamb, 1993-1994",
18-196,18-196,1,1478,"Lamb, New Zealand, loin chops, frozen, grilled, lean and fat","lamb, new zealand, loin chops, frozen, grilled, lean and fat calculated from 75% lean and 25% fat",Calculated from 75% lean and 25% fat,MAE,,"LGC, Nutrient analysis of retail cuts of lamb, 1993-1994",
18-197,18-197,1,1479,"Lamb, New Zealand, loin chops, frozen, grilled, lean and fat, weighed with bone","lamb, new zealand, loin chops, frozen, grilled, lean and fat, weighed with bone calculated from 18-196",Calculated from 18-196,MAE,,"LGC, Nutrient analysis of retail cuts of lamb, 1993-1994",
18-195,18-195,1,1480,"Lamb, New Zealand, loin chops, frozen, grilled, lean, weighed with fat and bone","lamb, new zealand, loin chops, frozen, grilled, lean, weighed with fat and bone calculated from 18-194",Calculated from 18-194,MAE,,"LGC, Nutrient analysis of retail cuts of lamb, 1993-1994",
18-198,18-198,1,1481,"Lamb, New Zealand, mince, frozen, stewed","lamb, new zealand, mince, frozen, stewed 8 samples",8 samples,MAE,,"LGC, Nutrient analysis of retail cuts of lamb, 1993-1994",
18-199,18-199,1,1482,"Lamb, New Zealand, shoulder, whole, frozen, roasted, lean","lamb, new zealand, shoulder, whole, frozen, roasted, lean 9 samples",9 samples,MAE,,"LGC, Nutrient analysis of retail cuts of lamb, 1993-1994",
18-200,18-200,1,1483,"Lamb, New Zealand, shoulder, whole, frozen, roasted, lean and fat","lamb, new zealand, shoulder, whole, frozen, roasted, lean and fat calculated from 75% lean and 25% fat",Calculated from 75% lean and 25% fat,MAE,,"LGC, Nutrient analysis of retail cuts of lamb, 1993-1994",
18-168,18-168,1,1484,"Lamb, rack of, lean, roasted","lamb, rack of, lean, roasted 10 samples",10 samples,MAE,,"Meat, Poultry and Game Supplement, 1995",
18-166,18-166,1,1485,"Lamb, rack of, raw, lean and fat","lamb, rack of, raw, lean and fat calculated from 69% lean and 31% fat",Calculated from 69% lean and 31% fat,MAE,,"Meat, Poultry and Game Supplement, 1995",
18-167,18-167,1,1486,"Lamb, rack of, raw, lean and fat, weighed with bone","lamb, rack of, raw, lean and fat, weighed with bone calculated from 18-166",Calculated from 18-166,MAE,,"Meat, Poultry and Game Supplement, 1995",
18-169,18-169,1,1487,"Lamb, rack of, roasted, lean and fat","lamb, rack of, roasted, lean and fat calculated from 66% lean and 34% fat",Calculated from 66% lean and 34% fat,MAE,235,"Meat, Poultry and Game Supplement, 1995",
18-177,18-177,1,1488,"Lamb, shoulder joint, roasted, lean","lamb, shoulder joint, roasted, lean 10 samples",10 samples,MAE,,"LGC, Nutrient analysis of retail cuts of lamb, 1993-1994",
18-178,18-178,1,1489,"Lamb, shoulder joint, roasted, lean and fat","lamb, shoulder joint, roasted, lean and fat calculated from 82% lean and 16% fat",Calculated from 82% lean and 16% fat,MAE,,"LGC, Nutrient analysis of retail cuts of lamb, 1993-1994",
18-172,18-172,1,1490,"Lamb, shoulder, diced, kebabs, grilled, lean and fat","lamb, shoulder, diced, kebabs, grilled, lean and fat calculated from 85% lean and 15% fat",Calculated from 85% lean and 15% fat,MAE,,"Reviewed 2013. LGC, Nutrient analysis of retail cuts of lamb, 1993-1994",
18-173,18-173,1,1491,"Lamb, shoulder, half bladeside, pot-roasted, lean","lamb, shoulder, half bladeside, pot-roasted, lean 10 samples",10 samples,MAE,,"LGC, Nutrient analysis of retail cuts of lamb, 1993-1994",
18-174,18-174,1,1492,"Lamb, shoulder, half bladeside, pot-roasted, lean and fat","lamb, shoulder, half bladeside, pot-roasted, lean and fat calculated from 72% lean and 28% fat",Calculated from 72% lean and 28% fat,MAE,236,"LGC, Nutrient analysis of retail cuts of lamb, 1993-1994",
18-175,18-175,1,1493,"Lamb, shoulder, half knuckle, braised, lean","lamb, shoulder, half knuckle, braised, lean 10 samples",10 samples,MAE,,"LGC, Nutrient analysis of retail cuts of lamb, 1993-1994",
18-176,18-176,1,1494,"Lamb, shoulder, half knuckle, braised, lean and fat","lamb, shoulder, half knuckle, braised, lean and fat calculated from 74% lean and 26% fat",Calculated from 74% lean and 26% fat,MAE,,"LGC, Nutrient analysis of retail cuts of lamb, 1993-1994",
18-170,18-170,1,1495,"Lamb, shoulder, raw, lean and fat","lamb, shoulder, raw, lean and fat calculated from 76% lean and 24% fat",Calculated from 76% lean and 24% fat,MAE,50-411,"LGC, Nutrient analysis of retail cuts of lamb, 1993-1994",
18-171,18-171,1,1496,"Lamb, shoulder, raw, lean and fat, weighed with bone","lamb, shoulder, raw, lean and fat, weighed with bone calculated from 18-170",Calculated from 18-170,MAE,50-411,"LGC, Nutrient analysis of retail cuts of lamb, 1993-1994",
18-179,18-179,1,1497,"Lamb, shoulder, whole, roasted, lean","lamb, shoulder, whole, roasted, lean 10 samples",10 samples,MAE,50-413,"Reviewed 2013. LGC, Nutrient analysis of retail cuts of lamb, 1993-1994",
18-180,18-180,1,1498,"Lamb, shoulder, whole, roasted, lean and fat","lamb, shoulder, whole, roasted, lean and fat calculated from 78% lean and 22% fat",Calculated from 78% lean and 22% fat,MAE,50-412,"Reviewed 2013. LGC, Nutrient analysis of retail cuts of lamb, 1993-1994",
18-181,18-181,1,1499,"Lamb, shoulder, whole, roasted, lean and fat, weighed with bone","lamb, shoulder, whole, roasted, lean and fat, weighed with bone calculated from 18-180",Calculated from 18-180,MAE,,"LGC, Nutrient analysis of retail cuts of lamb, 1993-1994",
18-184,18-184,1,1500,"Lamb, stewing, pressure cooked, lean","lamb, stewing, pressure cooked, lean 10 samples",10 samples,MAE,,"LGC, Nutrient analysis of retail cuts of lamb, 1993-1994",
18-185,18-185,1,1501,"Lamb, stewing, pressure cooked, lean and fat","lamb, stewing, pressure cooked, lean and fat calculated from 82% lean and 18% fat",Calculated from 82% lean and 18% fat,MAE,,"LGC, Nutrient analysis of retail cuts of lamb, 1993-1994",
18-182,18-182,1,1502,"Lamb, stewing, raw, lean and fat","lamb, stewing, raw, lean and fat calculated from 80% lean and 20% fat",Calculated from 80% lean and 20% fat,MAE,50-407,"LGC, Nutrient analysis of retail cuts of lamb, 1993-1994",
18-183,18-183,1,1503,"Lamb, stewing, raw, lean and fat, weighed with bone","lamb, stewing, raw, lean and fat, weighed with bone calculated from 18-182",Calculated from 18-182,MAE,,"LGC, Nutrient analysis of retail cuts of lamb, 1993-1994",
18-186,18-186,1,1504,"Lamb, stewing, stewed, lean","lamb, stewing, stewed, lean 10 samples",10 samples,MAE,50-409,"Reviewed 2013. LGC, Nutrient analysis of retail cuts of lamb, 1993-1994",
18-187,18-187,1,1505,"Lamb, stewing, stewed, lean and fat","lamb, stewing, stewed, lean and fat calculated from 85% lean and 15% fat",Calculated from 85% lean and 15% fat,MAE,50-408,"Reviewed 2013. LGC, Nutrient analysis of retail cuts of lamb, 1993-1994",
19-600,19-600,1,1506,"Lamb's heart casserole, homemade","lamb's heart casserole, homemade recipe",Recipe,MR,19-404,Updated 2014,
19-601,19-601,1,1507,"Lancashire hotpot, homemade","lancashire hotpot, homemade recipe",Recipe,MR,19-345,Updated 2014,
16-425,16-425,1,1508,"Langoustine, boiled","langoustine, boiled small, medium and large from 3 fishing areas","Small, medium and large from 3 fishing areas",JK,,"DH, Nutrient analysis of fish and fish products, 2013",
17-010,17-010,1,1509,Lard,"lard 6 samples, 3 brands","6 samples, 3 brands",OF,50-318,"Reviewed 2013. MW1, 1940; Miscellaneous Foods Supplement, 1994; and Fatty Acids Supplement, 1998",
19-481,19-481,1,1510,"Lasagne, homemade","lasagne, homemade beef, recipe","Beef, Recipe",MR,19-346,Updated 2013,
19-482,19-482,1,1511,"Lasagne, homemade, with extra lean minced beef","lasagne, homemade, with extra lean minced beef recipe",Recipe,MR,,Updated 2013,
19-523,19-523,1,1512,"Lasagne, retail, reheated","lasagne, retail, reheated 12 samples, 11 brands. 10-20% meat, chilled and frozen","12 samples, 11 brands. 10-20% meat, chilled and frozen",MR,19-238,"LGC, Nutrient analysis of foods important for elderly people, 1994; and industry data, 2013. Vitamin K1 Bolton-Smith et al Br.J. Nutr.83, 2000",
15-186,15-186,1,1513,"Lasagne, spinach, wholemeal, homemade","lasagne, spinach, wholemeal, homemade recipe from dietary survey records",Recipe from dietary survey records,DR,,As Vegetable Dishes Supplement 1992,
15-651,15-651,1,1514,"Lasagne, vegetable, retail","lasagne, vegetable, retail 8 assorted samples; cooked in conventional and microwave ovens according to packet directions",8 assorted samples; cooked in conventional and microwave ovens according to packet directions,DR,15-189,"LGC, Fruit and vegetables, 1989-1990; and industry data, 2013",
15-188,15-188,1,1515,"Lasagne, vegetable, wholemeal, homemade","lasagne, vegetable, wholemeal, homemade recipe from dietary survey records",Recipe from dietary survey records,DR,,As Vegetable Dishes Supplement 1992,
12-373,12-373,1,1516,"Lassi, sweetened","lassi, sweetened 5 samples, takeaway and retail","5 samples, takeaway and retail",BN,12-892,"Reviewed 2013. LGC, Nutrient analysis of ‘other’ milk and cream, 1998. Fats as Fatty Acid Supplement (1998) 12-892","Yakult (fermented skimmed milk drink) contains 1.2g protein, 0.1g fat, 18.0g carbohydrate and 77kcal/322kJ energy per 100ml"
15-190,15-190,1,1517,Laverbread,laverbread 6 samples; cooked pureed seaweed coated in oatmeal,6 samples; cooked pureed seaweed coated in oatmeal,DR,,"MW4, 1978",
15-813,15-813,1,1518,"Leeks in cheese sauce, made with semi-skimmed milk, homemade","leeks in cheese sauce, made with semi-skimmed milk, homemade recipe, proportions derived from recipe review","Recipe, proportions derived from recipe review",DR,15-533,Updated 2014,
15-814,15-814,1,1519,"Leeks in cheese sauce, made with skimmed milk, homemade","leeks in cheese sauce, made with skimmed milk, homemade recipe, proportions derived from recipe review","Recipe, proportions derived from recipe review",DR,15-534,Updated 2014,
15-815,15-815,1,1520,"Leeks in cheese sauce, made with whole milk, homemade","leeks in cheese sauce, made with whole milk, homemade recipe, proportions derived from recipe review","Recipe, proportions derived from recipe review",DR,15-532,Updated 2014,
13-625,13-625,1,1521,"Leeks, boiled in unsalted water","leeks, boiled in unsalted water 11 samples, uk, trimmed and damaged outer leaves removed. sliced and boiled for 5-8 minutes","11 samples, UK, trimmed and damaged outer leaves removed. Sliced and boiled for 5-8 minutes",DG,13-452,"PHE, Nutrient analysis of fresh and processed fruit and vegetables with respect to fibre, 2017",
13-624,13-624,1,1522,"Leeks, raw","leeks, raw 11 samples, uk, trimmed and damaged outer leaves removed","11 samples, UK, trimmed and damaged outer leaves removed",DG,13-466,"PHE, Nutrient analysis of fresh and processed fruit and vegetables with respect to fibre, 2017",
13-626,13-626,1,1523,"Leeks, roasted in rapeseed oil","leeks, roasted in rapeseed oil calculated from raw. water and fat analysed, 2017. 11 samples, mainly uk, trimmed and damaged outer leaves removed. whole, sliced, halved and roasted for 25-40 minutes","Calculated from raw. Water and fat analysed, 2017. 11 samples, mainly UK, trimmed and damaged outer leaves removed. Whole, sliced, halved and roasted for 25-40 minutes",DG,,"PHE, Nutrient analysis of fresh and processed fruit and vegetables with respect to fibre, 2017",
19-602,19-602,1,1524,"Lemon chicken, homemade","lemon chicken, homemade recipe",Recipe,MR,19-405,Updated 2014,
17-762,17-762,1,1525,Lemon curd,"lemon curd 10 jars, 4 brands","10 jars, 4 brands",SC,17-490,"MW4, 1978; and industry data, 2013. Fatty acids from Fatty Acid Supplement, 1998",
17-806,17-806,1,1526,"Lemon curd, homemade","lemon curd, homemade recipe",Recipe,S,17-585,Updated 2014,
14-277,14-277,1,1527,"Lemon juice, fresh","lemon juice, fresh analysis and literature sources",Analysis and literature sources,PE,50-1090,"Reviewed 2013. MW4, 1978",
14-278,14-278,1,1528,"Lemon juice, fresh, weighed as whole fruit","lemon juice, fresh, weighed as whole fruit calculated from 14-277",Calculated from 14-277,FC,,"MW4, 1978. Values reviewed and revised for Fruit and Nuts Supplement, 1992",
14-337,14-337,1,1529,Lemon peel,lemon peel literature sources,Literature sources,FA,14-127,"Gebhardt et al. (1982) Composition of foods: fruits and fruit juices, raw, processed and prepared, Agriculture Handbook No. 8-9; and USDA SR26, 2013",
16-380,16-380,1,1530,"Lemon sole, flesh only, grilled","lemon sole, flesh only, grilled 7 samples, 6 products, frozen and chilled","7 samples, 6 products, frozen and chilled",JA,16-083,"DH, Nutrient analysis of fish and fish products, 2013",
16-379,16-379,1,1531,"Lemon sole, flesh only, raw","lemon sole, flesh only, raw 7 samples, 6 products, frozen and chilled","7 samples, 6 products, frozen and chilled",JA,16-082,"DH, Nutrient analysis of fish and fish products, 2013",
16-478,16-478,1,1532,"Lemon sole, flesh only, steamed","lemon sole, flesh only, steamed calculated based on 23.2% weight loss (as haddock, steamed in 2013 fish survey)","Calculated based on 23.2% weight loss (as haddock, steamed in 2013 fish survey)",JA,16-085,"DH, Nutrient analysis of fish and fish products, 2013",
16-496,16-496,1,1533,"Lemon sole, flesh only, steamed, weighed with bones and skin","lemon sole, flesh only, steamed, weighed with bones and skin calculated from steamed 16-478",Calculated from steamed 16-478,JA,16-086,"DH, Nutrient analysis of fish and fish products, 2013",
16-087,16-087,1,1534,"Lemon sole, goujons, baked","lemon sole, goujons, baked calculated from manufacturers' proportions",Calculated from manufacturers' proportions,JA,,"Reviewed 2014. Fish and Fish Products Supplement, 1993",
17-179,17-179,1,1535,Lemonade,"lemonade 10 samples, 8 brands","10 samples, 8 brands",PCA,50-1081,"Reviewed 2013. LFRA, Nutritional analysis of soft drinks, 1993",
17-807,17-807,1,1536,"Lemonade, homemade","lemonade, homemade recipe",Recipe,PCC,17-595,Updated 2014,
14-130,14-130,1,1537,"Lemons, flesh only, raw, weighed with peel and pips","lemons, flesh only, raw, weighed with peel and pips calculated from 14-129",Calculated from 14-129,FA,,"Fruit and Nuts Supplement, 1992",
14-129,14-129,1,1538,"Lemons, peeled, flesh only","lemons, peeled, flesh only literature sources;",Literature sources;,FA,,"Fruit and Nuts Supplement, 1992",
14-128,14-128,1,1539,"Lemons, whole, without pips","lemons, whole, without pips includes peel but no pips. analysis and literature sources",Includes peel but no pips. Analysis and literature sources,FA,50-910,"Reviewed 2013. Fruit and Nuts Supplement, 1992",
15-200,15-200,1,1540,"Lentil and nut roast, homemade","lentil and nut roast, homemade recipe from review of recipe collection",Recipe from review of recipe collection,DR,,As Vegetable Dishes Supplement 1992,
15-201,15-201,1,1541,"Lentil and nut roast, with egg, homemade","lentil and nut roast, with egg, homemade recipe from review of recipe collection",Recipe from review of recipe collection,DR,,As Vegetable Dishes Supplement 1992,
15-817,15-817,1,1542,"Lentil and potato pie, homemade","lentil and potato pie, homemade recipe from dietary survey records",Recipe from dietary survey records,DR,15-538,Updated 2014,
15-818,15-818,1,1543,"Lentil and rice roast, homemade","lentil and rice roast, homemade recipe from dietary survey records",Recipe from dietary survey records,DR,15-539,Updated 2014,
15-819,15-819,1,1544,"Lentil and rice roast, with egg, homemade","lentil and rice roast, with egg, homemade recipe from dietary survey records",Recipe from dietary survey records,DR,15-540,Updated 2014,
15-820,15-820,1,1545,"Lentil cutlets, fried in vegetable oil, homemade","lentil cutlets, fried in vegetable oil, homemade recipe. gujerati dish. red lentil and potato cutlets.",Recipe. Gujerati dish. Red lentil and potato cutlets.,DR,15-535,Updated 2014,
15-821,15-821,1,1546,"Lentil pie, homemade","lentil pie, homemade recipe from review of recipe collection",Recipe from review of recipe collection,DR,15-536,Updated 2014,
15-198,15-198,1,1547,"Lentil roast, homemade","lentil roast, homemade recipe from review of recipe collection",Recipe from review of recipe collection,DR,,As Vegetable Dishes Supplement 1992,
15-199,15-199,1,1548,"Lentil roast, with egg, homemade","lentil roast, with egg, homemade recipe from review of recipe collection",Recipe from review of recipe collection,DR,,As Vegetable Dishes Supplement 1992,
13-661,13-661,1,1549,"Lentils, green and brown, whole, dried, boiled in unsalted water","lentils, green and brown, whole, dried, boiled in unsalted water 11 samples, 10 products, soaked and boiled for 15-50 minutes","11 samples, 10 products, soaked and boiled for 15-50 minutes",DB,13-090,"PHE, Nutrient analysis of fresh and processed fruit and vegetables with respect to fibre, 2017",
13-089,13-089,1,1550,"Lentils, green and brown, whole, dried, raw","lentils, green and brown, whole, dried, raw 10 samples, 6 brands. continental type","10 samples, 6 brands. Continental type",DB,50-710,"LGC, Fruit and Vegetables, 1989-1990",
13-658,13-658,1,1551,"Lentils, red, split, dried, boiled in unsalted water","lentils, red, split, dried, boiled in unsalted water 10 samples, 10 products, boiled for 15-40 minutes","10 samples, 10 products, boiled for 15-40 minutes",DB,13-434,"PHE, Nutrient analysis of fresh and processed fruit and vegetables with respect to fibre, 2017",
13-657,13-657,1,1552,"Lentils, red, split, dried, raw","lentils, red, split, dried, raw 10 samples, 10 products, as purchased","10 samples, 10 products, as purchased",DB,13-091,"PHE, Nutrient analysis of fresh and processed fruit and vegetables with respect to fibre, 2017",
13-520,13-520,1,1553,"Lettuce, average, raw","lettuce, average, raw 22 samples, autumn and winter, uk grown and imported, including shredded, iceberg, romaine and little gem","22 samples, autumn and winter, UK grown and imported, including shredded, Iceberg, Romaine and Little Gem",DG,13-453,"DH, Nutrient analysis of fruit and vegetables, 2013",
17-201,17-201,1,1554,"Lime juice cordial, diluted","lime juice cordial, diluted calculated from 50g concentrate to 200ml water",Calculated from 50g concentrate to 200ml water,PCC,,"Miscellaneous Foods Supplement, 1994",
17-200,17-200,1,1555,"Lime juice cordial, undiluted","lime juice cordial, undiluted 6 bottles of the same brand (roses)",6 bottles of the same brand (Roses),PCC,50-1083,"Reviewed 2013. MW3, 1960",
14-279,14-279,1,1556,"Lime juice, fresh","lime juice, fresh literature sources",Literature sources,FC,,"Gebhardt et al. (1982) Composition of foods: fruits and fruit juices, raw, processed and prepared, Agriculture Handbook No. 8-9",
14-131,14-131,1,1557,"Limes, flesh only","limes, flesh only literature sources;",Literature sources;,FA,,"Fruit and Nuts Supplement, 1992",
14-132,14-132,1,1558,"Limes, flesh only, weighed with peel and pips","limes, flesh only, weighed with peel and pips calculated from 14-131",Calculated from 14-131,FA,,"Fruit and Nuts Supplement, 1992",
16-091,16-091,1,1559,"Ling, raw","ling, raw literature sources",Literature sources,JA,,"Fish and Fish Products Supplement, 1993",
17-768,17-768,1,1560,"Liqueurs, cream","liqueurs, cream 17% abv, 2 samples of baileys original irish cream","17% ABV, 2 samples of Baileys Original Irish Cream",QI,17-242,"LGC, Alcoholic beverages, soft drinks and tea and coffee survey, 1983-1984; and industry data, 2013. Fatty acids calculated based on proportions in Fatty Acid Supplement, 1998 (17-449)",
17-244,17-244,1,1561,"Liqueurs, high strength","liqueurs, high strength 30-40% abv. 5 samples including pernod, drambuie, cointreau, grand marnier and southern comfort","30-40% ABV. 5 samples including Pernod, Drambuie, Cointreau, Grand Marnier and Southern Comfort",QI,,"Reviewed 2013. LGC, Alcoholic beverages, soft drinks and tea and coffee survey, 1983-1984",
17-245,17-245,1,1562,"Liqueurs, low-medium strength","liqueurs, low-medium strength 20-28% abv. 10 samples including cherry brandy, tia maria and creme de menthe","20-28% ABV. 10 samples including cherry brandy, Tia Maria and Creme de Menthe",QI,,"Reviewed 2013. LGC, Alcoholic beverages, soft drinks and tea and coffee survey, 1983-1984",
17-777,17-777,1,1563,Liquorice allsorts,"liquorice allsorts 7 samples, 4 brands","7 samples, 4 brands",SEC,17-112,"Reviewed 2013. LGC, Nutritional analysis of foods for pre-school children, 1992; fatty acids from 17-446",
13-833,13-833,1,1564,Liquorice powder,liquorice powder literature sources,Literature sources,H,,Chughtai and Khan (1960) Nutritive value of food-stuffs and planning of satisfactory diets in Pakistan,
19-603,19-603,1,1565,"Liver and bacon, fried, homemade","liver and bacon, fried, homemade recipe",Recipe,MR,19-406,Updated 2014,
19-604,19-604,1,1566,"Liver and onions, stewed, homemade","liver and onions, stewed, homemade recipe",Recipe,MR,19-407,Updated 2014,
19-106,19-106,1,1567,Liver sausage,"liver sausage 10 samples, 4 brands","10 samples, 4 brands",MI,50-514,"Reviewed 2013. Meat Products and Dishes Supplement, 1996; and LGC, Survey of dietary oils and fats, 1981-1982",
18-410,18-410,1,1568,"Liver, calf, fried in corn oil","liver, calf, fried in corn oil 10 samples",10 samples,MG,50-484,"Reviewed 2013. LGC, Carcase meat and offal survey, 1982-1983",
18-409,18-409,1,1569,"Liver, calf, raw","liver, calf, raw 10 samples",10 samples,MG,50-483,"LGC, Carcase meat and offal survey, 1982-1983",
18-412,18-412,1,1570,"Liver, chicken, fried in corn oil","liver, chicken, fried in corn oil 10 samples",10 samples,MG,50-486,"Reviewed 2013. LGC, Carcase meat and offal survey, 1982-1983",
18-411,18-411,1,1571,"Liver, chicken, raw","liver, chicken, raw 10 samples",10 samples,MG,50-485 18-441,"Carcase meat and offal survey, 1982-1983; fatty acids as Fatty Acid Supplement, 1998 (18-441)",
18-494,18-494,1,1572,"Liver, lamb, fried in corn oil","liver, lamb, fried in corn oil 10 samples",10 samples,MG,18-414 50-488,"Reviewed 2013. LGC, Carcase meat and offal survey, 1982-1983; iron, folate and vitamin D data from LGC Food Surveillance information Sheets",
18-413,18-413,1,1573,"Liver, lamb, raw","liver, lamb, raw 10 samples",10 samples,MG,50-487 18-442,"LGC, Carcase meat and offal survey, 1982-1983; fatty acid fractions from 18-442",
18-415,18-415,1,1574,"Liver, ox, raw","liver, ox, raw 33 samples",33 samples,MG,50-489,"MW4, 1978. Values reviewed for Meat, Poultry and Game Supplement, 1995.",
18-416,18-416,1,1575,"Liver, ox, stewed","liver, ox, stewed 18 samples, coated in seasoned flour","18 samples, coated in seasoned flour",MG,50-490,"Reviewed 2013. MW4, 1978",
18-417,18-417,1,1576,"Liver, pig, raw","liver, pig, raw 10 samples",10 samples,MG,50-491 18-443,"LGC, Carcase meat and offal survey, 1982-1983; fat and fatty acids from Fatty Acid Supplement, 1998",
18-418,18-418,1,1577,"Liver, pig, stewed","liver, pig, stewed 18 samples, coated in seasoned flour","18 samples, coated in seasoned flour",MG,50-492,"MW4, 1978. Values reviewed for Meat, Poultry and Game Supplement, 1995.",
16-332,16-332,1,1578,"Lobster, boiled","lobster, boiled boiled in fresh water",Boiled in fresh water,JK,16-236 50-637,"Fish and Fish Products Supplement, 1993; selenium calculated from raw (Analysis of foods for Selenium 1994)",
16-343,16-343,1,1579,"Lobster, boiled, weighed with shell","lobster, boiled, weighed with shell calculated from boiled 16-332",Calculated from boiled 16-332,JK,16-237 50-638,"Fish and Fish Products Supplement, 1993; selenium calculated from 16-332",
14-133,14-133,1,1580,"Loganberries, raw","loganberries, raw whole fruit",Whole fruit,FA,,"MW4, 1978. Values revised for Fruit and Nuts Supplement, 1992",
14-134,14-134,1,1581,"Loganberries, stewed with sugar","loganberries, stewed with sugar calculated from 700g fruit, 210g water, 84g sugar","Calculated from 700g fruit, 210g water, 84g sugar",FA,,"Fruit and Nuts Supplement, 1992",
14-135,14-135,1,1582,"Loganberries, stewed without sugar","loganberries, stewed without sugar calculated from 700g fruit, 210g water","Calculated from 700g fruit, 210g water",FA,,"Fruit and Nuts Supplement, 1992",
12-390,12-390,1,1583,"Lollies, containing ice-cream","lollies, containing ice-cream 3 samples",3 samples,BP,,"Reviewed 2013. LGC, Nutritional analysis of foods for pre-school children, 1992",
12-389,12-389,1,1584,"Lollies, with real fruit juice","lollies, with real fruit juice 10 samples, 6 brands, assorted flavours","10 samples, 6 brands, assorted flavours",BP,,"Reviewed 2013. ADAS Laboratories, Nutrient analysis of ice creams and desserts, 1999",
14-138,14-138,1,1585,"Longans, canned in syrup, drained","longans, canned in syrup, drained literature sources; fruit only",Literature sources; fruit only,FA,,"Wu Leung et al. (1972) Food composition table for use in East Asia, Food and Agriculture Organization and US Department of Health",
14-139,14-139,1,1586,"Longans, canned in syrup, whole contents","longans, canned in syrup, whole contents literature sources; fruit and syrup",Literature sources; fruit and syrup,FA,,"Wu Leung et al. (1972) Food composition table for use in East Asia, Food and Agriculture Organization and US Department of Health",
14-137,14-137,1,1587,"Longans, flesh only, dried","longans, flesh only, dried literature sources",Literature sources,FA,,"Fruit and Nuts Supplement, 1992",
14-140,14-140,1,1588,"Loquats, flesh only, raw","loquats, flesh only, raw literature sources;",Literature sources;,FA,,"Fruit and Nuts Supplement, 1992",
13-271,13-271,1,1589,"Lotus tubers, raw","lotus tubers, raw literature sources",Literature sources,DG,,"Vegetables, Herbs and Spices Supplement, 1991",
17-761,17-761,1,1590,Lucozade,"lucozade including lemon, orange and tropical flavours","Including lemon, orange and tropical flavours",PCA,17-543,"MSF supplement, 1994; and industry data, 2013",
19-136,19-136,1,1591,"Luncheon meat, Chinese, steamed","luncheon meat, chinese, steamed 10 samples from different shops, steamed for 15 minutes","10 samples from different shops, steamed for 15 minutes",MI,,"Meat Products and Dishes Supplement, 1996",
14-143,14-143,1,1592,"Lychees, flesh only, raw, weighed with skin and stone","lychees, flesh only, raw, weighed with skin and stone calculated from 14-143",Calculated from 14-143,FA,50-912,"Fruit and Nuts Supplement, 1992",
14-142,14-142,1,1593,"Lychees, raw, flesh only","lychees, raw, flesh only analysis and literature sources;",Analysis and literature sources;,FA,50-911,"Reviewed 2013. Fruit and Nuts Supplement, 1992",
14-891,14-891,1,1594,"Macadamia nuts, salted","macadamia nuts, salted 8 samples",8 samples,G,14-823,"LGC, Savoury snacks and nuts, 1989-1991",
11-954,11-954,1,1595,"Macaroni cheese, homemade","macaroni cheese, homemade recipe",Recipe,AD,11-562,As MW6. Recalculated in 2013,
12-951,12-951,1,1596,"Macaroon, homemade","macaroon, homemade recipe",Recipe,CDH,12-935,Updated 2014,
13-834,13-834,1,1597,"Mace, ground","mace, ground literature sources",Literature sources,H,,"Marsh et al. (1977) Composition of foods: spices and herbs, raw, processed and prepared, Agriculture Handbook No. 8-2",
16-394,16-394,1,1598,"Mackerel, flesh only, grilled","mackerel, flesh only, grilled 7 samples, 7 products, frozen and chilled","7 samples, 7 products, frozen and chilled",JC,16-325,"DH, Nutrient analysis of fish and fish products, 2013",
16-479,16-479,1,1599,"Mackerel, flesh only, grilled, fillets weighed with bones and skin","mackerel, flesh only, grilled, fillets weighed with bones and skin calculated from 16-394 using 0.98 edible conversion factor",Calculated from 16-394 using 0.98 edible conversion factor,JC,,"DH, Nutrient analysis of fish and fish products, 2013",
16-393,16-393,1,1600,"Mackerel, flesh only, raw","mackerel, flesh only, raw 7 samples, 7 products, frozen and chilled","7 samples, 7 products, frozen and chilled",JC,16-324,"DH, Nutrient analysis of fish and fish products, 2013",
16-414,16-414,1,1601,"Mackerel, flesh only, smoked","mackerel, flesh only, smoked 11 samples, 11 products, flesh only","11 samples, 11 products, flesh only",JC,16-196,"DH, Nutrient analysis of fish and fish products, 2013",
17-651,17-651,1,1602,Maltesers and similar products,"maltesers and similar products 9 samples, 3 products","9 samples, 3 products",SEA,,"DH, Nutrient analysis of a range of processed foods with particular reference to trans fatty acids, 2013",
14-145,14-145,1,1603,"Mammie apple, flesh only","mammie apple, flesh only literature sources;",Literature sources;,FA,,"Fruit and Nuts Supplement, 1992",
14-146,14-146,1,1604,"Mandarin oranges, canned in juice, whole contents","mandarin oranges, canned in juice, whole contents 10 samples, 4 brands. drained proportion = 0.56","10 samples, 4 brands. Drained proportion = 0.56",FA,50-914,"Reviewed 2013. LGC, Nutritional composition of fruit products, 1985-1986; and LGC, Fruit and vegetables, 1989-1990",
13-273,13-273,1,1605,"Mango, unripe, green flesh, raw","mango, unripe, green flesh, raw literature sources.",Literature sources.,DG,,"Vegetables, Herbs and Spices Supplement, 1991",
14-378,14-378,1,1606,"Mangoes, ripe, flesh only, raw","mangoes, ripe, flesh only, raw 11 samples, imported, whole and prepacked chunks","11 samples, imported, whole and prepacked chunks",FA,14-294,"PHE, Nutrient analysis of fresh and processed fruit and vegetables with respect to fibre, 2017",
14-379,14-379,1,1607,"Mangoes, ripe, flesh only, raw, weighed with skin and stone","mangoes, ripe, flesh only, raw, weighed with skin and stone calculated from 14-378",Calculated from 14-378,FA,14-306,"PHE, Nutrient analysis of fresh and processed fruit and vegetables with respect to fibre, 2017",
14-151,14-151,1,1608,"Mangosteen, flesh only","mangosteen, flesh only literature sources;",Literature sources;,FA,,"Fruit and Nuts Supplement, 1992",
13-835,13-835,1,1609,"Marjoram, dried","marjoram, dried literature sources",Literature sources,H,,"Marsh et al. (1977) Composition of foods: spices and herbs, raw, processed and prepared, Agriculture Handbook No. 8-2",
17-078,17-078,1,1610,Marmalade,marmalade 4 brands,4 brands,SC,50-1008,"Reviewed 2013. LGC, Analysis of assorted foods, 1994",
13-276,13-276,1,1611,"Marrow, boiled in unsalted water","marrow, boiled in unsalted water based on boiled in salted water",Based on boiled in salted water,DG,50-781,"IFR, The nutritional composition of retail vegetables in the UK, 1984-1987. Vitamin K1 from Bolton-Smith et al Br.J. Nutr.83, 2000.",
13-277,13-277,1,1612,"Marrow, parwal, raw","marrow, parwal, raw 5 samples. ends trimmed",5 samples. Ends trimmed,DG,,"Vegetables, Herbs and Spices Supplement, 1991",
13-274,13-274,1,1613,"Marrow, raw","marrow, raw flesh only, seeds removed","Flesh only, seeds removed",DG,50-780,"IFR, The nutritional composition of retail vegetables in the UK, 1984-1987",
17-668,17-668,1,1614,Mars bar and own brand equivalents,"mars bar and own brand equivalents 16 samples, 3 brands, including standard, snack and fun size","16 samples, 3 brands, including standard, snack and fun size",SEA,17-547,"DH, Nutrient analysis of a range of processed foods with particular reference to trans fatty acids, 2013",
17-114,17-114,1,1615,Marshmallows,marshmallows 7 samples of different brands,7 samples of different brands,SEC,,"Reviewed 2013. LGC, Nutritional analysis of foods for pre-school children, 1992",
14-893,14-893,1,1616,"Marzipan, homemade","marzipan, homemade recipe",Recipe,GA,14-881,Updated 2014,
14-875,14-875,1,1617,"Marzipan, white and yellow, retail","marzipan, white and yellow, retail 10 samples",10 samples,GA,14-825 14-861 50-984,"Reviewed 2013. LGC, Fruit and vegetables, 1989-1990; fatty acids from Fatty Acid Supplement, 1998",
13-588,13-588,1,1618,"Matoki, boiled in unsalted water","matoki, boiled in unsalted water green banana from east africa. lgc. as raw; chopped and boiled 12 minutes, based on boiled in salted water","Green banana from East Africa. LGC. As raw; chopped and boiled 12 minutes, based on boiled in salted water",DG,,"Vegetables, Herbs and Spices Supplement, 1991",
13-279,13-279,1,1619,"Matoki, raw","matoki, raw 5 samples. flesh only",5 samples. Flesh only,DG,,"Vegetables, Herbs and Spices Supplement, 1991",
17-809,17-809,1,1620,"Mayonnaise, homemade","mayonnaise, homemade recipe",Recipe,WC,17-570,Updated 2014,
17-679,17-679,1,1621,"Mayonnaise, reduced fat","mayonnaise, reduced fat 12 samples, 8 brands","12 samples, 8 brands",WCG,17-511,"RHM Technology, Nutrient analysis of selected foods, 1995; and Fatty Acid Supplement, 1998",
17-654,17-654,1,1622,"Mayonnaise, standard, retail","mayonnaise, standard, retail 11 samples,7 products","11 samples,7 products",WCG,17-510,"DH, Nutrient analysis of a range of processed foods with particular reference to trans fatty acids, 2013",
15-822,15-822,1,1623,"Mchicha, homemade","mchicha, homemade recipe. west indian dish. steamed spinach with onion and tomato.",Recipe. West Indian dish. Steamed spinach with onion and tomato.,DR,15-541,Updated 2014,
19-605,19-605,1,1624,"Meat loaf, homemade","meat loaf, homemade recipe",Recipe,MR,19-368,Updated 2014,
19-326,19-326,1,1625,"Meat samosas, takeaway","meat samosas, takeaway 10 samples from indian restaurants",10 samples from Indian restaurants,MR,19-059 19-289 11-353 50-174,"Reviewed 2013. Aspland and James Ltd, Nutrient analysis of ethnic and takeaway foods, 1997. Fatty acids from Fatty Acids Supplement 19-289",
19-506,19-506,1,1626,Meat spread,meat spread 10 samples of a mixture of beef and ham based spreads. 70-90% meat,10 samples of a mixture of beef and ham based spreads. 70-90% meat,MI,19-139,"LGC, Analytical survey of meat products, 1990-1991; and industry data, 2013",
19-613,19-613,1,1627,"Meatballs, pork and beef, in tomato sauce, homemade","meatballs, pork and beef, in tomato sauce, homemade recipe",Recipe,MR,19-415,Updated 2014,
14-152,14-152,1,1628,"Medlars, flesh only","medlars, flesh only flesh only",Flesh only,FA,,"MW4, 1978",
14-826,14-826,1,1629,Melon seeds,melon seeds literature sources,Literature sources,GA,,"Fruit and Nuts Supplement, 1992",
14-339,14-339,1,1630,"Melon, Canteloupe-type, flesh only","melon, canteloupe-type, flesh only 10 samples, canteloupe, charantais and rock;","10 samples, Canteloupe, Charantais and Rock;",FA,14-295,"Reviewed 2013. LGC, Nutritional composition of fresh fruit, 1985-1986; carotenoids from LGC 'Determination of cis carotenoids in foodstuffs' 1997",
14-352,14-352,1,1631,"Melon, Canteloupe-type, flesh only, weighed whole","melon, canteloupe-type, flesh only, weighed whole calculated from 14-339 using edible portion of 0.59",Calculated from 14-339 using edible portion of 0.59,FA,14-307,"LGC, Nutritional composition of fresh fruit, 1985-1986; carotenoids from LGC 'Determination of cis carotenoids in foodstuffs' 1997",
14-353,14-353,1,1632,"Melon, Canteloupe-type, flesh only, weighed with skin","melon, canteloupe-type, flesh only, weighed with skin calculated from 14-339 using edible portion of 0.66; no pips",Calculated from 14-339 using edible portion of 0.66; no pips,FA,14-308,"LGC, Nutritional composition of fresh fruit, 1985-1986; carotenoids from LGC 'Determination of cis carotenoids in foodstuffs' 1997",
14-354,14-354,1,1633,"Melon, flesh only, average","melon, flesh only, average average of canteloupe-type, galia and honeydew varieties","Average of Canteloupe-type, Galia and Honeydew varieties",FA,14-153,Recalculated 2014,
14-355,14-355,1,1634,"Melon, flesh only, average, weighed whole","melon, flesh only, average, weighed whole calculated from 14-354 using edible conversion factor of 0.62",Calculated from 14-354 using edible conversion factor of 0.62,FA,14-154,Recalculated 2014,
14-356,14-356,1,1635,"Melon, flesh only, average, weighed with skin","melon, flesh only, average, weighed with skin calculated from 14-354 using edible conversion factor of 0.66; no pips",Calculated from 14-354 using edible conversion factor of 0.66; no pips,FA,14-155,Recalculated 2014,
14-159,14-159,1,1636,"Melon, Galia, flesh only","melon, galia, flesh only 11 samples;",11 samples;,FA,50-921,"Reviewed 2013. LGC, Fruit and vegetables, 1989-1990",
14-160,14-160,1,1637,"Melon, Galia, flesh only, weighed whole","melon, galia, flesh only, weighed whole calculated from 14-159",Calculated from 14-159,FA,,"Fruit and Nuts Supplement, 1992",
14-161,14-161,1,1638,"Melon, Galia, flesh only, weighed with skin","melon, galia, flesh only, weighed with skin calculated from 14-159; no pips",Calculated from 14-159; no pips,FA,50-922,"Fruit and Nuts Supplement, 1992",
14-357,14-357,1,1639,"Melon, Honeydew, flesh only, weighed whole","melon, honeydew, flesh only, weighed whole calculated from 14-328 using edible conversion factor of 0.58",Calculated from 14-328 using edible conversion factor of 0.58,FA,14-163,"DH, Nutrient analysis of fruit and vegetables, 2013",
14-358,14-358,1,1640,"Melon, Honeydew, flesh only, weighed with skin","melon, honeydew, flesh only, weighed with skin calculated from 14-328 using edible conversion factor of 0.62; no pips",Calculated from 14-328 using edible conversion factor of 0.62; no pips,FA,14-164,"DH, Nutrient analysis of fruit and vegetables, 2013",
14-296,14-296,1,1641,"Melon, watermelon, flesh only","melon, watermelon, flesh only literature sources;",Literature sources;,FA,14-165 50-925,"Reviewed 2013. Fruit and Nut Supplement (1992), 14-165, with carotenoid data from LGC 'Determination of cis carotenoids in foodstuffs' 1997. Vitamin K1 Bolton-Smith et al, Br.J. Nutr 83, 2000",
14-309,14-309,1,1642,"Melon, watermelon, flesh only, weighed whole","melon, watermelon, flesh only, weighed whole calculated from 14-296",Calculated from 14-296,FA,14-166,"As Fruit and Nuts Supplement (1992) 14-166 with carotenoids from LGC 'Determination of cis carotenoids in foodstuffs' 1997, Food Surveillance Information sheet No.104. Vitamin K1 calc from Bolton-Smith et al, Br.J. Nutr 83, 2000",
14-328,14-328,1,1643,"Melon, yellow flesh, flesh only","melon, yellow flesh, flesh only 22 samples, honeydew, autumn and winter, whole and pre-prepared slices","22 samples, Honeydew, autumn and winter, whole and pre-prepared slices",FA,14-162,"DH, Nutrient analysis of fruit and vegetables, 2013",
12-517,12-517,1,1644,"Meringue, homemade","meringue, homemade without cream. recipe",Without cream. Recipe,BR,12-414,Updated 2013,
12-585,12-585,1,1645,"Meringue, with cream, homemade","meringue, with cream, homemade recipe. ref. wiles et al. (1980)",Recipe. Ref. Wiles et al. (1980),BR,12-415,Updated 2014,
15-628,15-628,1,1646,"Methi aloo, homemade","methi aloo, homemade 6 samples, fenugreek and potatoes","6 samples, fenugreek and potatoes",DR,,"University of Leeds, Nutritional analysis of commonly consumed South Asian foods in the UK, 2007",
11-1091,11-1091,1,1647,"Milk bread, homemade","milk bread, homemade recipe",Recipe,AF,11-629,Updated 2014,
12-513,12-513,1,1648,"Milk drink, fermented, with probiotics","milk drink, fermented, with probiotics including yakult, danone, muller and own brand yogurt drinks","Including Yakult, Danone, Muller and own brand yogurt drinks",BH,,"Industry data, 2013",
17-733,17-733,1,1649,"Milk shake, powder","milk shake, powder 6 samples (nesquik), 3 flavours","6 samples (Nesquik), 3 flavours",PAA,12-104,"Milk Products and Eggs Supplement, 1989; and 2013 industry data updates for inorganics that are fortified in some products",
12-589,12-589,1,1650,"Milk shake, powder, made up with semi-skimmed milk","milk shake, powder, made up with semi-skimmed milk recipe. calculated from 15g powder to 200ml milk",Recipe. Calculated from 15g powder to 200ml milk,BH,12-445,Updated 2014,
12-590,12-590,1,1651,"Milk shake, powder, made up with skimmed milk","milk shake, powder, made up with skimmed milk recipe. calculated from 15g powder to 200ml milk",Recipe. Calculated from 15g powder to 200ml milk,BH,12-446,Updated 2014,
12-591,12-591,1,1652,"Milk shake, powder, made up with whole milk","milk shake, powder, made up with whole milk recipe. calculated from 15g powder to 200ml milk",Recipe. Calculated from 15g powder to 200ml milk,BH,12-444,Updated 2014,
12-512,12-512,1,1653,"Milk, 1% fat, pasteurised","milk, 1% fat, pasteurised average of skimmed (12-307) and semi-skimmed (12-313) milk",Average of skimmed (12-307) and semi-skimmed (12-313) milk,BA,,"ADAS Laboratories, Nutrient analysis of pasteurised liquid milk, 1995-1996; and industry data, 2013",
12-321,12-321,1,1654,"Milk, Channel Islands, whole, pasteurised","milk, channel islands, whole, pasteurised breakfast milk, average of 6 samples of summer and winter milk","Breakfast milk, average of 6 samples of summer and winter milk",BAB,12-885 12-078 50-194,"Reviewed 2013. LGC, Nutrient analysis of ‘other’ milk and cream, 1998. Fatty acids as Fatty Acids Supplement 12-885; Vitamin K1 Bolton-Smith et al. Br J Nutr 83 2000",
12-322,12-322,1,1655,"Milk, Channel islands, whole, summer","milk, channel islands, whole, summer 3 samples",3 samples,BAB,12-019 50-195,"LGC, Nutrient analysis of ‘other’ milk and cream, 1998. Fatty acids as Fatty Acids Supplement 12-885",
12-323,12-323,1,1656,"Milk, Channel islands, whole, winter","milk, channel islands, whole, winter 3 samples",3 samples,BAB,12-019 50-195,"LGC, Nutrient analysis of ‘other’ milk and cream, 1998. Fatty acids as Fatty Acids Supplement 12-885",
12-520,12-520,1,1657,"Milk, condensed, whole, sweetened","milk, condensed, whole, sweetened 10 cans, 2 brands","10 cans, 2 brands",BAR,12-029,"Milk Products and Eggs Supplement, 1989; Vitamin K1 Bolton-Smith et al, Br J Nutr, 83, 2000",
12-324,12-324,1,1658,"Milk, evaporated, light","milk, evaporated, light 7 samples, 4 brands","7 samples, 4 brands",BAR,12-890,"Reviewed 2013. LGC, Nutrient analysis of other milk and cream, 1998; fatty acids from Fatty Acids Supplement (1998) 12-890",
12-522,12-522,1,1659,"Milk, evaporated, whole","milk, evaporated, whole 12 samples, ideal, carnation and own brands","12 samples, Ideal, Carnation and own brands",BAR,12-033,"Milk Products and Eggs Supplement, 1989; and industry data, 2013. Vitamin K1 from Bolton-Smith et al, Br J Nutr, 83, 2000",
12-535,12-535,1,1660,"Milk, flavoured, pasteurised, chocolate","milk, flavoured, pasteurised, chocolate 9 samples, 6 brands, including low fat, semi-skimmed","9 samples, 6 brands, including low fat, semi-skimmed",BAR,12-325,"LGC, Nutrient analysis of other milk and cream, 1998; and industry data, 2013. Fats calculated based on 12-034 proportions, vitamins as 12-034.",
12-326,12-326,1,1661,"Milk, flavoured, pasteurised, strawberry, banana","milk, flavoured, pasteurised, strawberry, banana 10 samples, 6 brands, including low fat and semi-skimmed","10 samples, 6 brands, including low fat and semi-skimmed",BAR,12-034 12-837 50-203,"Reviewed 2013. LGC, Nutrient analysis of other milk and cream, 1998. Vitamins values as 12-034, fatty acids from 12-837.",
12-328,12-328,1,1662,"Milk, goats, pasteurised","milk, goats, pasteurised 20 samples from one herd and literature sources",20 samples from one herd and literature sources,BC,12-037 12-838 50-204,"Reviewed 2013. Milk Products and Eggs Supplement, 1989; and Fatty Acids Supplement (1998) 12-838. Vitamin K1 Bolton-Smith et al, Br J Nutr, 83, 2000",
12-038,12-038,1,1663,"Milk, human, colostrum","milk, human, colostrum literature sources",Literature sources,BC,50-205,"Milk Products and Eggs Supplement, 1989",
12-536,12-536,1,1664,"Milk, human, mature","milk, human, mature literature sources",Literature sources,BC,12-040,"Department of Health and Social Security (1977) The composition of mature human milk. Report on Health and Social Subjects No 12, HMSO, London. Fatty acids from Institute of Brain Chemistry, FA 12-839",
12-039,12-039,1,1665,"Milk, human, transitional","milk, human, transitional mixed sample, 15 mothers at 10th day post partum and literature sources","Mixed sample, 15 mothers at 10th day post partum and literature sources",BC,50-206,"As Milk Products and Eggs Supplement, 1989",
12-313,12-313,1,1666,"Milk, semi-skimmed, pasteurised, average","milk, semi-skimmed, pasteurised, average average of summer/autumn and winter/spring milk. samples from 11 areas, in glass bottles (50%), plastic containers (30%) and cartons (20%)","Average of summer/autumn and winter/spring milk. Samples from 11 areas, in glass bottles (50%), plastic containers (30%) and cartons (20%)",BAH,12-009 12-832 50-186,"Reviewed 2013. ADAS Laboratory Services, Nutrient analysis of pasteurised liquid milk, 1995-1996. Fatty acids as Fatty Acids Supplement 12-832",
12-418,12-418,1,1667,"Milk, semi-skimmed, pasteurised, summer and autumn","milk, semi-skimmed, pasteurised, summer and autumn samples taken in june and september",Samples taken in June and September,BAH,12-009 12-832 50-186,"Reviewed 2013. ADAS Laboratory Services, Nutrient analysis of pasteurised liquid milk, 1995-1996",
12-419,12-419,1,1668,"Milk, semi-skimmed, pasteurised, winter and spring","milk, semi-skimmed, pasteurised, winter and spring samples taken in january and march",Samples taken in January and March,BAH,12-009 12-832 50-186,"Reviewed 2013. ADAS Laboratory Services, Nutrient analysis of pasteurised liquid milk, 1995-1996",
12-314,12-314,1,1669,"Milk, semi-skimmed, UHT","milk, semi-skimmed, uht 22 samples, average of winter and summer","22 samples, average of winter and summer",BAH,12-011 40-130 50-188,"Reviewed 2013. Proximate data from LGC, Nutrient analysis of ‘other’ milk and cream, 1998; fats, inorganics and vitamins values as Milk Products and Eggs Supplement 12-011",
12-329,12-329,1,1670,"Milk, sheeps, raw","milk, sheeps, raw 30 samples from 2 herds and literature sources",30 samples from 2 herds and literature sources,BC,12-041 12-840 50-208,"Reviewed 2013. Milk Products and Eggs Supplement, 1989; and Fatty Acids Supplements 12-840",
12-521,12-521,1,1671,"Milk, skimmed, dried, fortified","milk, skimmed, dried, fortified 20 samples, 7 brands","20 samples, 7 brands",BAR,12-030,"Milk Products and Eggs Supplement, 1989; and industry data, 2013",
12-307,12-307,1,1672,"Milk, skimmed, pasteurised, average","milk, skimmed, pasteurised, average average of summer and winter milk. samples from 11 areas, in glass bottles (50%), plastic containers (30%) and cartons (20%)","Average of summer and winter milk. Samples from 11 areas, in glass bottles (50%), plastic containers (30%) and cartons (20%)",BAE,12-002 12-831 50-182,"Reviewed 2013. ADAS Laboratory Services, Nutrient analysis of pasteurised liquid milk, 1995-1996; fatty acids as 12-831; Vitamin K1 Bolton-Smith et al. Br J Nutr 83 2000",
12-308,12-308,1,1673,"Milk, skimmed, pasteurised, summer","milk, skimmed, pasteurised, summer average of glass bottles, plastic containers and cartons","Average of glass bottles, plastic containers and cartons",BAE,12-002 84 12-831 50-182,"Reviewed 2013. ADAS Laboratory Services, Nutrient analysis of pasteurised liquid milk, 1996",
12-309,12-309,1,1674,"Milk, skimmed, pasteurised, winter","milk, skimmed, pasteurised, winter average of glass bottles, plastic containers and cartons","Average of glass bottles, plastic containers and cartons",BAE,12-002 84 12-831 50-182,"Reviewed 2013. ADAS Laboratory Services, Nutrient analysis of pasteurised liquid milk, 1996",
12-554,12-554,1,1675,"Milk, skimmed, UHT","milk, skimmed, uht 22 samples, summer (june/sep) and winter (jan/mar), unfortified and manufacturers' data","22 samples, summer (June/Sep) and winter (Jan/Mar), unfortified and manufacturers' data",BAE,12-310 12-004,"Reviewed 2013. LGC, Nutrient analysis of ‘other’ milk and cream, 1998; and Milk Products and Eggs Supplement, 1989",
12-523,12-523,1,1676,"Milk, soya, non-dairy alternative to milk, sweetened, fortified","milk, soya, non-dairy alternative to milk, sweetened, fortified 10 samples, 9 brands","10 samples, 9 brands",BC,12-330,"LGC, Nutrient analysis of 'other' milk and cream, 1998; and industry data, 2013. Fats calculated from 12-043 proportions and vitamins quoted as unsweetened soya milk. Vitamin K1 Bolton-Smith et al, Br J Nutr, 83, 2000",
12-524,12-524,1,1677,"Milk, soya, non-dairy alternative to milk, unsweetened, fortified","milk, soya, non-dairy alternative to milk, unsweetened, fortified 10 samples, 8 brands","10 samples, 8 brands",BC,12-331,"LGC 'Nutrient analysis of other milk and cream' 1998; Fats as Fatty Acids Supplement 12-841. Vitamin K1 Bolton-Smith et al, Br J Nutr, 83, 2000",
12-596,12-596,1,1678,"Milk, whole, pasteurised, average","milk, whole, pasteurised, average average of summer/autumn and winter/spring standardised milk. analytical data, 1995-1996; and industry data","Average of summer/autumn and winter/spring standardised milk. Analytical data, 1995-1996; and industry data",BAK,12-316,"ADAS, Nutrient analysis of pasteurised liquid milk, 1995-1996; fatty acids as 12-833 and industry data 2014",
12-598,12-598,1,1679,"Milk, whole, pasteurised, summer and autumn","milk, whole, pasteurised, summer and autumn standardised milk. samples taken in june and september",Standardised milk. Samples taken in June and September,BAK,12-317,"ADAS Laboratory Services, Nutrient analysis of pasteurised liquid milk, 1995-1996; and industry data, 2014",
12-597,12-597,1,1680,"Milk, whole, pasteurised, winter and spring","milk, whole, pasteurised, winter and spring standardised milk. samples taken in january and march",Standardised milk. Samples taken in January and March,BAK,12-318,"ADAS Laboratory Services, Nutrient analysis of pasteurised liquid milk, 1995-1996; and industry data, 2014",
12-320,12-320,1,1681,"Milk, whole, UHT","milk, whole, uht 22 samples, summer (jun/sep) and winter (jan/mar)","22 samples, summer (Jun/Sep) and winter (Jan/Mar)",BAK,12-016 12-835,"Reviewed 2013. LGC, Nutrient analysis of ‘other’ milk and cream, 1998; and industry data, 2013. Inorganics and water soluble vitamins from Milk Products and Eggs Supplement (1989) 12-016. Fatty acids as 12-835",
12-327,12-327,1,1682,"Milkshake, thick, takeaway","milkshake, thick, takeaway 10 samples, 3 brands including chocolate, vanilla, and banana","10 samples, 3 brands including chocolate, vanilla, and banana",BAR,12-103 12-893 50-1072,"Reviewed 2013. LGC, Nutrient analysis of 'other' milk and cream, 1998. Fatty acids as Fatty Acids Supplement (1998) 12-893",
17-669,17-669,1,1683,Milky Way and own brand equivalents,"milky way and own brand equivalents 16 samples, 3 brands, including standard and fun size","16 samples, 3 brands, including standard and fun size",SEA,17-548,"DH, Nutrient analysis of a range of processed foods with particular reference to trans fatty acids, 2013",
11-1092,11-1092,1,1684,"Mince pies, homemade, individual","mince pies, homemade, individual recipe",Recipe,AP,11-591,Recalculated in 2014,
11-848,11-848,1,1685,"Mince pies, retail","mince pies, retail 10 samples, 8 products","10 samples, 8 products",AS,,"DH, Nutrient analysis of biscuits, buns, cakes and pastries, 2011",
17-765,17-765,1,1686,Mincemeat,mincemeat 10 samples of the same brand,10 samples of the same brand,SC,17-080,"Reviewed 2013. LGC, Nutritional composition of fruit products, 1985-1986",
17-852,17-852,1,1687,"Mincemeat, vegetarian, homemade","mincemeat, vegetarian, homemade recipe",Recipe,S,17-586,Updated 2014,
11-825,11-825,1,1688,"Minibreads, toasted, retail","minibreads, toasted, retail 10 samples, 6 products, including bruschettinne and crostini","10 samples, 6 products, including bruschettinne and crostini",AM,,"DH, Nutrient analysis of biscuits, buns, cakes and pastries, 2011",
17-707,17-707,1,1689,Mint sauce,"mint sauce 8 samples, 4 brands","8 samples, 4 brands",WCN,17-319,"LFRA, Nutrient analysis of miscellaneous foods, 1992; and industry data, 2013",
17-811,17-811,1,1690,"Mint sauce, homemade","mint sauce, homemade recipe",Recipe,WC,17-613,Updated 2014,
13-837,13-837,1,1691,"Mint, dried","mint, dried 10 samples and calculation from fresh",10 samples and calculation from fresh,H,,"LGC, Fruit and vegetables, 1989-1990",
13-836,13-836,1,1692,"Mint, fresh","mint, fresh literature sources",Literature sources,H,50-842,"Reviewed 2013. Vegetables, Herbs and Spices Supplement, 1991",
13-886,13-886,1,1693,Mixed curry spices,"mixed curry spices recipe, equal quantities of curry powder, garam masala, paprika and chilli powder","Recipe, equal quantities of curry powder, garam masala, paprika and chilli powder",H,13-872,Produced for use in VD recipe calculations,
13-884,13-884,1,1694,"Mixed herbs, dried","mixed herbs, dried recipe; equal quantities of marjoram, parsley, sage and thyme","Recipe; Equal quantities of Marjoram, Parsley, Sage and Thyme",H,13-871,"Recipe using values from Marsh et al. (1977) Composition of foods: spices and herbs, raw, processed and prepared, Agriculture Handbook No.8-2",
17-059,17-059,1,1695,Molasses,molasses literature sources,Literature sources,SC,,"Ref. Cutrufelli and Pehrsson, 1991",
16-093,16-093,1,1696,"Monkfish, flesh only, grilled","monkfish, flesh only, grilled calculated from raw, pieces from tail end","Calculated from raw, pieces from tail end",JA,,"Fish and Fish Products Supplement, 1993",
16-094,16-094,1,1697,"Monkfish, flesh only, grilled, weighed with bones","monkfish, flesh only, grilled, weighed with bones calculated from grilled 16-093",Calculated from grilled 16-093,JA,,"Fish and Fish Products Supplement, 1993",
16-092,16-092,1,1698,"Monkfish, flesh only, raw","monkfish, flesh only, raw literature sources",Literature sources,JA,,"Fish and Fish Products Supplement, 1993",
11-912,11-912,1,1699,"Mooli paratha, homemade","mooli paratha, homemade 5 samples, radish filled flatbread","5 samples, radish filled flatbread",AF,,"University of Leeds, Nutritional analysis of commonly consumed South Asian foods in the UK, 2007",
19-609,19-609,1,1700,"Moussaka, homemade","moussaka, homemade recipe",Recipe,MR,19-412,Updated 2014,
19-507,19-507,1,1701,"Moussaka, retail, reheated","moussaka, retail, reheated 8 samples, 4 brands of beef and lamb. 20-23% meat, chilled/frozen/longlife","8 samples, 4 brands of beef and lamb. 20-23% meat, chilled/frozen/longlife",MR,19-248,"LGC, Nutritional analysis of meat and poultry products, 1994-1995; and industry data, 2013",
15-734,15-734,1,1702,"Moussaka, vegetable, homemade","moussaka, vegetable, homemade recipe",Recipe,DR,15-542,Updated 2014,
15-652,15-652,1,1703,"Moussaka, vegetable, retail","moussaka, vegetable, retail 7 samples, 3 brands; cooked in conventional and microwave ovens according to packet directions","7 samples, 3 brands; cooked in conventional and microwave ovens according to packet directions",DR,15-206,"LGC, Fruit and vegetables, 1989-1990; and industry data, 2013",
12-401,12-401,1,1704,"Mousse, chocolate, low fat","mousse, chocolate, low fat 7 samples, 4 brands","7 samples, 4 brands",BR,12-914,"Reviewed 2013. Campden and Chorleywood FRA, Nutrient analysis of yoghurts, fromage frais and chilled desserts, 1998",
12-402,12-402,1,1705,"Mousse, fruit","mousse, fruit 8 samples, assorted flavours, fresh","8 samples, assorted flavours, fresh",BR,50-286 12-246,"Reviewed 2013. Milk Products and Eggs Supplement, 1989; fats and vitamin E from Milk Marketing Board, 1992 'Fat, Fatty acids and vitamin E content of a selection of biscuits, cakes and desserts'.",
11-781,11-781,1,1706,"Muesli, Swiss style, no added sugar or salt, unfortified","muesli, swiss style, no added sugar or salt, unfortified 6 samples, 5 products, including jordans natural muesli and own brands","6 samples, 5 products, including Jordans Natural Muesli and own brands",AI,11-495,"LGC, Nutrient survey of breakfast cereals, 2004",
11-780,11-780,1,1707,"Muesli, Swiss style, unfortified","muesli, swiss style, unfortified 11 samples, 9 products, including alpen and own brand","11 samples, 9 products, including Alpen and own brand",AI,11-494 11-369,"LGC, Nutrient survey of breakfast cereals, 2004",
11-1094,11-1094,1,1708,"Muffins, American style, chocolate chip, homemade","muffins, american style, chocolate chip, homemade recipe",Recipe,AN,11-608,Based on generic recpe'. Updated 2014,
11-737,11-737,1,1709,"Muffins, American, chocolate, retail","muffins, american, chocolate, retail 10 samples, 9 products","10 samples, 9 products",AN,,"Direct Laboratories, Nutrient analysis catch up project, 2003",
11-738,11-738,1,1710,"Muffins, American, not chocolate, retail","muffins, american, not chocolate, retail 10 samples, 10 products, including blueberry, cherry, toffee","10 samples, 10 products, including blueberry, cherry, toffee",AN,,"Direct Laboratories, Nutrient analysis catch up project, 2003",
11-1095,11-1095,1,1711,"Muffins, bran, homemade","muffins, bran, homemade recipe",Recipe,AP,11-667,Updated 2014,
11-541,11-541,1,1712,"Muffins, English style, white","muffins, english style, white 10 samples",10 samples,AP,11-260,"LGC, Nutrient analysis of bread and morning goods, 1999",
11-542,11-542,1,1713,"Muffins, English style, white, toasted","muffins, english style, white, toasted calculated using a weight loss of 12.6%",Calculated using a weight loss of 12.6%,AP,11-260,"LGC, Nutrient analysis of bread and morning goods, 1999",
14-168,14-168,1,1714,"Mulberries, whole fruit, raw","mulberries, whole fruit, raw whole fruit",Whole fruit,FA,,"MW4, 1978. Values revised for Fruit and Nuts Supplement, 1992",
14-169,14-169,1,1715,"Mulberries, whole fruit, stewed with sugar","mulberries, whole fruit, stewed with sugar calculated from 700g fruit, 210g water, 84g sugar","Calculated from 700g fruit, 210g water, 84g sugar",FA,,"Fruit and Nuts Supplement, 1992",
14-170,14-170,1,1716,"Mulberries, whole fruit, stewed without sugar","mulberries, whole fruit, stewed without sugar calculated from 700g fruit, 210g water","Calculated from 700g fruit, 210g water",FA,,"Fruit and Nuts Supplement, 1992",
16-096,16-096,1,1717,"Mullet, Grey, flesh only, grilled","mullet, grey, flesh only, grilled calculated from raw, whole fish with guts removed","Calculated from raw, whole fish with guts removed",JA,,"Fish and Fish Products Supplement, 1993",
16-095,16-095,1,1718,"Mullet, Grey, flesh only, raw","mullet, grey, flesh only, raw literature sources",Literature sources,JA,,"Fish and Fish Products Supplement, 1993",
16-097,16-097,1,1719,"Mullet, Grey, grilled, weighed with bones and skin","mullet, grey, grilled, weighed with bones and skin calculated from grilled 16-096",Calculated from grilled 16-096,JA,,"Fish and Fish Products Supplement, 1993",
16-099,16-099,1,1720,"Mullet, Red, flesh only, grilled","mullet, red, flesh only, grilled 6 samples, grilled for 7 minutes, whole fish with guts removed","6 samples, grilled for 7 minutes, whole fish with guts removed",JA,,"LGC, Analytical survey of fish and fish products, 1991-1992",
16-100,16-100,1,1721,"Mullet, Red, flesh only, grilled, weighed with bones and skin","mullet, red, flesh only, grilled, weighed with bones and skin calculated from grilled 16 - 099",Calculated from grilled 16 - 099,JA,,"LGC, Analytical survey of fish and fish products, 1991-1992",
16-098,16-098,1,1722,"Mullet, Red, flesh only, raw","mullet, red, flesh only, raw 6 samples, purchased whole","6 samples, purchased whole",JA,,"LGC, Analytical survey of fish and fish products, 1991-1992",
17-416,17-416,1,1723,"Mushroom, dried","mushroom, dried calculated from raw mushroom",Calculated from raw mushroom,DI,,"Miscellaneous Foods Supplement, 1994",
13-288,13-288,1,1724,"Mushrooms, Chinese, dried, raw","mushrooms, chinese, dried, raw literature sources",Literature sources,DG,,"Wu Leung et al. (1972) Food composition table for use in East Asia, Food and Agriculture Organization and US Department of Health",
13-289,13-289,1,1725,"Mushrooms, Jew's ear, tender, dried, raw","mushrooms, jew's ear, tender, dried, raw literature sources;",Literature sources;,DG,,"Wu Leung et al. (1972) Food composition table for use in East Asia, Food and Agriculture Organization and US Department of Health",
13-290,13-290,1,1726,"Mushrooms, Jew's ear, tender, dried, soaked, raw","mushrooms, jew's ear, tender, dried, soaked, raw literature sources;",Literature sources;,DG,,"Wu Leung et al. (1972) Food composition table for use in East Asia, Food and Agriculture Organization and US Department of Health",
13-291,13-291,1,1727,"Mushrooms, Jew's ear, tough, dried, raw","mushrooms, jew's ear, tough, dried, raw literature sources:",Literature sources:,DG,,"Wu Leung et al. (1972) Food composition table for use in East Asia, Food and Agriculture Organization and US Department of Health",
13-292,13-292,1,1728,"Mushrooms, Jew's ear, tough, dried, soaked, raw","mushrooms, jew's ear, tough, dried, soaked, raw literature sources:",Literature sources:,DG,,"Wu Leung et al. (1972) Food composition table for use in East Asia, Food and Agriculture Organization and US Department of Health",
13-293,13-293,1,1729,"Mushrooms, oyster, raw","mushrooms, oyster, raw literature sources",Literature sources,DG,,"Vegetables, Herbs and Spices Supplement, 1991",
13-295,13-295,1,1730,"Mushrooms, shiitake, cooked","mushrooms, shiitake, cooked literature sources:",Literature sources:,DG,,"Haytowitz and Matthews (1984) Composition of foods: vegetables and vegetable products, raw, processed and prepared, Agriculture Handbook No 8-2",
13-294,13-294,1,1731,"Mushrooms, shiitake, dried, raw","mushrooms, shiitake, dried, raw literature sources:",Literature sources:,DG,,"Haytowitz and Matthews (1984) Composition of foods: vegetables and vegetable products, raw, processed and prepared, Agriculture Handbook No 8-2",
13-546,13-546,1,1732,"Mushrooms, white, fried in corn oil","mushrooms, white, fried in corn oil calculated from 13-505 and 17-033",Calculated from 13-505 and 17-033,DG,50-787,"DH, Nutrient analysis of fruit and vegetables, 2013",
13-507,13-507,1,1733,"Mushrooms, white, fried in rapeseed oil","mushrooms, white, fried in rapeseed oil calculated from raw, cooked for 6.5-10 minutes. water and fat analysed, 2011","Calculated from raw, cooked for 6.5-10 minutes. Water and fat analysed, 2011",DG,50-785,"DH, Nutrient analysis of fruit and vegetables, 2013",
13-545,13-545,1,1734,"Mushrooms, white, fried in salted butter","mushrooms, white, fried in salted butter calculated from 13-507 and 13-416",Calculated from 13-507 and 13-416,DG,13-416,"DH, Nutrient analysis of fruit and vegetables, 2013",
13-505,13-505,1,1735,"Mushrooms, white, raw","mushrooms, white, raw 11 samples, closed cap and button, uk grown and imported, pre-packed and loose","11 samples, closed cap and button, UK grown and imported, pre-packed and loose",DG,13-284,"DH, Nutrient analysis of fruit and vegetables, 2013",
13-506,13-506,1,1736,"Mushrooms, white, stewed in unsalted water","mushrooms, white, stewed in unsalted water as raw, stewed for 5-10 minutes","As raw, stewed for 5-10 minutes",DG,13-285,"DH, Nutrient analysis of fruit and vegetables, 2013",
16-411,16-411,1,1737,"Mussels in white wine sauce, cooked","mussels in white wine sauce, cooked 6 samples, 6 products, frozen and chilled","6 samples, 6 products, frozen and chilled",JM,,"DH, Nutrient analysis of fish and fish products, 2013",
16-390,16-390,1,1738,"Mussels, purchased cooked","mussels, purchased cooked 7 samples, 6 products, frozen and chilled","7 samples, 6 products, frozen and chilled",JM,16-256,"DH, Nutrient analysis of fish and fish products, 2013",
16-497,16-497,1,1739,"Mussels, raw","mussels, raw purchased alive",Purchased alive,JM,16-255,"Fish and Fish Products Supplement, 1993; Fe and K calculated from (16-390)",
13-297,13-297,1,1740,"Mustard and cress, raw","mustard and cress, raw leaves and cut stems",Leaves and cut stems,DG,50-788,"Reviewed 2013. IFR, The nutritional composition of retail vegetables in the UK, 1984-1987; Vitamin K1 from Bolton-Smith et al Br.J.Nutr. 83, 2000",
13-299,13-299,1,1741,"Mustard leaves, boiled in unsalted water","mustard leaves, boiled in unsalted water literature sources",Literature sources,DG,,"Haytowitz and Matthews (1984) Composition of foods: vegetables and vegetable products, raw, processed and prepared, Agriculture Handbook No 8-2, and Wu Leung et al. (1972) Food composition table for use in East Asia.",
13-298,13-298,1,1742,"Mustard leaves, raw","mustard leaves, raw literature sources;",Literature sources;,DG,,"Haytowitz and Matthews (1984) Composition of foods: vegetables and vegetable products, raw, processed and prepared, Agriculture Handbook No 8-2, and Wu Leung et al. (1972) Food composition table for use in East Asia.",
17-362,17-362,1,1743,Mustard powder,mustard powder 2 brands,2 brands,WY,50-843 13-866 13-838,"Reviewed 2013. Miscellaneous Foods, 1994 and Vegetables, Herbs and Spices Supplement, 1991 (13-838). Fatty acid data from FA 13-866 not integrated because total fat content and fatty acid fractions are very different to this sample.",
13-839,13-839,1,1744,Mustard seeds,mustard seeds literature sources,Literature sources,H,,"Marsh et al. (1977) Composition of foods: spices and herbs, raw, processed and prepared, Agriculture Handbook No. 8-2",
17-363,17-363,1,1745,"Mustard, powder, made up","mustard, powder, made up made up with an equal volume of water",Made up with an equal volume of water,WY,,"Miscellaneous Foods Supplement, 1994",
17-364,17-364,1,1746,"Mustard, smooth","mustard, smooth 10 samples, 7 types including english and french","10 samples, 7 types including English and French",WY,50-1180,"Reviewed 2013. LFRA, Nutrient analysis of miscellaneous foods, 1992",
17-365,17-365,1,1747,"Mustard, wholegrain","mustard, wholegrain 9 samples, 5 brands","9 samples, 5 brands",WY,50-1181,"Reviewed 2013. LFRA, Nutrient analysis of miscellaneous foods, 1992",
14-380,14-380,1,1748,"Nectarines, flesh and skin, raw","nectarines, flesh and skin, raw 11 samples, imported","11 samples, imported",FA,14-297,"PHE, Nutrient analysis of fresh and processed fruit and vegetables with respect to fibre, 2017",
14-381,14-381,1,1749,"Nectarines, flesh and skin, raw, weighed with stones","nectarines, flesh and skin, raw, weighed with stones calculated from 14-380",Calculated from 14-380,FA,14-310,"PHE, Nutrient analysis of fresh and processed fruit and vegetables with respect to fibre, 2017",
11-719,11-719,1,1750,"Noodles, egg, dried, raw","noodles, egg, dried, raw 10 samples, 6 products. fine, medium and thick noodles","10 samples, 6 products. Fine, medium and thick noodles",AD,11-055,"LGC, Nutrient analysis of pasta and pasta sauces, 2004",
11-941,11-941,1,1751,"Noodles, egg, fine, dried, boiled in unsalted water","noodles, egg, fine, dried, boiled in unsalted water calculated from medium cooked noodles",Calculated from medium cooked noodles,AD,,"LGC, Nutrient analysis of pasta and pasta sauces, 2004",
11-1096,11-1096,1,1752,"Noodles, egg, fried with spring onions, homemade","noodles, egg, fried with spring onions, homemade recipe",Recipe,AD,11-626,Updated 2014,
11-724,11-724,1,1753,"Noodles, egg, medium, dried, boiled in unsalted water","noodles, egg, medium, dried, boiled in unsalted water 6 samples, 2 products","6 samples, 2 products",AD,11-056,"LGC, Nutrient analysis of pasta and pasta sauces, 2004",
11-942,11-942,1,1754,"Noodles, egg, thick, dried, boiled in unsalted water","noodles, egg, thick, dried, boiled in unsalted water calculated from medium cooked noodles",Calculated from medium cooked noodles,AD,,"LGC, Nutrient analysis of pasta and pasta sauces, 2004",
11-725,11-725,1,1755,"Noodles, rice, fine, dried, boiled in unsalted water","noodles, rice, fine, dried, boiled in unsalted water 8 samples, 3 products","8 samples, 3 products",AD,,"LGC, Nutrient analysis of pasta and pasta sauces, 2004",
17-814,17-814,1,1756,"Nougat, homemade","nougat, homemade recipe",Recipe,SEC,17-592,Updated 2014,
15-216,15-216,1,1757,"Nut and rice roast, mixed nuts with egg, homemade","nut and rice roast, mixed nuts with egg, homemade recipe from review of recipe collection. mixed nuts",Recipe from review of recipe collection. Mixed nuts,DR,,As Vegetable Dishes Supplement 1992,
15-215,15-215,1,1758,"Nut and rice roast, mixed nuts, homemade","nut and rice roast, mixed nuts, homemade recipe from review of recipe collection. mixed nuts",Recipe from review of recipe collection. Mixed nuts,DR,,As Vegetable Dishes Supplement 1992,
15-218,15-218,1,1759,"Nut and seed roast, mixed nuts and sunflower seeds with egg, homemade","nut and seed roast, mixed nuts and sunflower seeds with egg, homemade recipe from review of recipe collection",Recipe from review of recipe collection,DR,,As Vegetable Dishes Supplement 1992.,
15-217,15-217,1,1760,"Nut and seed roast, mixed nuts and sunflower seeds, homemade","nut and seed roast, mixed nuts and sunflower seeds, homemade recipe from review of recipe collection",Recipe from review of recipe collection,DR,,As Vegetable Dishes Supplement 1992,
15-220,15-220,1,1761,"Nut and vegetable roast, mixed nuts with egg, homemade","nut and vegetable roast, mixed nuts with egg, homemade recipe from review of recipe collection",Recipe from review of recipe collection,DR,,As Vegetable Dishes Supplement 1992,
15-219,15-219,1,1762,"Nut and vegetable roast, mixed nuts, homemade","nut and vegetable roast, mixed nuts, homemade recipe from review of recipe collection",Recipe from review of recipe collection,DR,,As Vegetable Dishes Supplement 1992,
15-208,15-208,1,1763,"Nut croquettes, fried in sunflower oil, homemade","nut croquettes, fried in sunflower oil, homemade recipe from review of recipe collection",Recipe from review of recipe collection,DR,,As Vegetable Dishes Supplement 1992,
15-209,15-209,1,1764,"Nut croquettes, fried in vegetable oil, homemade","nut croquettes, fried in vegetable oil, homemade recipe from review of recipe collection",Recipe from review of recipe collection,DR,,As Vegetable Dishes Supplement 1992,
15-210,15-210,1,1765,"Nut cutlets, retail, fried in sunflower oil","nut cutlets, retail, fried in sunflower oil recipe from manufacturer",Recipe from manufacturer,DR,,As Vegetable Dishes Supplement 1992,
15-211,15-211,1,1766,"Nut cutlets, retail, fried in vegetable oil","nut cutlets, retail, fried in vegetable oil recipe from manufacturer",Recipe from manufacturer,DR,,As Vegetable Dishes Supplement 1992,
15-212,15-212,1,1767,"Nut cutlets, retail, grilled","nut cutlets, retail, grilled recipe from manufacturer",Recipe from manufacturer,DR,,As Vegetable Dishes Supplement 1992,
15-643,15-643,1,1768,"Nut roast, homemade","nut roast, homemade recipe from review of recipe collection.",Recipe from review of recipe collection.,DR,15-374,Updated 2013,
15-214,15-214,1,1769,"Nut roast, mixed nuts with egg, homemade","nut roast, mixed nuts with egg, homemade recipe from review of recipe collection.",Recipe from review of recipe collection.,DR,,As Vegetable Dishes Supplement 1992,
15-221,15-221,1,1770,"Nut, mushroom and rice roast, homemade","nut, mushroom and rice roast, homemade recipe adapted from a recipe from leeds polytechnic",Recipe adapted from a recipe from Leeds Polytechnic,DR,,As Vegetable Dishes Supplement 1992,
13-877,13-877,1,1771,"Nutmeg, ground","nutmeg, ground literature sources",Literature sources,H,13-840,"USDA SR26, 2013",
14-880,14-880,1,1772,"Nuts, mixed","nuts, mixed calculated as plain peanuts 68%, almonds 17%, cashews 8% and hazelnuts 7%","Calculated as plain peanuts 68%, almonds 17%, cashews 8% and hazelnuts 7%",GA,14-827 50-985,Updated 2014,
11-1100,11-1100,1,1773,"Oatcakes, homemade","oatcakes, homemade recipe",Recipe,AM,11-639,Updated 2014,
11-823,11-823,1,1774,"Oatcakes, plain, retail","oatcakes, plain, retail 10 samples, 7 products, nairns and own label","10 samples, 7 products, Nairns and own label",AM,11-518,"DH, Nutrient analysis of biscuits, buns, cakes and pastries, 2011",
16-259,16-259,1,1775,"Octopus, raw","octopus, raw literature sources",Literature sources,JM,,"Fish and Fish Products Supplement, 1993",
17-031,17-031,1,1776,"Oil, coconut","oil, coconut mean of 35 samples",Mean of 35 samples,OC,50-320,"Reviewed 2013. Miscellaneous Foods Supplement, 1994; and Fatty Acid Supplement, 1998. Vitamin K1 from Bolton-Smith et al Br.J. Nutr.83, 2000",
17-488,17-488,1,1777,"Oil, cod liver","oil, cod liver mean of 20 samples",Mean of 20 samples,OC,17-032 50-321,"Reviewed 2013. Miscellaneous Foods Supplement, 1994; and Fatty Acids Supplement, 1998. Vitamin K1 from Bolton-Smith et al Br.J. Nutr.83, 2000",
17-033,17-033,1,1778,"Oil, corn","oil, corn mean of 42 samples",Mean of 42 samples,OC,50-322 17-419,"Reviewed 2013. Miscellaneous Foods Supplement, 1994; and Fatty Acids Supplement, 1998. Vitamin K1 from Bolton-Smith et al Br.J. Nutr.83, 2000",
17-034,17-034,1,1779,"Oil, cottonseed","oil, cottonseed mean of 55 samples",Mean of 55 samples,OC,50-323,"Miscellaneous Foods Supplement, 1994; and Fatty Acids Supplement, 1998",
17-035,17-035,1,1780,"Oil, evening primrose","oil, evening primrose mean of 35 samples",Mean of 35 samples,OC,17-420,"Reviewed 2013. Miscellaneous Foods Supplement, 1994. Additional individual fatty acid data is available in 17-420 (1998) but is from a different sample with a slightly different fatty acid profile.",
17-036,17-036,1,1781,"Oil, grapeseed","oil, grapeseed mean of 23 samples",Mean of 23 samples,OC,17-436,"Reviewed 2013. Miscellaneous Foods Supplement, 1994. Additional individual fatty acid data is available in 17-436 from the Fatty Acid Supplement (1998) but is from a different sample with a slightly different fatty acid profile.",
17-037,17-037,1,1782,"Oil, hazelnut","oil, hazelnut mean of 10 samples",Mean of 10 samples,OC,17-437,"As Miscellaneous Foods Supplement, 1994; and Fatty Acid Supplement, 1998",
17-038,17-038,1,1783,"Oil, olive","oil, olive mean of 35 samples; including virgin and extra virgin olive oil",Mean of 35 samples; including virgin and extra virgin olive oil,OC,50-324,"Reviewed 2013. Miscellaneous Foods Supplement, 1994; and Fatty Acids Supplement, 1998. Vitamin K1 from Bolton-Smith et al Br.J. Nutr.83, 2000",
17-039,17-039,1,1784,"Oil, palm","oil, palm mean of 55 samples",Mean of 55 samples,OC,50-325,"Reviewed 2013. Miscellaneous Foods Supplement, 1994; and Fatty Acids Supplement, 1998. Vitamin K1 from Bolton-Smith et al Br.J. Nutr.83, 2000",
17-040,17-040,1,1785,"Oil, peanut (groundnut)","oil, peanut (groundnut) mean of 71 samples",Mean of 71 samples,OC,50-326,"Reviewed 2013. Miscellaneous Foods Supplement, 1994; and Fatty Acids Supplement, 1998",
17-041,17-041,1,1786,"Oil, rapeseed","oil, rapeseed mean of 100 samples",Mean of 100 samples,OC,50-327,"Reviewed 2013. Miscellaneous Foods Supplement, 1994; and Fatty Acids Supplement, 1998. Vitamin K1 from Bolton-Smith et al Br.J. Nutr.83, 2000",
17-042,17-042,1,1787,"Oil, safflower","oil, safflower mean of 28 samples",Mean of 28 samples,OC,50-329 17-438,"Miscellaneous Foods Supplement, 1994; and Fatty Acids Supplement, 1998. Vitamin K1 from Bolton-Smith et al Br.J. Nutr.83, 2000",
17-043,17-043,1,1788,"Oil, sesame","oil, sesame mean of 22 samples and literature sources",Mean of 22 samples and literature sources,OC,50-330,"Reviewed 2013. Miscellaneous Foods Supplement, 1994; and Fatty Acid Supplement, 1998",
17-044,17-044,1,1789,"Oil, soya","oil, soya mean of 39 samples",Mean of 39 samples,OC,50-331,"Reviewed 2013. Miscellaneous Foods Supplement, 1994; and Fatty Acids Supplement, 1998. Vitamin K1 from Bolton-Smith et al Br.J. Nutr.83, 2000",
17-045,17-045,1,1790,"Oil, sunflower","oil, sunflower mean of 46 samples",Mean of 46 samples,OC,50-332,"Reviewed 2013. Miscellaneous Foods Supplement, 1994; and Fatty Acids Supplement, 1998. Vitamin K1 from Bolton-Smith et al Br.J. Nutr.83, 2000",
17-686,17-686,1,1791,"Oil, vegetable, average","oil, vegetable, average based on rapeseed oil - most vegetable oils are made from rapeseed oil",Based on rapeseed oil - most vegetable oils are made from rapeseed oil,OC,17-489,"Miscellaneous Foods Supplement, 1994; and FA Supplement, 1998. Vitamin K1 from Bolton-Smith et al Br.J. Nutr.83, 2000",
17-047,17-047,1,1792,"Oil, walnut","oil, walnut mean of 13 samples",Mean of 13 samples,OC,17-437,"Reviewed 2013. Miscellaneous Foods Supplement, 1994; and Fatty Acids Supplement, 1998",
17-048,17-048,1,1793,"Oil, wheatgerm","oil, wheatgerm mean of 35 samples",Mean of 35 samples,OC,50-334 17-440,"Miscellaneous Foods Supplement, 1994; and Fatty Acids Supplement, 1998",
15-824,15-824,1,1794,"Okra with tomatoes and onion, Greek, homemade","okra with tomatoes and onion, greek, homemade recipe",Recipe,DR,15-543,Updated 2014,
15-825,15-825,1,1795,"Okra with tomatoes and onion, West Indian, homemade","okra with tomatoes and onion, west indian, homemade recipe",Recipe,DR,15-544,Updated 2014,
13-652,13-652,1,1796,"Okra, boiled in unsalted water","okra, boiled in unsalted water 11 samples, imported. tops and tails removed, boiled for 4-6 minutes","11 samples, imported. Tops and tails removed, boiled for 4-6 minutes",DG,13-301,"PHE, Nutrient analysis of fresh and processed fruit and vegetables with respect to fibre, 2017",
13-300,13-300,1,1797,"Okra, raw","okra, raw analysis and literature sources. ends trimmed",Analysis and literature sources. Ends trimmed,DG,50-789,"Reviewed 2013. IFR, The nutritional composition of retail vegetables in the UK, 1984-1987",
13-302,13-302,1,1798,"Okra, stir-fried in corn oil","okra, stir-fried in corn oil analysis and literature sources. ends trimmed, sliced and fried 5 minutes","Analysis and literature sources. Ends trimmed, sliced and fried 5 minutes",DG,50-791,"Reviewed 2013. IFR, The nutritional composition of retail vegetables in the UK, 1984-1987",
14-340,14-340,1,1799,"Olives, green, in brine, drained, flesh and skin","olives, green, in brine, drained, flesh and skin bottled, drained; flesh and skin, green","Bottled, drained; flesh and skin, green",FA,14-173,"MW1, 1940; and industry data, 2013. Individual fatty acid data from a different sample with a different fatty acid profile is available from 14-854",
14-359,14-359,1,1800,"Olives, green, in brine, drained, flesh and skin, weighed with stones","olives, green, in brine, drained, flesh and skin, weighed with stones calculated from 14-340 using edible portion of 0.80",Calculated from 14-340 using edible portion of 0.80,FA,14-174,"MW1, 1940; and industry data, 2013",
12-947,12-947,1,1801,"Omelette, cheese, homemade","omelette, cheese, homemade recipe. ref. wiles et al. (1980)",Recipe. Ref. Wiles et al. (1980),CD,12-922,Updated 2014,
12-956,12-956,1,1802,"Omelette, curried, homemade","omelette, curried, homemade recipe",Recipe,CDE,12-930,Updated 2014,
12-946,12-946,1,1803,"Omelette, plain, homemade","omelette, plain, homemade recipe",Recipe,CD,12-921,Updated 2014,
12-957,12-957,1,1804,"Omelette, Spanish, homemade","omelette, spanish, homemade recipe",Recipe,CD,12-932,Updated 2014,
17-815,17-815,1,1805,"Onion sauce, made with semi-skimmed milk, homemade","onion sauce, made with semi-skimmed milk, homemade recipe",Recipe,WCD,17-526,Updated 2014,
17-816,17-816,1,1806,"Onion sauce, made with skimmed milk, homemade","onion sauce, made with skimmed milk, homemade recipe",Recipe,WCD,17-571,Updated 2014,
17-817,17-817,1,1807,"Onion sauce, made with whole milk, homemade","onion sauce, made with whole milk, homemade recipe",Recipe,WCD,17-525,Updated 2014,
13-589,13-589,1,1808,"Onions, baked","onions, baked calculated from 13-499 using weight loss of 20%, baked for 90 minutes at 180c","Calculated from 13-499 using weight loss of 20%, baked for 90 minutes at 180C",DG,13-305,"DH, Nutrient analysis of fruit and vegetables, 2013",
13-500,13-500,1,1809,"Onions, boiled in unsalted water","onions, boiled in unsalted water 22 samples, autumn and winter, uk grown and imported, pre-packed and loose","22 samples, autumn and winter, UK grown and imported, pre-packed and loose",DG,13-306,"DH, Nutrient analysis of fruit and vegetables, 2013",
13-590,13-590,1,1810,"Onions, dried, raw","onions, dried, raw calculated from raw (13-499)",Calculated from raw (13-499),DG,13-308,"DH, Nutrient analysis of fruit and vegetables, 2013; industry data, 2014 and estimated from 13-308",
13-611,13-611,1,1811,"Onions, fried in butter","onions, fried in butter calculated from 13-592 and estimated from 13-417",Calculated from 13-592 and estimated from 13-417,D,13-417,"DH, Nutrient analysis of fruit and vegetables, 2013",
13-592,13-592,1,1812,"Onions, fried in corn oil","onions, fried in corn oil calculated from fried in sunflower oil and from corn oil",Calculated from fried in sunflower oil and from corn oil,DG,13-307,"DH, Nutrient analysis of fruit and vegetables, 2013",
13-593,13-593,1,1813,"Onions, fried in lard","onions, fried in lard calculated from fried in sunflower oil and lard",Calculated from fried in sunflower oil and lard,DG,13-418,"DH, Nutrient analysis of fruit and vegetables, 2013",
13-591,13-591,1,1814,"Onions, fried in rapeseed oil","onions, fried in rapeseed oil calculated from 13-501",Calculated from 13-501,DG,50-794,"DH, Nutrient analysis of fruit and vegetables, 2013",
13-501,13-501,1,1815,"Onions, fried in sunflower oil","onions, fried in sunflower oil calculated from raw, fried for 5-10 minutes. nitrogen, fat and water analysed, 2011","Calculated from raw, fried for 5-10 minutes. Nitrogen, fat and water analysed, 2011",DG,,"DH, Nutrient analysis of fruit and vegetables, 2013",
13-309,13-309,1,1816,"Onions, pickled, drained","onions, pickled, drained 10 samples, 7 brands","10 samples, 7 brands",DG,50-797,"Reviewed 2013. LGC, Fruit and vegetables, 1989-1990",
13-499,13-499,1,1817,"Onions, raw","onions, raw 22 samples, autumn and winter, uk grown and imported, pre-packed and loose","22 samples, autumn and winter, UK grown and imported, pre-packed and loose",DG,13-304,"DH, Nutrient analysis of fruit and vegetables, 2013",
14-330,14-330,1,1818,"Orange juice, ambient, UHT","orange juice, ambient, uht 11 samples, 9 brands, including ‘smooth’ and ‘with bits’","11 samples, 9 brands, including ‘smooth’ and ‘with bits’",FC,14-301,"DH, Nutrient analysis of fruit and vegetables, 2013",
14-329,14-329,1,1819,"Orange juice, chilled","orange juice, chilled 10 samples, 8 brand, premium and from concentrate including 'smooth' and 'with bits'","10 samples, 8 brand, premium and from concentrate including 'smooth' and 'with bits'",FC,14-301,"DH, Nutrient analysis of fruit and vegetables, 2013",
14-369,14-369,1,1820,"Orange juice, freshly squeezed","orange juice, freshly squeezed strained juice from fresh oranges",Strained juice from fresh oranges,FC,14-281,"Fruit and Nuts Supplement, 1992; and estimated from 14-327",
14-370,14-370,1,1821,"Orange juice, freshly squeezed, weighed as whole fruit","orange juice, freshly squeezed, weighed as whole fruit calculated from 14-281",Calculated from 14-281,FC,14-282,"Fruit and Nuts Supplement, 1992; and estimated from 14-369",
16-199,16-199,1,1822,"Orange roughy, raw","orange roughy, raw literature sources",Literature sources,JC,,"Fish and Fish Products Supplement, 1993",
14-327,14-327,1,1823,"Oranges, flesh only","oranges, flesh only 22 samples, early and late winter, including navel and valencia","22 samples, early and late winter, including Navel and Valencia",FA,14-298,"DH, Nutrient analysis of fruit and vegetables, 2013",
14-360,14-360,1,1824,"Oranges, flesh only, weighed with peel and pips","oranges, flesh only, weighed with peel and pips calculated from 14-327 using edible conversion factor of 0.71",Calculated from 14-327 using edible conversion factor of 0.71,FA,14-311,"DH, Nutrient analysis of fruit and vegetables, 2013",
13-878,13-878,1,1825,"Oregano, dried, ground","oregano, dried, ground literature sources",Literature sources,H,13-842,"USDA SR26, 2013",
13-891,13-891,1,1826,"Oregano, fresh","oregano, fresh 4 samples and calculation from dried",4 samples and calculation from dried,H,13-841,"LGC, Fruit and vegetables, 1989-1990; and SR26, 2013",
14-177,14-177,1,1827,"Ortaniques, flesh only","ortaniques, flesh only literature sources",Literature sources,FA,,Caribbean Food and Nutrition Institute (1974) Food composition tables for use in the English-speaking Caribbean.,
17-818,17-818,1,1828,"Ovaltine powder, made up with semi-skimmed milk","ovaltine powder, made up with semi-skimmed milk recipe. calculated from 25g powder to 200ml milk",Recipe. Calculated from 25g powder to 200ml milk,PAA,17-565,Updated 2014. N values due to N values published in Ovaltine powder,
17-819,17-819,1,1829,"Ovaltine powder, made up with skimmed milk","ovaltine powder, made up with skimmed milk recipe. calculated from 25g powder to 200ml milk",Recipe. Calculated from 25g powder to 200ml milk,PAA,17-566,Updated 2014. N values due to N values published in Ovaltine powder,
17-820,17-820,1,1830,"Ovaltine powder, made up with whole milk","ovaltine powder, made up with whole milk recipe. calculated from 25g powder to 200ml milk",Recipe. Calculated from 25g powder to 200ml milk,PAA,17-564,Updated 2014. N values due to N values published in Ovaltine powder,
17-734,17-734,1,1831,"Ovaltine, powder","ovaltine, powder 6 samples, manufacturer's data","6 samples, Manufacturer's data",PAA,17-504,"Industry data, 2013; folate from LGC, added folic acid in supplements and fortified foods, 1995. Fibre from 12-108",
18-420,18-420,1,1832,"Oxtail, meat only, stewed with added salt","oxtail, meat only, stewed with added salt 12 sample",12 sample,MG,50-493,"MW4, 1978. Values reviewed for Meat, Poultry and Game Supplement, 1995.",
50-494,50-494,1,1833,"Oxtail, meat only, stewed, weighed with fat and bones","oxtail, meat only, stewed, weighed with fat and bones calculated from oxtail stewed",Calculated from oxtail stewed,MG,,"MW4, 1978. Values reviewed for Meat, Poultry and Game Supplement, 1995.",
18-419,18-419,1,1834,"Oxtail, raw","oxtail, raw 12 samples",12 samples,MG,,"MW4, 1978. Values reviewed for Meat, Poultry and Game Supplement, 1995.",
16-260,16-260,1,1835,"Oysters, raw","oysters, raw analytical and literature sources",Analytical and literature sources,JM,16-311,"As Fish and Fish Products Supplement, 1993 (16-260) with fatty acids from Fatty Acid Supplement 1998 (16-311)",
16-261,16-261,1,1836,"Oysters, raw, weighed with shells","oysters, raw, weighed with shells calculated from raw 16-260",Calculated from raw 16-260,JM,,"As Fish and Fish Products Supplement, 1993 (16-261) with fatty acids from Fatty Acid Supplement 1998 (16-311)",
13-516,13-516,1,1837,"Pak choi, steamed","pak choi, steamed 16 samples, autumn and winter, uk grown and imported","16 samples, autumn and winter, UK grown and imported",DG,,"DH, Nutrient analysis of fruit and vegetables, 2013",
15-620,15-620,1,1838,"Pakora, vegetable, takeaway and restaurant","pakora, vegetable, takeaway and restaurant 11 samples, 3 from london, 3 from birmingham, 2 from leeds and 3 from bradford, crispy vegetable fitters","11 samples, 3 from London, 3 from Birmingham, 2 from Leeds and 3 from Bradford, crispy vegetable fitters",DR,,"University of Leeds, Nutritional analysis of commonly consumed South Asian foods in the UK, 2007",
15-826,15-826,1,1839,"Pakora/bhajia, aubergine, fried in vegetable oil, homemade","pakora/bhajia, aubergine, fried in vegetable oil, homemade recipe. aubergine fried in chick pea flour batter",Recipe. Aubergine fried in chick pea flour batter,DR,15-545,Updated 2014,
15-827,15-827,1,1840,"Pakora/bhajia, cauliflower, fried in vegetable oil, homemade","pakora/bhajia, cauliflower, fried in vegetable oil, homemade recipe. cauliflour fried in chick pea flour batter",Recipe. Cauliflour fried in chick pea flour batter,DR,15-546,Updated 2014,
15-828,15-828,1,1841,"Pakora/bhajia, onion, fried in vegetable oil, homemade","pakora/bhajia, onion, fried in vegetable oil, homemade recipe. onion fried in chick pea flour batter",Recipe. Onion fried in chick pea flour batter,DR,15-547,Updated 2014,
15-829,15-829,1,1842,"Pakora/bhajia, potato and cauliflower, fried in vegetable oil, homemade","pakora/bhajia, potato and cauliflower, fried in vegetable oil, homemade recipe, vegetables fried in chick pea flour batter","Recipe, vegetables fried in chick pea flour batter",DR,15-549,Updated 2014,
15-830,15-830,1,1843,"Pakora/bhajia, potato, carrot and pea, fried in vegetable oil, homemade","pakora/bhajia, potato, carrot and pea, fried in vegetable oil, homemade recipe, vegetables fried in chick pea flour batter","Recipe, vegetables fried in chick pea flour batter",DR,15-550,Updated 2014,
15-831,15-831,1,1844,"Pakora/bhajia, potato, fried in vegetable oil, homemade","pakora/bhajia, potato, fried in vegetable oil, homemade recipe. potatoes fried in chick pea flour batter",Recipe. Potatoes fried in chick pea flour batter,DR,15-548,Updated 2014,
15-832,15-832,1,1845,"Pakora/bhajia, spinach, fried in vegetable oil, homemade","pakora/bhajia, spinach, fried in vegetable oil, homemade recipe, spinach fried in chick pea flour batter","Recipe, spinach fried in chick pea flour batter",DR,15-551,Updated 2014,
15-653,15-653,1,1846,"Pakora/bhajia, vegetable, retail","pakora/bhajia, vegetable, retail recipe from manufacturer",Recipe from manufacturer,DR,15-232,"Vitamin K1 from Bolton-Smith et al, Br.J. Nutr 83, 2000. Vegetable Dishes Supplement (1992); and industry data, 2013",
11-1101,11-1101,1,1847,"Pakoras, homemade","pakoras, homemade recipe",Recipe,AT,11-711,Updated 2014,
11-922,11-922,1,1848,"Pancakes (served with crispy duck), pancakes only, takeaway","pancakes (served with crispy duck), pancakes only, takeaway 10 sub-samples, 2 from different establishments in each of 5 regions","10 sub-samples, 2 from different establishments in each of 5 regions",AT,,"Aspland and James, Nutrient analysis of ethnic takeaway foods, 1997",
11-959,11-959,1,1849,"Pancakes, savoury, made with semi-skimmed milk, homemade","pancakes, savoury, made with semi-skimmed milk, homemade recipe",Recipe,AT,,As MW6. Recalculated in 2013,
11-1102,11-1102,1,1850,"Pancakes, savoury, made with skimmed milk, homemade","pancakes, savoury, made with skimmed milk, homemade recipe",Recipe,AT,11-712,Updated 2014,
11-1103,11-1103,1,1851,"Pancakes, savoury, wholemeal, made with whole milk, homemade","pancakes, savoury, wholemeal, made with whole milk, homemade recipe",Recipe,AT,11-714,"Recipe produced for calculation of savoury pancakes stuffed with vegetables, wholemeal. Updated 2014",
15-645,15-645,1,1852,"Pancakes, stuffed with vegetables, homemade","pancakes, stuffed with vegetables, homemade tomato, mushroom and onion stuffing. recipe adapted from a recipe from leeds polytechnic","Tomato, mushroom and onion stuffing. Recipe adapted from a recipe from Leeds Polytechnic",DR,15-376,Updated 2013,
15-833,15-833,1,1853,"Pancakes, stuffed with vegetables, wholemeal, homemade","pancakes, stuffed with vegetables, wholemeal, homemade tomato, mushroom and onion stuffing. recipe adapted from a recipe from leeds polytechnic","Tomato, mushroom and onion stuffing. Recipe adapted from a recipe from Leeds Polytechnic",DR,15-552,Updated 2014,
11-1143,11-1143,1,1854,"Pancakes, sweet, made with semi skimmed milk, homemade","pancakes, sweet, made with semi skimmed milk, homemade recipe",Recipe,AS,,Recalculated in 2014,
11-1141,11-1141,1,1855,"Pancakes, sweet, made with skimmed milk, homemade","pancakes, sweet, made with skimmed milk, homemade recipe",Recipe,AS,11-702,Updated 2014,
11-1142,11-1142,1,1856,"Pancakes, sweet, made with whole milk, homemade","pancakes, sweet, made with whole milk, homemade recipe",Recipe,AS,11-601,Updated 2014,
16-432,16-432,1,1857,"Pangasius, flesh only, baked","pangasius, flesh only, baked calculated from 16-382 and 31.9% weight loss",Calculated from 16-382 and 31.9% weight loss,JA,,"DH, Nutrient analysis of fish and fish products, 2013",
16-433,16-433,1,1858,"Pangasius, flesh only, poached","pangasius, flesh only, poached calculated from 16-382 and 27.2% weight loss",Calculated from 16-382 and 27.2% weight loss,JA,,"DH, Nutrient analysis of fish and fish products, 2013",
16-382,16-382,1,1859,"Pangasius, flesh only, raw","pangasius, flesh only, raw 6 samples, 6 products, frozen and chilled. also known as vietnamese river cobbler and basa","6 samples, 6 products, frozen and chilled. Also known as Vietnamese river cobbler and basa",JA,,"DH, Nutrient analysis of fish and fish products, 2013",
11-998,11-998,1,1860,"Papadums, takeaway","papadums, takeaway 10 samples from different outlets",10 samples from different outlets,AF,11-464,"Aspland and James, Nutrient analysis of ethnic and takeaway foods, 1997; fatty acids as Fatty Acids Supplement 17-447. Riboflavin from Cereals and Cereal Products Supplement, 1988",
14-390,14-390,1,1861,"Papaya, flesh only, raw","papaya, flesh only, raw 11 samples, imported, ripe","11 samples, imported, ripe",FA,14-180,"PHE, Nutrient analysis of fresh and processed fruit and vegetables with respect to fibre, 2017",
14-397,14-397,1,1862,"Papaya, flesh only, raw, weighed with skin and pips","papaya, flesh only, raw, weighed with skin and pips calculated from 14-390",Calculated from 14-390,FA,14-181,"PHE, Nutrient analysis of fresh and processed fruit and vegetables with respect to fibre, 2017",
13-311,13-311,1,1863,"Papaya, unripe, green flesh, raw","papaya, unripe, green flesh, raw literature sources",Literature sources,DG,,"Gopalan et al. (1980) Nutritive value of Indian foods, National Insitute of Nutrition, Indian Council of Medical Research, and Wu Leung et al. (1972) Food composition table for use in East Asia",
13-879,13-879,1,1864,Paprika,paprika literature sources,Literature sources,H,13-843,"USDA SR26, 2013",
11-1104,11-1104,1,1865,"Paratha, homemade","paratha, homemade recipe",Recipe,AF,11-630,Updated 2014,
16-101,16-101,1,1866,"Parrot fish, raw","parrot fish, raw literature sources",Literature sources,JA,,"Fish and Fish Products Supplement, 1993",
13-845,13-845,1,1867,"Parsley, dried","parsley, dried literature sources",Literature sources,H,,"Marsh et al. (1977) Composition of foods: spices and herbs, raw, processed and prepared, Agriculture Handbook No. 8-2",
13-844,13-844,1,1868,"Parsley, fresh","parsley, fresh tough stalks removed",Tough stalks removed,H,50-846,"Reviewed 2013. IFR, The nutritional values of retail vegetables in the UK, 1984-1987. Vitamin K1 from Bolton-Smith et al, Br.J. Nutr 83, 2000",
13-631,13-631,1,1869,"Parsnip, boiled in unsalted water","parsnip, boiled in unsalted water 11 samples, uk, ends trimmed and peeled. cut into chunks or slices, boiled for 8-12 minutes","11 samples, UK, ends trimmed and peeled. Cut into chunks or slices, boiled for 8-12 minutes",DG,13-454,"PHE, Nutrient analysis of fresh and processed fruit and vegetables with respect to fibre, 2017",
13-312,13-312,1,1870,"Parsnip, raw","parsnip, raw ends trimmed and peeled",Ends trimmed and peeled,DG,50-799,"Reviewed 2013. IFR, The nutritional composition of retail vegetables in the UK, 1984-1987. Vitamin K1 from Bolton-Smith et al Br.J.Nutr. 83, 2000",
13-632,13-632,1,1871,"Parsnip, roasted in rapeseed oil","parsnip, roasted in rapeseed oil calculated from boiled. fat and water analysed, 2017. 11 samples, uk, ends trimmed and peeled. cut into quarters or halves and coated with 1 tbsp rapeseed oil, roasted for 35-55 minutes","Calculated from boiled. Fat and water analysed, 2017. 11 samples, UK, ends trimmed and peeled. Cut into quarters or halves and coated with 1 tbsp rapeseed oil, roasted for 35-55 minutes",DG,,"PHE, Nutrient analysis of fresh and processed fruit and vegetables with respect to fibre, 2017",
18-381,18-381,1,1872,"Partridge, meat only, roasted","partridge, meat only, roasted meat from dressed carcase",Meat from dressed carcase,MCI,50-452,"MW4, 1978. Values reviewed for Meat, Poultry and Game Supplement, 1995.",
18-382,18-382,1,1873,"Partridge, meat only, roasted, weighed with bone","partridge, meat only, roasted, weighed with bone calculated from roast, meat only 18-381","Calculated from roast, meat only 18-381",MCI,50-453,"MW4, 1978. Values reviewed for Meat, Poultry and Game Supplement, 1995.",
14-285,14-285,1,1874,Passion fruit juice,passion fruit juice literature sources,Literature sources,FC,,"Gebhardt et al. (1982) Comoposition of foods: fruits and fruit juices, raw, processed and prepared, and Gopalan et al. (1980) Nutritive values of Indian foods",
14-178,14-178,1,1875,"Passion fruit, flesh and pips","passion fruit, flesh and pips analysis and literature sources;",Analysis and literature sources;,FA,50-933,"Reviewed 2013. Fruit and Nuts Supplement, 1992",
14-179,14-179,1,1876,"Passion fruit, flesh and pips, weighed with skin","passion fruit, flesh and pips, weighed with skin calculated from 14-178",Calculated from 14-178,FA,50-934,"Fruit and Nuts Supplement, 1992",
11-734,11-734,1,1877,"Pasta and sauce mixes, dried, raw","pasta and sauce mixes, dried, raw 10 samples, 10 products, pasta with sauce including cheese, meat and vegetables","10 samples, 10 products, pasta with sauce including cheese, meat and vegetables",AD,,"LGC, Nutrient analysis of pasta and pasta sauces, 2004",
11-717,11-717,1,1878,"Pasta shapes, coloured, flavoured, dried, raw","pasta shapes, coloured, flavoured, dried, raw 10 samples, including spirali, farfalle, fusilli, penne, pennette","10 samples, including spirali, farfalle, fusilli, penne, pennette",AD,,"LGC, Nutrient analysis of pasta and pasta sauces, 2004",
19-611,19-611,1,1879,"Pasta with ham and mushroom sauce, homemade","pasta with ham and mushroom sauce, homemade recipe",Recipe,MR,19-413,Updated 2014,
19-483,19-483,1,1880,"Pasta with meat and tomato sauce, homemade","pasta with meat and tomato sauce, homemade recipe",Recipe,MR,19-347,Updated 2013,
11-729,11-729,1,1881,"Pasta, egg, fresh, filled with cheese and tomato, boiled in unsalted water","pasta, egg, fresh, filled with cheese and tomato, boiled in unsalted water 10 samples, 7 products, including tortelloni and ravioli","10 samples, 7 products, including tortelloni and ravioli",AD,11-451,Nutrient analysis of pasta and pasta sauces 2003,
11-728,11-728,1,1882,"Pasta, egg, fresh, filled with cheese only, boiled in unsalted water","pasta, egg, fresh, filled with cheese only, boiled in unsalted water 10 samples, 5 products, including tortelloni, torellini and ravioli","10 samples, 5 products, including tortelloni, torellini and ravioli",AD,11-451,"LGC, Nutrient analysis of pasta and pasta sauces, 2004",
11-731,11-731,1,1883,"Pasta, egg, fresh, filled with green vegetables/herbs and cheese, boiled in unsalted water","pasta, egg, fresh, filled with green vegetables/herbs and cheese, boiled in unsalted water 10 samples, 9 products, including tortellini and ravioli","10 samples, 9 products, including tortellini and ravioli",AD,11-451,Nutrient analysis of pasta and pasta sauces 2003,
11-732,11-732,1,1884,"Pasta, egg, fresh, filled with meat, boiled in unsalted water","pasta, egg, fresh, filled with meat, boiled in unsalted water 10 samples, 9 products, including tortellini and cappelletti and chicken, ham, beef and bacon fillings","10 samples, 9 products, including tortellini and cappelletti and chicken, ham, beef and bacon fillings",AD,,"LGC, Nutrient analysis of pasta and pasta sauces, 2004",
11-730,11-730,1,1885,"Pasta, egg, fresh, filled with mushrooms, boiled in unsalted water","pasta, egg, fresh, filled with mushrooms, boiled in unsalted water 10 samples, 8 products, including ravioli, fagottini, tortellini","10 samples, 8 products, including ravioli, fagottini, tortellini",AD,11-451,Nutrient analysis of pasta and pasta sauces 2003,
11-726,11-726,1,1886,"Pasta, egg, fresh, raw","pasta, egg, fresh, raw 10 samples, 10 products, including tagliatelle, penne, conchiglie, spaghetti, fusilli","10 samples, 10 products, including tagliatelle, penne, conchiglie, spaghetti, fusilli",AD,11-449,"LGC, Nutrient analysis of pasta and pasta sauces, 2004",
11-715,11-715,1,1887,"Pasta, egg, white, dried, raw","pasta, egg, white, dried, raw 10 samples, including farfalle, spaghetti, penne, lasagne, tagliatelle","10 samples, including farfalle, spaghetti, penne, lasagne, tagliatelle",AD,,"LGC, Nutrient analysis of pasta and pasta sauces, 2004",
11-727,11-727,1,1888,"Pasta, egg, white, tagliatelle, fresh, boiled in unsalted water","pasta, egg, white, tagliatelle, fresh, boiled in unsalted water 10 samples, 6 products","10 samples, 6 products",AD,,"LGC, Nutrient analysis of pasta and pasta sauces, 2004",
11-450,11-450,1,1889,"Pasta, plain, fresh, boiled","pasta, plain, fresh, boiled 12 samples, 8 brands including spaghetti, tagliatelle, lasagne, linguine and fusilli","12 Samples, 8 brands including spaghetti, tagliatelle, lasagne, linguine and fusilli",AD,11-397,"RHM (1995) Nutrient content of selected foods, Food Surveillance Information Sheet No. 70, with fats as Fatty Acids Supplement (1998) 11-397.",
11-736,11-736,1,1890,"Pasta, ravioli, meat filling, canned in tomato sauce","pasta, ravioli, meat filling, canned in tomato sauce 8 samples, 7 products","8 samples, 7 products",AD,11-621,"LGC, Nutrient analysis of pasta and pasta sauces, 2004; and industry data, 2013",
11-735,11-735,1,1891,"Pasta, spaghetti, canned, in tomato sauce","pasta, spaghetti, canned, in tomato sauce 10 samples, 9 products","10 samples, 9 products",AD,11-357,"LGC, Nutrient analysis of pasta and pasta sauces, 2004; and industry data, 2013",
11-720,11-720,1,1892,"Pasta, white, twists, fusilli, dried, boiled in unsalted water","pasta, white, twists, fusilli, dried, boiled in unsalted water 10 samples, 8 products","10 samples, 8 products",AD,,"LGC, Nutrient analysis of pasta and pasta sauces, 2004",
11-1129,11-1129,1,1893,"Pasta, white, dried, boiled in unsalted water","pasta, white, dried, boiled in unsalted water including pasta tubes, shells, bows and macaroni. calculated from pasta, white, dried, raw using 106.3% weight gain","Including pasta tubes, shells, bows and macaroni. Calculated from pasta, white, dried, raw using 106.3% weight gain",AD,,"LGC, Nutrient analysis of pasta and pasta sauces, 2004",
11-716,11-716,1,1894,"Pasta, white, dried, raw","pasta, white, dried, raw 12 samples, including penne, fusilli, conchiglie, tagliatelle, spaghetti","12 samples, including penne, fusilli, conchiglie, tagliatelle, spaghetti",AD,11-447 11-452,"LGC, Nutrient analysis of pasta and pasta sauces, 2004",
11-722,11-722,1,1895,"Pasta, white, spaghetti, dried, boiled in unsalted water","pasta, white, spaghetti, dried, boiled in unsalted water 10 samples, 10 products","10 samples, 10 products",AD,11-453,"LGC, Nutrient analysis of pasta and pasta sauces, 2004",
11-721,11-721,1,1896,"Pasta, white, twists, fusilli, dried, boiled in salted water","pasta, white, twists, fusilli, dried, boiled in salted water 10 samples, 8 products","10 samples, 8 products",AD,,"LGC, Nutrient analysis of pasta and pasta sauces, 2004",
11-723,11-723,1,1897,"Pasta, wholewheat, spaghetti, dried, boiled in unsalted water","pasta, wholewheat, spaghetti, dried, boiled in unsalted water 10 samples, 9 products","10 samples, 9 products",AD,11-455,"LGC, Nutrient analysis of pasta and pasta sauces, 2004",
11-718,11-718,1,1898,"Pasta, wholewheat, spaghetti, dried, raw","pasta, wholewheat, spaghetti, dried, raw 10 samples, 9 products","10 samples, 9 products",AD,11-454,"LGC, Nutrient analysis of pasta and pasta sauces, 2004",
15-835,15-835,1,1899,Pastichio,"pastichio recipe. greek dish. macaroni, lentil and vegetables with white sauce.","Recipe. Greek dish. Macaroni, lentil and vegetables with white sauce.",DR,15-553,Updated 2014,
11-230,11-230,1,1900,"Pastries, Asian","pastries, asian 5 samples, assorted sata pastries","5 samples, assorted sata pastries",AP,,"Cereals and Cereal Products Supplement, 1988",
11-844,11-844,1,1901,"Pastries, chocolate eclairs, cream filled, retail","pastries, chocolate eclairs, cream filled, retail 10 samples, 7 products","10 samples, 7 products",AP,11-247,"DH, Nutrient analysis of biscuits, buns, cakes and pastries, 2011",
11-1064,11-1064,1,1902,"Pastries, chocolate eclairs, fresh, homemade","pastries, chocolate eclairs, fresh, homemade recipe",Recipe,AP,11-657,Updated 2014,
11-843,11-843,1,1903,"Pastries, cream filled, retail","pastries, cream filled, retail 10 samples, 6 products, including fresh cream slices and horns","10 samples, 6 products, including fresh cream slices and horns",AP,11-654 11-690,"DH, Nutrient analysis of biscuits, buns, cakes and pastries, 2011",
11-841,11-841,1,1904,"Pastries, Danish, retail","pastries, danish, retail 10 samples, 9 products, assorted shapes and flavours","10 samples, 9 products, assorted shapes and flavours",AP,11-538,"DH, Nutrient analysis of biscuits, buns, cakes and pastries, 2011",
11-842,11-842,1,1905,"Pastries, Greek, baklava, retail","pastries, greek, baklava, retail 7 samples, 7 products, assorted baklava","7 samples, 7 products, assorted baklava",AP,11-248,"DH, Nutrient analysis of biscuits, buns, cakes and pastries, 2011",
11-992,11-992,1,1906,"Pastry, cheese, shortcrust, homemade","pastry, cheese, shortcrust, homemade recipe",Recipe,AO,11-650,Recalculated 2013,
11-1049,11-1049,1,1907,"Pastry, choux, cooked, homemade","pastry, choux, cooked, homemade recipe",Recipe,AO,11-652,Updated 2014,
11-1048,11-1048,1,1908,"Pastry, choux, uncooked, homemade","pastry, choux, uncooked, homemade recipe",Recipe,AO,,Based on Recipe as Cereals and Cereal Products Supplement (1988) 11-220. Updated 2013,
11-856,11-856,1,1909,"Pastry, filo, retail, cooked","pastry, filo, retail, cooked calculated from uncooked, using weight loss of 23.6%","Calculated from uncooked, using weight loss of 23.6%",AO,,"DH, Nutrient analysis of biscuits, buns, cakes and pastries, 2011",Calculated from uncooked based on 23.6% weight loss
11-855,11-855,1,1910,"Pastry, filo, retail, uncooked","pastry, filo, retail, uncooked 6 samples, 4 products; frozen and chilled","6 samples, 4 products; frozen and chilled",AO,,"DH, Nutrient analysis of biscuits, buns, cakes and pastries, 2011; and industry data, 2013",
11-1139,11-1139,1,1911,"Pastry, flaky, cooked, homemade","pastry, flaky, cooked, homemade recipe",Recipe,AO,11-583,Updated 2014,
11-1140,11-1140,1,1912,"Pastry, flaky, uncooked, homemade","pastry, flaky, uncooked, homemade recipe",Recipe,AO,11-582,Updated 2014,
11-854,11-854,1,1913,"Pastry, flaky/puff, retail, cooked","pastry, flaky/puff, retail, cooked calculated from uncooked, using weight loss of 21.1%","Calculated from uncooked, using weight loss of 21.1%",AO,,"DH, Nutrient analysis of biscuits, buns, cakes and pastries, 2011",Calculated from uncooked based on 21.1% weight loss
11-852,11-852,1,1914,"Pastry, flaky/puff, retail, uncooked","pastry, flaky/puff, retail, uncooked 10 samples, 9 products; frozen and chilled, block and ready rolled","10 samples, 9 products; frozen and chilled, block and ready rolled",AO,11-224,"DH, Nutrient analysis of biscuits, buns, cakes and pastries, 2011",
11-1052,11-1052,1,1915,"Pastry, shortcrust, cooked, homemade","pastry, shortcrust, cooked, homemade recipe",Recipe,AO,11-585,Updated 2014,
11-853,11-853,1,1916,"Pastry, shortcrust, retail, cooked","pastry, shortcrust, retail, cooked calculated from uncooked, using weight loss of 17.2%","Calculated from uncooked, using weight loss of 17.2%",AO,,"DH, Nutrient analysis of biscuits, buns, cakes and pastries, 2011",Calculated from uncooked using 17.2% weight loss
11-851,11-851,1,1917,"Pastry, shortcrust, retail, uncooked","pastry, shortcrust, retail, uncooked 10 samples, 9 products; frozen and chilled, block and ready rolled","10 samples, 9 products; frozen and chilled, block and ready rolled",AO,11-227,"DH, Nutrient analysis of biscuits, buns, cakes and pastries, 2011",
11-1017,11-1017,1,1918,"Pastry, shortcrust, uncooked, homemade","pastry, shortcrust, uncooked, homemade recipe",Recipe,AO,11-584,As MW6. Recalculated in 2013,
11-961,11-961,1,1919,"Pastry, wholemeal, cooked, homemade","pastry, wholemeal, cooked, homemade recipe. ref. wiles et al. (1980)",Recipe. Ref. Wiles et al. (1980),AO,11-587,As MW6. Recalculated in 2013,
11-1010,11-1010,1,1920,"Pastry, wholemeal, uncooked, homemade","pastry, wholemeal, uncooked, homemade recipe. ref. wiles et al. (1980)",Recipe. Ref. Wiles et al. (1980),AO,11-586,As MW6. Recalculated in 2013,
15-646,15-646,1,1921,"Pasty, vegetable, homemade","pasty, vegetable, homemade recipe from dietary survey records",Recipe from dietary survey records,DR,15-377,Updated 2013,
15-836,15-836,1,1922,"Pasty, vegetable, wholemeal, homemade","pasty, vegetable, wholemeal, homemade recipe from dietary survey records",Recipe from dietary survey records,DR,15-554,Updated 2014,
19-317,19-317,1,1923,"Pate, liver","pate, liver 20 samples including canned",20 samples including canned,MI,19-143 50-517,"Reviewed 2013. Meat Products and Dishes Supplement, 1996; Fatty Acid Supplement, 1996 (19-143); iron from LGC, The determination of different forms of Iron in foodstuffs, 1997. Vitamin K1 Bolton-Smith et al Br.J. Nutr.83, 2000.",
19-145,19-145,1,1924,"Pate, meat, reduced fat","pate, meat, reduced fat 11 samples, assorted types; pork meat and liver based. 70-80% meat","11 samples, assorted types; pork meat and liver based. 70-80% meat",MI,50-518,"Reviewed 2013. MW5, 1991",
16-451,16-451,1,1925,"Pate, tuna","pate, tuna calculated from manufacturers' proportions and label data",Calculated from manufacturers' proportions and label data,JR,16-308,"Fish and Fish Products Supplement, 1993; and industry data, 2013",
13-315,13-315,1,1926,"Patra leaves, raw","patra leaves, raw 3 samples",3 samples,DG,,"Vegetables, Herbs and Spices Supplement, 1991",
12-475,12-475,1,1927,"Pavlova, toffee/chocolate, no fruit","pavlova, toffee/chocolate, no fruit 10 samples, 6 products, frozen","10 samples, 6 products, frozen",BR,12-403,"ADAS Laboratories, Nutrient analysis of ice creams and desserts, 1999; and industry data, 2013",
12-552,12-552,1,1928,"Pavlova, with fruit and cream","pavlova, with fruit and cream 12 samples, 7 brands, including raspberry, strawberry and tropical fruits, frozen","12 samples, 7 brands, including raspberry, strawberry and tropical fruits, frozen",BR,12-404,"ADAS Laboratories, Nutrient analysis of ice creams and desserts, 1999; and industry data, 2013",
12-594,12-594,1,1929,"Peach melba, homemade","peach melba, homemade recipe",Recipe,BP,12-451,Updated 2014,
14-188,14-188,1,1930,"Peaches, canned in juice, whole contents","peaches, canned in juice, whole contents 10 samples, 7 brands; halves and slices. drained proportion = 0.68","10 samples, 7 brands; halves and slices. Drained proportion = 0.68",FA,50-940,"Reviewed 2013. LGC, Nutritional composition of fruit products, 1985-1986; and LGC, Fruit and vegetables, 1989-1990",
14-189,14-189,1,1931,"Peaches, canned in syrup, whole contents","peaches, canned in syrup, whole contents 10 samples, 9 brands; halves and slices. drained proportion = 0.62","10 samples, 9 brands; halves and slices. Drained proportion = 0.62",FA,50-941,"Reviewed 2013. LGC, Nutritional composition of fruit products, 1985-1986; and LGC, Fruit and vegetables, 1989-1990",
14-312,14-312,1,1932,"Peaches, flesh and skin, raw, weighed with stone","peaches, flesh and skin, raw, weighed with stone calculated from 14-299",Calculated from 14-299,FA,14-184 50-939,"LGC, Nutritional composition of fresh fruit, 1985-1986; carotene calc from LGC 'Determination of cis carotenoids in foodstuffs' 1997. Vitamin K calc from Bolton-Smith et al, Br.J. Nutr 83, 2000",
14-299,14-299,1,1933,"Peaches, raw, flesh and skin","peaches, raw, flesh and skin 10 samples; flesh and skin",10 samples; flesh and skin,FA,14-183 50-938,"Reviewed 2013. LGC, Nutritional composition of fresh fruit, 1985-1986; carotenoid data from LGC 'Determination of cis carotenoids in foodstuffs' 1997. Vitamin K1 from Bolton-Smith et al, Br.J. Nutr 83, 2000",
17-116,17-116,1,1934,"Peanut brittle, homemade","peanut brittle, homemade recipe",Recipe,SEC,,"Miscellaneous Foods Supplement, 1994",
14-892,14-892,1,1935,"Peanut butter, smooth","peanut butter, smooth 10 samples, 3 brands","10 samples, 3 brands",GA,14-876,"Reviewed 2013. MW4, 1978; and industry data, 2013. Fatty acids from Fatty Acid Supplement, 1998 (14-865)",
14-882,14-882,1,1936,Peanuts and raisins,"peanuts and raisins calculated from recipe proportions, plain peanuts 56% and raisins 44%","Calculated from recipe proportions, plain peanuts 56% and raisins 44%",GA,14-836 50-1036,"Reviewed 2013. Fruit and Nut Supplement, 1992",
14-878,14-878,1,1937,"Peanuts, dry roasted","peanuts, dry roasted 10 samples, 5 brands","10 samples, 5 brands",GA,14-833 50-989,"Reviewed 2013. LGC, Savoury snacks and nuts, 1989-1991; and industry data, 2013. Folate from LGC 'Individual folates in foodstuffs' 1996. Vitamin K1 from Bolton-Smith et al, Br.J. Nutr 83, 2000",
14-877,14-877,1,1938,"Peanuts, kernel only, plain, unsalted","peanuts, kernel only, plain, unsalted 10 samples",10 samples,GA,14-831 14-857 50-987,"LGC, Savoury snacks and nuts, 1989-1991; fatty acids from Fatty Acid Supplement, 1998 (14-857)",
14-886,14-886,1,1939,"Peanuts, kernel only, plain, weighed with shells","peanuts, kernel only, plain, weighed with shells calculated from 14-877",Calculated from 14-877,GA,14-832 50-988,"LGC, Savoury snacks and nuts, 1989-1991; fatty acid fractions calculated from Fatty Acid Supplement, 1998 (14-857)",
14-894,14-894,1,1940,"Peanuts, raisins and chocolate chips","peanuts, raisins and chocolate chips calculated using 38% peanuts, 37% raisins and 25% milk chocolate","Calculated using 38% peanuts, 37% raisins and 25% milk chocolate",GA,14-835,Updated 2014,
14-834,14-834,1,1941,"Peanuts, roasted and salted","peanuts, roasted and salted 20 samples",20 samples,GA,50-990,"Reviewed 2013. LGC, Savoury snacks and nuts, 1989-1991; and industry data, 2013",
14-361,14-361,1,1942,"Pears, average, flesh and skin, raw, weighed with core and stalk","pears, average, flesh and skin, raw, weighed with core and stalk calculated from 14-321 using edible conversion factor of 0.85",Calculated from 14-321 using edible conversion factor of 0.85,FA,14-191,"DH, Nutrient analysis of fruit and vegetables, 2013",
14-365,14-365,1,1943,"Pears, average, raw, flesh only","pears, average, raw, flesh only 22 samples, autumn and winter, uk grown and imported, pre-packed and loose, including conference, comice, concorde, rocha and green williams","22 samples, autumn and winter, UK grown and imported, pre-packed and loose, including Conference, Comice, Concorde, Rocha and Green Williams",F,14-192,"Nutrient analysis of fresh and processed fruit and vegetables, 2013; and calculated from 14-192",
14-367,14-367,1,1944,"Pears, average, stewed with sugar","pears, average, stewed with sugar calculation from 1000g fruit, 190g water, 120g sugar","Calculation from 1000g fruit, 190g water, 120g sugar",F,14-194,Recalculated 2014,
14-368,14-368,1,1945,"Pears, average, stewed without sugar","pears, average, stewed without sugar calculation from 1000g fruit, 190g water","Calculation from 1000g fruit, 190g water",F,14-195,Recalculated 2014,
14-197,14-197,1,1946,"Pears, canned in juice, whole contents","pears, canned in juice, whole contents 10 samples, 7 brands. drained proportion = 0.60","10 samples, 7 brands. Drained proportion = 0.60",FA,50-945,"Reviewed 2013. LGC, Nutritional composition of fruit products, 1985-1986; and LGC, Fruit and vegetables, 1989-1990",
14-196,14-196,1,1947,"Pears, dried","pears, dried 3 samples, 3 brands and calculation from 14-192","3 samples, 3 brands and calculation from 14-192",FA,,"Fruit and Nuts Supplement, 1992",
14-205,14-205,1,1948,"Pears, Nashi, flesh and skin, raw","pears, nashi, flesh and skin, raw 6 samples;",6 samples;,FA,,"LGC, Fruit and vegetables, 1989-1990",
14-206,14-206,1,1949,"Pears, Nashi, flesh and skin, raw, weighed with core","pears, nashi, flesh and skin, raw, weighed with core calculated from 14-205",Calculated from 14-205,FA,,"LGC, Fruit and vegetables, 1989-1990",
14-321,14-321,1,1950,"Pears, raw, flesh and skin","pears, raw, flesh and skin 22 samples, autumn and winter, uk grown and imported, pre-packed and loose, including conference, comice, concorde, rocha and green williams","22 samples, autumn and winter, UK grown and imported, pre-packed and loose, including Conference, Comice, Concorde, Rocha and Green Williams",FA,14-190,"DH, Nutrient analysis of fruit and vegetables, 2013",
14-366,14-366,1,1951,"Pears, raw, flesh only, peeled, weighed with skin and core","pears, raw, flesh only, peeled, weighed with skin and core calculated from raw, flesh only using edible conversion factor","Calculated from raw, flesh only using edible conversion factor",F,14-193,"Nutrient analysis of fresh and processed fruit and vegetables, 2013 and calculated from 14-192",
13-439,13-439,1,1952,"Peas, boiled in unsalted water","peas, boiled in unsalted water whole peas, no pods. boiled 20 minutes","Whole peas, no pods. Boiled 20 minutes",DF,13-129 50-730,"Reviewed 2013. IFR, The nutritional composition of retail vegetables in the UK, 1984-1987. Vitamin K1 from Bolton-Smith et al Br.J. Nutr.83, 2000",
13-564,13-564,1,1953,"Peas, canned in water, re-heated, drained","peas, canned in water, re-heated, drained 10 samples, 9 brands, no added salt","10 samples, 9 brands, no added salt",DF,13-441,"Vegetables, Herbs and Spices Supplement, 1991; and industry data, 2013. LGC data for folate and carotenoids. Vitamin K1 from Bolton-Smith et al Br.J. Nutr.83, 2000",
13-131,13-131,1,1954,"Peas, dried, boiled in unsalted water","peas, dried, boiled in unsalted water whole peas; soaked 24 hours, boiled 2 hours","Whole peas; soaked 24 hours, boiled 2 hours",DF,,"MW4, 1978. Values revised for Vegetables, Herbs and Spices Supplement, 1991",
13-130,13-130,1,1955,"Peas, dried, raw","peas, dried, raw whole peas",Whole peas,DF,,"MW4, 1978. Values revised for Vegetables, Herbs and Spices Supplement, 1991",
13-536,13-536,1,1956,"Peas, frozen, boiled in unsalted water","peas, frozen, boiled in unsalted water calculated from raw using a weight loss of 3.8%",Calculated from raw using a weight loss of 3.8%,DF,13-440,"DH, Nutrient analysis of fruit and vegetables, 2013",
13-528,13-528,1,1957,"Peas, frozen, microwaved","peas, frozen, microwaved 12 samples, 8 brands, garden peas and petit pois, cooked for 2-4.5 minutes","12 samples, 8 brands, garden peas and petit pois, cooked for 2-4.5 minutes",DF,,"DH, Nutrient analysis of fruit and vegetables, 2013",
13-527,13-527,1,1958,"Peas, frozen, raw","peas, frozen, raw 12 samples, 8 brands, garden peas and petit pois","12 samples, 8 brands, garden peas and petit pois",DF,,"DH, Nutrient analysis of fruit and vegetables, 2013",
13-641,13-641,1,1959,"Peas, mange-tout, boiled in unsalted water","peas, mange-tout, boiled in unsalted water 11 samples, imported, boiled for 3-6 minutes","11 samples, imported, boiled for 3-6 minutes",DF,13-547,"PHE, Nutrient analysis of fresh and processed fruit and vegetables with respect to fibre, 2017",
13-122,13-122,1,1960,"Peas, mange-tout, raw","peas, mange-tout, raw whole pods, ends trimmed; 10 samples","Whole pods, ends trimmed; 10 samples",DF,50-725,"LGC, Fruit and vegetables, 1989-1990",
13-642,13-642,1,1961,"Peas, mange-tout, stir-fried in rapeseed oil","peas, mange-tout, stir-fried in rapeseed oil calculated from boiled. water and fat analysed, 2017. 11 samples, fresh, imported, stir fried in 1-2.5 tbsp oil for 2-5 minutes","Calculated from boiled. Water and fat analysed, 2017. 11 samples, fresh, imported, Stir fried in 1-2.5 tbsp oil for 2-5 minutes",DF,13-568,"PHE, Nutrient analysis of fresh and processed fruit and vegetables with respect to fibre, 2017",
13-562,13-562,1,1962,"Peas, marrowfat, canned, re-heated, drained","peas, marrowfat, canned, re-heated, drained 10 samples, 6 brands","10 samples, 6 brands",DF,13-125,"LGC, Canned and other processed vegetable products survey, 1985; and industry data, 2013",
13-563,13-563,1,1963,"Peas, mushy, canned, re-heated","peas, mushy, canned, re-heated 10 samples, 3 brands","10 samples, 3 brands",DF,13-437,"LGC, Canned and other processed vegetable products survey, 1985; and industry data, 2013. Vitamin K1 from Bolton-Smith et al Br.J. Nutr.83, 2000",
13-438,13-438,1,1964,"Peas, raw","peas, raw whole peas, no pods","Whole peas, no pods",DF,13-127 13-864 50-729,"IFR, The nutritional composition of retail vegetables in the UK, 1984-1987; and Fatty Acid Supplement (1998) 13-864. Vitamin K1 from Bolton-Smith et al Br.J. Nutr.83, 2000",
13-142,13-142,1,1965,"Peas, split, dried, boiled in unsalted water","peas, split, dried, boiled in unsalted water no seed coat; soaked 24 hours, boiled 2 hours","No seed coat; soaked 24 hours, boiled 2 hours",DF,,"MW4, 1978. Values revised for Vegetables, Herbs and Spices Supplement, 1991",
13-141,13-141,1,1966,"Peas, split, dried, raw","peas, split, dried, raw no seed coat",No seed coat,DF,,"MW4, 1978. Values revised for Vegetables, Herbs and Spices Supplement, 1991",
13-594,13-594,1,1967,"Peas, sugar-snap, boiled in unsalted water","peas, sugar-snap, boiled in unsalted water whole pods; boiled 3 minutes and calculated from raw, based on boiled in salted water","Whole pods; boiled 3 minutes and calculated from raw, based on boiled in salted water",DG,,"LGC, Fruit and vegetables, 1989-1990",
13-143,13-143,1,1968,"Peas, sugar-snap, raw","peas, sugar-snap, raw whole pods, ends trimmed; 4 samples","Whole pods, ends trimmed; 4 samples",DF,,"LGC, Fruit and vegetables, 1989-1990",
14-837,14-837,1,1969,"Pecan nuts, kernel only","pecan nuts, kernel only 9 samples",9 samples,GA,50-991,"Reviewed 2013. LGC, Savoury snacks and nuts, 1989-1991",
14-838,14-838,1,1970,"Pecan nuts, kernel only, weighed with shells","pecan nuts, kernel only, weighed with shells calculated from 14-837",Calculated from 14-837,GA,,"LGC, Savoury snacks and nuts, 1989-1991",
14-338,14-338,1,1971,"Peel, mixed","peel, mixed 10 samples, 9 brands","10 samples, 9 brands",FA,14-167,"LGC, Nutritional composition of fruit products, 1985-1986; and industry data, 2013",
13-880,13-880,1,1972,"Pepper, black","pepper, black literature sources",Literature sources,H,13-846,"USDA SR26, 2013",
13-525,13-525,1,1973,"Pepper, capsicum, red, boiled in unsalted water","pepper, capsicum, red, boiled in unsalted water 22 samples, autumn and winter, uk grown and imported, pre-packed and loose","22 samples, autumn and winter, UK grown and imported, pre-packed and loose",DG,13-321,"DH, Nutrient analysis of fruit and vegetables, 2013",
13-524,13-524,1,1974,"Pepper, capsicum, red, raw","pepper, capsicum, red, raw 22 samples, autumn and winter, uk grown and imported, pre-packed and loose","22 samples, autumn and winter, UK grown and imported, pre-packed and loose",DG,13-320,"DH, Nutrient analysis of fruit and vegetables, 2013",
13-537,13-537,1,1975,"Pepper, capsicum, yellow, boiled in unsalted water","pepper, capsicum, yellow, boiled in unsalted water calculated from 13-526 using 13.1% weight loss",Calculated from 13-526 using 13.1% weight loss,DG,,"DH, Nutrient analysis of fruit and vegetables, 2013",
13-526,13-526,1,1976,"Pepper, capsicum, yellow, raw","pepper, capsicum, yellow, raw 22 samples, autumn and winter, uk grown and imported, pre-packed and loose","22 samples, autumn and winter, UK grown and imported, pre-packed and loose",DG,13-322,"DH, Nutrient analysis of fruit and vegetables, 2013",
13-847,13-847,1,1977,"Pepper, cayenne, ground","pepper, cayenne, ground literature sources",Literature sources,H,,"Vegetables, Herbs and Spices Supplement, 1991",
13-881,13-881,1,1978,"Pepper, white","pepper, white literature sources",Literature sources,H,13-848,"USDA SR26, 2013",
17-830,17-830,1,1979,"Peppermint creams, homemade","peppermint creams, homemade recipe",Recipe,SEC,17-587,Updated 2014,
17-117,17-117,1,1980,Peppermints,peppermints several samples of 6 different brands,Several samples of 6 different brands,SEC,50-1029,"Reviewed 2013. MW3, 1960",
13-316,13-316,1,1981,"Peppers, capsicum, chilli, green, raw","peppers, capsicum, chilli, green, raw literature sources;",Literature sources;,DG,50-801,"Reviewed 2013. Cashel et al. (1989) Compositon of Foods, Australia. Volume 1, and Gopalan et al. (1980) Nutritive value of Indian foods, National Institute of Nutrition, Indian Council of Medical Research",
13-317,13-317,1,1982,"Peppers, capsicum, chilli, red, raw","peppers, capsicum, chilli, red, raw literature sources",Literature sources,DG,,"Vegetables, Herbs and Spices Supplement, 1991",
13-548,13-548,1,1983,"Peppers, capsicum, green, boiled in unsalted water","peppers, capsicum, green, boiled in unsalted water as raw, sliced and boiled for 15 minutes, based on boiled in salted water","As raw, sliced and boiled for 15 minutes, based on boiled in salted water",DG,,"Reviewed 2013. IFR, The nutritional composition of retail vegetables in the UK, 1984-1987",
13-318,13-318,1,1984,"Peppers, capsicum, green, raw","peppers, capsicum, green, raw stalk and seeds removed",Stalk and seeds removed,DG,50-802,"Reviewed 2013. IFR, The nutritional composition of retail vegetables in the UK, 1984-1987; Vitamin K1 from Bolton-Smith et al Br.J.Nutr. 83, 2000",
15-837,15-837,1,1985,"Peppers, green, stuffed with rice, homemade","peppers, green, stuffed with rice, homemade recipe. green peppers with rice, tomato and raisin stuffing. recipe from review of recipe collection","Recipe. Green peppers with rice, tomato and raisin stuffing. Recipe from review of recipe collection",DR,15-555,Updated 2014,
15-852,15-852,1,1986,"Peppers, green, stuffed with vegetables, cheese topping, homemade","peppers, green, stuffed with vegetables, cheese topping, homemade recipe. green peppers with mixed vegetable stuffing. recipe from a review of recipe collection",Recipe. Green peppers with mixed vegetable stuffing. Recipe from a review of recipe collection,DR,,Updated 2014,
19-632,19-632,1,1987,"Peppers, stuffed with beef, rice and vegetables, homemade","peppers, stuffed with beef, rice and vegetables, homemade recipe",Recipe,MR,19-438,Updated 2014,
15-838,15-838,1,1988,"Pesto sauce, homemade","pesto sauce, homemade recipe. italian dish. basil and parmesan sauce for pasta. recipe from waltham forest college",Recipe. Italian dish. Basil and parmesan sauce for pasta. Recipe from Waltham Forest College,DR,15-557,Updated 2014,
17-622,17-622,1,1989,"Pesto, green","pesto, green 10 samples, 6 products","10 samples, 6 products",WC,,"LGC, Nutrient analysis of pasta and pasta sauces, 2003; and industry data, 2013",
17-623,17-623,1,1990,"Pesto, red","pesto, red 8 samples, 7 products","8 samples, 7 products",WC,,"LGC, Nutrient analysis of pasta and pasta sauces, 2003; and industry data, 2013",
18-383,18-383,1,1991,"Pheasant, meat only, roasted","pheasant, meat only, roasted 10 samples from dressed carcase",10 samples from dressed carcase,MCK,50-454 18-465,"Reviewed 2013. LGC, Poultry and game surveys, 1983-1984",
18-384,18-384,1,1992,"Pheasant, meat only, roasted, weighed with bone","pheasant, meat only, roasted, weighed with bone calculated from 18-383",Calculated from 18-383,MCK,50-455,"Meat, Poultry and Game Supplement, 1995; and RHM, Fatty acids in foods, 1993",
14-207,14-207,1,1993,"Physalis, fruit only","physalis, fruit only literature sources, cape gooseberry","Literature sources, Cape gooseberry",FA,,"Gopalan et al. (1980) Nutritive value of Indian foods, National Insitute of Nutrition, Indian Council of Medical Research",
17-702,17-702,1,1994,Piccalilli,"piccalilli 9 samples, 4 brands; mild, saucy and sweet varieties","9 samples, 4 brands; mild, saucy and sweet varieties",WCN,17-347,"Miscellaneous Foods Supplement, 1994; and industry data, 2013",
17-718,17-718,1,1995,"Pickle, sweet","pickle, sweet 9 samples, 4 brands","9 samples, 4 brands",WCG,17-352,"LFRA, Nutrient analysis of miscellaneous foods, 1992; and industry data, 2013",
11-1024,11-1024,1,1996,"Pie, apple, one crust, homemade","pie, apple, one crust, homemade recipe",Recipe,AS,11-681,Updated 2014,
11-1025,11-1025,1,1997,"Pie, apple, pastry top and bottom, homemade","pie, apple, pastry top and bottom, homemade recipe",Recipe,AS,11-683,Updated 2014,
11-920,11-920,1,1998,"Pie, apple, pastry, double crust, deep filled, retail","pie, apple, pastry, double crust, deep filled, retail 9 samples, 6 products, chilled and frozen","9 samples, 6 products, chilled and frozen",AS,,"ADAS Laboratories, Nutrient analysis of ice creams and desserts, 1999",
11-921,11-921,1,1999,"Pie, apple, pastry, double crust, retail","pie, apple, pastry, double crust, retail 11 samples, 11 products, chilled and frozen","11 samples, 11 products, chilled and frozen",AS,,"ADAS Laboratories, Nutrient analysis of ice creams and desserts, 1999",
11-1026,11-1026,1,2000,"Pie, apple, wholemeal, one crust, homemade","pie, apple, wholemeal, one crust, homemade recipe",Recipe,AS,11-682,Updated 2014,
11-1027,11-1027,1,2001,"Pie, apple, wholemeal, pastry top and bottom, homemade","pie, apple, wholemeal, pastry top and bottom, homemade recipe",Recipe,AS,11-684,Updated 2014,
12-394,12-394,1,2002,"Pie, banoffee","pie, banoffee 10 samples, 6 brands including two mississippi mud pies","10 samples, 6 brands including two Mississippi mud pies",BR,,"Reviewed 2013. ADAS Laboratories, Nutrient analysis of ice creams and desserts, 1999",
18-505,18-505,1,2003,"Pie, beef, puff or shortcrust pastry, family size, retail","pie, beef, puff or shortcrust pastry, family size, retail 8 samples, 8 products, including steak and mushroom and steak and ale","8 samples, 8 products, including steak and mushroom and steak and ale",MR,,"DH, Nutrient analysis of a range of processed foods with particular reference to trans fatty acids, 2013",
18-506,18-506,1,2004,"Pie, beef, puff or shortcrust pastry, individual, retail","pie, beef, puff or shortcrust pastry, individual, retail 9 samples, 9 products, including beef and onion","9 samples, 9 products, including beef and onion",MR,,"DH, Nutrient analysis of a range of processed foods with particular reference to trans fatty acids, 2013",
12-560,12-560,1,2005,"Pie, cheese and potato, homemade","pie, cheese and potato, homemade recipe",Recipe,BV,12-455,Updated 2014,
19-559,19-559,1,2006,"Pie, chicken and mushroom, single crust, homemade","pie, chicken and mushroom, single crust, homemade recipe",Recipe,MR,19-359,Updated 2014,
19-515,19-515,1,2007,"Pie, chicken, individual, baked","pie, chicken, individual, baked 12 samples including chicken, chicken and ham, chicken and mushroom and chicken and vegetable pies. 10.5-25% meat, chilled and frozen","12 samples including chicken, chicken and ham, chicken and mushroom and chicken and vegetable pies. 10.5-25% meat, chilled and frozen",MI,19-055,"LGC, Nutrient analysis of foods important in elderly people, 1994; and industry data, 2013. Phytosterols from 19-288",
19-575,19-575,1,2008,"Pie, Cottage, homemade","pie, cottage, homemade recipe",Recipe,MR,19-391,Updated 2014,
19-494,19-494,1,2009,"Pie, Cottage/Shepherd's, reheated","pie, cottage/shepherd's, reheated 11 samples including beef and lamb, chilled and frozen, 11.5-25% meat","11 samples including beef and lamb, chilled and frozen, 11.5-25% meat",MR,19-216,"LGC, Nutrient analysis of foods important in elderly people, 1994; and industry data, 2013. Vitamin K1 from Bolton-Smith et al Br.J. Nutr.83, 2000",
16-460,16-460,1,2010,"Pie, fish, white fish, homemade","pie, fish, white fish, homemade recipe with cod",Recipe with cod,JR,16-354,Updated 2014,
16-410,16-410,1,2011,"Pie, fish, white fish, retail, baked","pie, fish, white fish, retail, baked 9 samples, 9 products; including pollock, haddock and cod; frozen and chilled","9 samples, 9 products; including pollock, haddock and cod; frozen and chilled",JR,16-295,"DH, Nutrient analysis of fish and fish products, 2013",
11-847,11-847,1,2012,"Pie, fruit, individual, retail","pie, fruit, individual, retail 10 samples, 7 products, including apple, apple and blackcurrant and cherry","10 samples, 7 products, including apple, apple and blackcurrant and cherry",AS,11-547,"DH, Nutrient analysis of biscuits, buns, cakes and pastries, 2011",
11-1007,11-1007,1,2013,"Pie, fruit, one crust, homemade","pie, fruit, one crust, homemade recipe. apple, gooseberry, plum, rhubarb","Recipe. Apple, gooseberry, plum, rhubarb",AS,11-596,Updated 2013,
11-1073,11-1073,1,2014,"Pie, fruit, pastry top and bottom, blackcurrant, homemade","pie, fruit, pastry top and bottom, blackcurrant, homemade recipe. ref. wiles et al. (1980)",Recipe. Ref. Wiles et al. (1980),AS,11-598,Updated 2014,
11-1008,11-1008,1,2015,"Pie, fruit, pastry top and bottom, homemade","pie, fruit, pastry top and bottom, homemade recipe. apple, gooseberry, plum, rhubarb. ref. wiles et al. (1980)","Recipe. Apple, gooseberry, plum, rhubarb. Ref. Wiles et al. (1980)",AS,11-597,Updated 2013,
11-1075,11-1075,1,2016,"Pie, fruit, wholemeal, one crust, homemade","pie, fruit, wholemeal, one crust, homemade recipe. ref. wiles et al. (1980). apple, gooseberry, plum, rhubarb","Recipe. Ref. Wiles et al. (1980). Apple, gooseberry, plum, rhubarb",AS,11-599,Updated 2014,
11-1074,11-1074,1,2017,"Pie, fruit, wholemeal, pastry top and bottom, blackcurrant, homemade","pie, fruit, wholemeal, pastry top and bottom, blackcurrant, homemade recipe",Recipe,AS,11-687,Updated 2014,
11-1076,11-1076,1,2018,"Pie, fruit, wholemeal, pastry top and bottom, homemade","pie, fruit, wholemeal, pastry top and bottom, homemade recipe. ref. wiles et al. (1980). apple, gooseberry, plum, rhubarb","Recipe. Ref. Wiles et al. (1980). Apple, gooseberry, plum, rhubarb",AS,11-600,Updated 2014,
11-1077,11-1077,1,2019,"Pie, fruit, wholemeal, with pie filling, homemade","pie, fruit, wholemeal, with pie filling, homemade recipe",Recipe,AS,11-704,Updated 2014,
11-1078,11-1078,1,2020,"Pie, fruit, with pie filling, homemade","pie, fruit, with pie filling, homemade recipe",recipe,AS,11-703,Updated 2014,
19-058,19-058,1,2021,"Pie, game, homemade","pie, game, homemade recipe",Recipe,MI,,"As Meat Products and Dishes Supplement, 1996.",
11-548,11-548,1,2022,"Pie, lemon meringue, retail","pie, lemon meringue, retail 8 samples, 4 brands. fresh and frozen","8 samples, 4 brands. Fresh and frozen",AS,11-316 50-161,"ADAS Laboratories, Nutrient analysis of ice creams and desserts, 1999",
15-816,15-816,1,2023,"Pie, lentil and cheese, homemade","pie, lentil and cheese, homemade recipe from dietary survey records",recipe from dietary survey records,DR,15-537,Updated 2014,
15-839,15-839,1,2024,"Pie, Quorn and vegetable","pie, quorn and vegetable recipe from marlow foods ltd",Recipe from Marlow Foods Ltd,DR,15-558,Updated 2014,
15-840,15-840,1,2025,"Pie, spinach, homemade","pie, spinach, homemade recipe. greek dish. spinach, leek, feta cheese and egg pie. recipe from a personal collection","Recipe. Greek dish. Spinach, leek, feta cheese and egg pie. Recipe from a personal collection",DR,15-559,Updated 2014,
19-629,19-629,1,2026,"Pie, steak and kidney, double crust, homemade","pie, steak and kidney, double crust, homemade recipe",Recipe,MR,19-363,Updated 2014,
19-557,19-557,1,2027,"Pie, steak and kidney, single crust, homemade","pie, steak and kidney, single crust, homemade recipe",Recipe,MI,19-329,Updated 2013,
19-639,19-639,1,2028,"Pie, turkey, single crust, homemade","pie, turkey, single crust, homemade recipe",Recipe,MR,19-365,Updated 2014,
15-647,15-647,1,2029,"Pie, vegetable, homemade","pie, vegetable, homemade recipe from review of recipe collection",Recipe from review of recipe collection,DR,15-379,Updated 2013,
15-841,15-841,1,2030,"Pie, vegetable, wholemeal, homemade","pie, vegetable, wholemeal, homemade recipe from review of recipe collection",Recipe from review of recipe collection,DR,15-560,Updated 2014,
18-385,18-385,1,2031,"Pigeon, meat only, roasted","pigeon, meat only, roasted 10 samples, meat from dressed carcase","10 samples, meat from dressed carcase",MCM,50-456,"LGC, Poultry and game surveys, 1983-1984",
18-386,18-386,1,2032,"Pigeon, meat only, roasted, weighed with bone","pigeon, meat only, roasted, weighed with bone calculated from 18-385",Calculated from 18-385,MCM,50-457,"LGC, Poultry and game surveys, 1983-1984",
15-842,15-842,1,2033,"Pilaf, rice with spinach, homemade","pilaf, rice with spinach, homemade greek dish. recipe from a personal collection",Greek dish. Recipe from a personal collection,DR,15-561,Updated 2014,
15-843,15-843,1,2034,"Pilaf, rice with tomato, homemade","pilaf, rice with tomato, homemade recipe, greek dish. recipe from a personal collection","Recipe, Greek dish. Recipe from a personal collection",DR,15-616,Updated 2014,
15-845,15-845,1,2035,"Pilau, egg and potato, brown rice, homemade","pilau, egg and potato, brown rice, homemade recipe. rice-based dish. recipe from review of recipe collection",Recipe. Rice-based dish. Recipe from review of recipe collection,DR,15-563,Updated 2014,
15-844,15-844,1,2036,"Pilau, egg and potato, homemade","pilau, egg and potato, homemade recipe. rice-based dish. recipe from review of recipe collection",Recipe. Rice-based dish. Recipe from review of recipe collection,DR,15-562,Updated 2014,
15-846,15-846,1,2037,"Pilau, mushroom, homemade","pilau, mushroom, homemade recipe. rice-based dish. recipe from a personal collection",Recipe. Rice-based dish. Recipe from a personal collection,DR,15-564,Updated 2014,
16-461,16-461,1,2038,"Pilau, prawn, homemade","pilau, prawn, homemade recipe",Recipe,JR,16-355,Updated 2014,
12-472,12-472,1,2039,"Pilau, vegetable, homemade","pilau, vegetable, homemade 6 samples, containing vegetables","6 samples, containing vegetables",DR,,"University of Leeds, Nutritional analysis of commonly consumed South Asian foods in the UK, 2007",
14-839,14-839,1,2040,"Pine nuts, kernel only","pine nuts, kernel only 20 samples, pine kernels","20 samples, pine kernels",GA,50-992,"Reviewed 2013. LGC, Savoury snacks and nuts, 1989-1991",
14-286,14-286,1,2041,"Pineapple juice, unsweetened","pineapple juice, unsweetened 18 samples, cartons only","18 samples, cartons only",PE,50-1092,"Reviewed 2013. LGC, The nutritional composition of fruit juice, 1984",
14-211,14-211,1,2042,"Pineapple, canned in juice, whole contents","pineapple, canned in juice, whole contents 10 samples, 10 brands; cubes and slices. drained proportion = 0.54","10 samples, 10 brands; cubes and slices. Drained proportion = 0.54",FA,50-948,"Reviewed 2013. LGC, Nutritional composition of fruit products, 1985-1986",
14-212,14-212,1,2043,"Pineapple, canned in syrup, whole contents","pineapple, canned in syrup, whole contents 10 samples, 10 brands; cubes and slices. drained proportion = 0.56","10 samples, 10 brands; cubes and slices. Drained proportion = 0.56",FA,50-949,"Reviewed 2013. LGC, Nutritional composition of fruit products, 1985-1986",
14-396,14-396,1,2044,"Pineapple, dried","pineapple, dried calculated from 14-376",Calculated from 14-376,FA,14-210,"PHE, Nutrient analysis of fresh and processed fruit and vegetables with respect to fibre, 2017",
14-376,14-376,1,2045,"Pineapple, flesh only, raw","pineapple, flesh only, raw 11 samples, imported, whole and prepacked chunks","11 samples, imported, whole and prepacked chunks",FA,14-208,"PHE, Nutrient analysis of fresh and processed fruit and vegetables with respect to fibre, 2017",
14-377,14-377,1,2046,"Pineapple, flesh only, raw, weighed with skin and top","pineapple, flesh only, raw, weighed with skin and top calculated from 14-376",Calculated from 14-376,FA,14-209,"PHE, Nutrient analysis of fresh and processed fruit and vegetables with respect to fibre, 2017",
11-1105,11-1105,1,2047,"Pinni, homemade","pinni, homemade asian sweetmeat, recipe","Asian Sweetmeat, Recipe",AP,11-668,Updated 2014,
14-840,14-840,1,2048,"Pistachio nuts, kernel only, roasted and salted","pistachio nuts, kernel only, roasted and salted 10 samples",10 samples,GA,,"Reviewed 2013. LGC, Savoury snacks and nuts, 1989-1991",
14-841,14-841,1,2049,"Pistachio nuts, kernel only, roasted and salted, weighed with shells","pistachio nuts, kernel only, roasted and salted, weighed with shells calculated from 14-840",Calculated from 14-840,GA,50-993,"LGC, Savoury snacks and nuts, 1989-1991",
11-1016,11-1016,1,2050,"Pizza base, raw","pizza base, raw average of ambient and chilled, 12 brands","Average of ambient and chilled, 12 brands",AE,11-552,"RHM, Nutrient analysis of pizzas, 1995; and industry data, 2013",
11-936,11-936,1,2051,"Pizza, cheese and tomato, retail","pizza, cheese and tomato, retail 11 samples, 10 products, frozen and chilled, all bases, not stuffed crust","11 samples, 10 products, frozen and chilled, all bases, not stuffed crust",A,11-553,"DH, Nutrient analysis of a range of processed foods with particular reference to trans fatty acids, 2013",
11-1012,11-1012,1,2052,"Pizza, chicken topped, retail","pizza, chicken topped, retail 9 samples, 4 brands, includes thin base and deep pan, chilled","9 samples, 4 brands, includes thin base and deep pan, chilled",AE,11-559,"RHM, Nutrient analysis of pizzas, 1995; and industry data, 2013",
11-1011,11-1011,1,2053,"Pizza, fish topped, takeaway","pizza, fish topped, takeaway 18 samples, 8 brands, prawn and tuna toppings, includes thin base and deep pan","18 samples, 8 brands, prawn and tuna toppings, includes thin base and deep pan",AE,11-560,"RHM, Nutrient analysis of pizzas, 1995; and industry data, 2013; fatty acids from FA supplement 11-430",
11-1013,11-1013,1,2054,"Pizza, ham and pineapple, retail","pizza, ham and pineapple, retail 10 samples, 5 brands, includes thin base and deep pan","10 samples, 5 brands, includes thin base and deep pan",AE,11-558,"RHM, Nutrient analysis of pizzas, 1995; and industry data, 2013",
11-1015,11-1015,1,2055,"Pizza, meat topped, retail and takeaway","pizza, meat topped, retail and takeaway 39 samples including pepperoni, spicy beef, spicy pork. includes frozen, chilled and takeaway, thin base and deep pan","39 samples including pepperoni, spicy beef, spicy pork. Includes frozen, chilled and takeaway, thin base and deep pan",AE,11-556,"RHM, Nutrient analysis of pizzas, 1995; and industry data, 2013. Fatty acids calculated on fat proportion basis from FA supplement (1998) 11-432",
15-255,15-255,1,2056,"Pizza, tomato, homemade","pizza, tomato, homemade recipe from review of recipe collection",Recipe from review of recipe collection,DR,,As Vegetable Dishes Supplement 1992,
11-1014,11-1014,1,2057,"Pizza, vegetarian, retail and takeaway","pizza, vegetarian, retail and takeaway 30 samples, 7 brands, includes chilled and takeaway, thin base and deep pan","30 samples, 7 brands, includes chilled and takeaway, thin base and deep pan",AE,11-557,"RHM, Nutrient analysis of pizzas, 1995; and industry data, 2013",
16-434,16-434,1,2058,"Plaice, flesh only, baked","plaice, flesh only, baked frozen and chilled. calculated from raw 16-381 using 22.8% weight loss",Frozen and chilled. Calculated from raw 16-381 using 22.8% weight loss,JA,,"DH, Nutrient analysis of fish and fish products, 2013",
16-381,16-381,1,2059,"Plaice, flesh only, raw","plaice, flesh only, raw 10 samples, 9 products, frozen and chilled","10 samples, 9 products, frozen and chilled",JA,16-105 16-102,"DH, Nutrient analysis of fish and fish products, 2013",
16-435,16-435,1,2060,"Plaice, flesh only, steamed","plaice, flesh only, steamed calculated from 16-381 using 15.9% weight loss",Calculated from 16-381 using 15.9% weight loss,JA,16-108,"DH, Nutrient analysis of fish and fish products, 2013",
16-480,16-480,1,2061,"Plaice, flesh only, steamed, fillets weighed with bones and skin","plaice, flesh only, steamed, fillets weighed with bones and skin calculated from 16-435 using edible conversion factor of 0.74",Calculated from 16-435 using edible conversion factor of 0.74,JA,16-109,"DH, Nutrient analysis of fish and fish products, 2013",
16-498,16-498,1,2062,"Plaice, in batter, fried in blended oil","plaice, in batter, fried in blended oil samples as fried in retail blend oil 16-112, fatty acids calculated.","Samples as fried in retail blend oil 16-112, fatty acids calculated.",JA,16-110,"Reviewed 2014. Fish and Fish Products Supplement, 1993; with estimates from 19-368 and 16-403",
16-499,16-499,1,2063,"Plaice, in batter, fried in retail blend oil","plaice, in batter, fried in retail blend oil 20 samples purchased from fish and chip shops, fatty acids calculated.","20 samples purchased from fish and chip shops, fatty acids calculated.",JA,16-112,"Reviewed 2014. Fish and Fish Products Supplement, 1993; with estimates from 19-368 and 16-403",
16-500,16-500,1,2064,"Plaice, in batter, fried in sunflower oil","plaice, in batter, fried in sunflower oil samples as fried in retail blend oil, fatty acids calculated.","Samples as fried in retail blend oil, fatty acids calculated.",JA,16-113,"Reviewed 2014. Fish and Fish Products Supplement, 1993; with estimates from 19-368 and 16-403",
16-403,16-403,1,2065,"Plaice, in breadcrumbs, baked","plaice, in breadcrumbs, baked 6 samples, 6 products, frozen and chilled","6 samples, 6 products, frozen and chilled",JA,,"DH, Nutrient analysis of fish and fish products, 2013",
13-324,13-324,1,2066,"Plantain, boiled in unsalted water, flesh only","plantain, boiled in unsalted water, flesh only 10 samples. flesh only; boiled 30 minutes. and literature sources",10 samples. Flesh only; boiled 30 minutes. And literature sources,DG,50-807,"Reviewed 2013. Vegetables, Herbs and Spices Supplement, 1991; and literature sources. Vitamin K1 from Bolton-Smith et al Br.J.Nutr. 83, 2000",
13-323,13-323,1,2067,"Plantain, green flesh, raw","plantain, green flesh, raw literature sources.",Literature sources.,DG,50-806,"As Vegetables, Herbs and Spices Supplement (1991) 13-323",
13-569,13-569,1,2068,"Plantain, ripe, fried in rapeseed oil","plantain, ripe, fried in rapeseed oil 8 samples. most unspecified vegetable oils are made from rapeseed oil",8 samples. Most unspecified vegetable oils are made from rapeseed oil,DG,13-325,"Vegetables, Herbs and Spices Supplement, 1991. Vitamin K1 from Bolton-Smith et al Br.J.Nutr. 83, 2000.",
14-316,14-316,1,2069,"Plums, average, flesh and skin, stewed with sugar, weighed with stones","plums, average, flesh and skin, stewed with sugar, weighed with stones calculated from 14-314",Calculated from 14-314,FA,14-216 50-952,"LGC, Nutritional composition of fresh fruit, 1985-1986",
14-315,14-315,1,2070,"Plums, average, flesh and skin, stewed without sugar","plums, average, flesh and skin, stewed without sugar 500g fruit, 100g water; stones removed","500g fruit, 100g water; stones removed",FA,14-217,"LGC, Nutritional composition of fresh fruit, 1985-1986",
14-317,14-317,1,2071,"Plums, average, flesh and skin, stewed without sugar, weighed with stones","plums, average, flesh and skin, stewed without sugar, weighed with stones calculated from 14-315",Calculated from 14-315,FA,14-218 50-953,"LGC, Nutritional composition of fresh fruit, 1985-1986",
14-314,14-314,1,2072,"Plums, average, stewed with sugar, flesh and skin","plums, average, stewed with sugar, flesh and skin 1350g fruit, 100g water, 162g sugar; stones removed","1350g fruit, 100g water, 162g sugar; stones removed",FA,14-215,"LGC, Nutritional composition of fresh fruit, 1985-1986",
14-372,14-372,1,2073,"Plums, dessert, flesh and skin, raw","plums, dessert, flesh and skin, raw 11 samples, mixture of uk and imported, including red, purple and yellow","11 samples, mixture of UK and imported, including red, purple and yellow",FA,14-300,"PHE, Nutrient analysis of fresh and processed fruit and vegetables with respect to fibre, 2017",
14-374,14-374,1,2074,"Plums, dessert, flesh and skin, raw, weighed with stones","plums, dessert, flesh and skin, raw, weighed with stones calculated from 14-372",Calculated from 14-372,FA,14-313,"PHE, Nutrient analysis of fresh and processed fruit and vegetables with respect to fibre, 2017",
14-220,14-220,1,2075,"Plums, Victoria, flesh and skin, raw","plums, victoria, flesh and skin, raw flesh and skin",Flesh and skin,FA,,"LGC, Nutritional composition of fresh fruit, 1985-1986",
14-221,14-221,1,2076,"Plums, Victoria, flesh and skin, raw, weighed with stones","plums, victoria, flesh and skin, raw, weighed with stones calculated from 14-220",Calculated from 14-220,FA,,"LGC, Nutritional composition of fresh fruit, 1985-1986",
14-222,14-222,1,2077,"Plums, Victoria, stewed without sugar","plums, victoria, stewed without sugar 700g fruit, 100g water; stones removed","700g fruit, 100g water; stones removed",FA,,"LGC, Nutritional composition of fresh fruit, 1985-1986",
14-223,14-223,1,2078,"Plums, Victoria, stewed without sugar, weighed with stones","plums, victoria, stewed without sugar, weighed with stones calculated from 14-222",Calculated from 14-222,FA,,"LGC, Nutritional composition of fresh fruit, 1985-1986",
14-224,14-224,1,2079,"Plums, yellow, flesh and skin, raw","plums, yellow, flesh and skin, raw literature sources;",Literature sources;,FA,,"Cashel et al. (1989) Compositon of Foods, Australia. Volume 1",
14-225,14-225,1,2080,"Plums, yellow, flesh and skin, raw, weighed with stones","plums, yellow, flesh and skin, raw, weighed with stones calculated from 14-224",Calculated from 14-224,FA,,"Fruit and Nuts Supplement, 1992",
11-905,11-905,1,2081,"Polenta, hydrated, raw","polenta, hydrated, raw 4 samples, 2 products, corn based","4 samples, 2 products, corn based",AT,,"LGC, Nutrient survey of flours and grains, 2005",
16-436,16-436,1,2082,"Pollock, Alaskan, flesh only, baked","pollock, alaskan, flesh only, baked frozen and chilled, calculated from raw 16-378 using 41.8% weight loss","Frozen and chilled, calculated from raw 16-378 using 41.8% weight loss",JA,,"DH, Nutrient analysis of fish and fish products, 2013",
16-378,16-378,1,2083,"Pollock, Alaskan, flesh only, raw","pollock, alaskan, flesh only, raw 9 samples, 8 products, frozen and chilled","9 samples, 8 products, frozen and chilled",JA,16-123,"DH, Nutrient analysis of fish and fish products, 2013",
16-437,16-437,1,2084,"Pollock, Alaskan, flesh only, steamed","pollock, alaskan, flesh only, steamed calculated from 16-378 using 40% weight loss",Calculated from 16-378 using 40% weight loss,JA,,"DH, Nutrient analysis of fish and fish products, 2013",
14-341,14-341,1,2085,Pomegranate juice drink,pomegranate juice drink with added sugar,with added sugar,FC,14-288,"MW1, 1940; and industry data, 2013",
14-226,14-226,1,2086,"Pomegranate, flesh and pips","pomegranate, flesh and pips analysis and literature sources;",Analysis and literature sources;,FA,,"Reviewed 2013. Fruit and Nuts Supplement, 1992",
14-227,14-227,1,2087,"Pomegranate, flesh and pips, weighed with skin","pomegranate, flesh and pips, weighed with skin calculated from 14-226",Calculated from 14-226,FA,,"Fruit and Nuts Supplement, 1992",
14-228,14-228,1,2088,"Pomelo, flesh only","pomelo, flesh only literature sources;",Literature sources;,FA,,"Fruit and Nuts Supplement, 1992",
14-229,14-229,1,2089,"Pomelo, flesh only, weighed with peel and pips","pomelo, flesh only, weighed with peel and pips calculated from 14-228",Calculated from 14-228,FA,,"Fruit and Nuts Supplement, 1992",
16-124,16-124,1,2090,"Pomfret, black, raw","pomfret, black, raw literature sources",Literature sources,JA,,"Gopalan et al (1980) Nutritive value of Indian foods, and Wu Leung et al (1972) Food composition table for use in East Asia",
16-125,16-125,1,2091,"Pomfret, white, raw","pomfret, white, raw literature sources",Literature sources,JA,,"Fish and Fish Products Supplement, 1993",
17-691,17-691,1,2092,"Popcorn, candied","popcorn, candied estimated from 2013 label data",Estimated from 2013 label data,SN,17-130,"Industry data, 2013",
17-692,17-692,1,2093,"Popcorn, salted, retail","popcorn, salted, retail estimated from label data",Estimated from label data,SN,17-131,"Industry data, 2013",
13-849,13-849,1,2094,Poppy seeds,poppy seeds literature sources,Literature sources,G,14-866,"As Vegetables, Herbs and Spices Supplement, 1991 (13-849) with fats and fatty acids from Fatty Acid Supplement, 1998 (14-866)",
19-665,19-665,1,2095,"Pork chops in mustard and cream, homemade","pork chops in mustard and cream, homemade recipe",Recipe,MR,19-616,Updated 2020,
19-666,19-666,1,2096,"Pork chops in mustard and cream, homemade, weighed with bone","pork chops in mustard and cream, homemade, weighed with bone recipe",Recipe,MR,19-617,Updated 2020,
19-467,19-467,1,2097,"Pork pie, individual","pork pie, individual 10 samples, 10 products","10 samples, 10 products",MR,,"DH, Nutrient analysis of a range of processed foods with particular reference to trans fatty acids, 2013",
17-132,17-132,1,2098,Pork scratchings,"pork scratchings 19 samples, 4 brands","19 samples, 4 brands",SN,17-477,"Reviewed 2013. LGC, Survey of the nutritional composition of savoury snacks and nuts, 1993; fatty acids from Fatty Acid Supplement, 1998",
18-555,18-555,1,2099,"Pork, belly joint, roasted, lean and fat","pork, belly joint, roasted, lean and fat 10 samples, 65% lean and 35% fat","10 samples, 65% lean and 35% fat",MAG,243 18-208,"LGC, Nutrient analysis of retail cuts of pork, 1992-1993",
18-556,18-556,1,2100,"Pork, belly joint/slices, grilled, lean and fat","pork, belly joint/slices, grilled, lean and fat 25 samples, 58% lean and 42% fat","25 samples, 58% lean and 42% fat",MAG,50-418 18-209,"Reviewed 2013. LGC, Nutrient analysis of retail cuts of pork, 1992-1993",
18-557,18-557,1,2101,"Pork, belly joint/slices, raw, lean and fat","pork, belly joint/slices, raw, lean and fat 12 samples",12 samples,MAG,18-206,"LGC, Nutrient analysis of retail cuts of pork, 1992-1993",
18-558,18-558,1,2102,"Pork, belly joint/slices, raw, lean and fat, weighed with bone","pork, belly joint/slices, raw, lean and fat, weighed with bone calculated from 18-557",Calculated from 18-557,MAG,50-417 18-207,"LGC, Nutrient analysis of retail cuts of pork, 1992-1993",
18-216,18-216,1,2103,"Pork, crackling, cooked","pork, crackling, cooked from various cuts of pork, grilled and roasted","From various cuts of pork, grilled and roasted",MAG,,"LGC, Nutrient analysis of retail cuts of pork, 1992-1993",
18-527,18-527,1,2104,"Pork, diced, casseroled, lean","pork, diced, casseroled, lean extra lean types. calculated from 18-512",Extra lean types. Calculated from 18-512,MAG,18-482,"QIB, Report on nutrient analysis of key cuts of pork, 2020",
18-528,18-528,1,2105,"Pork, diced, casseroled, lean and fat","pork, diced, casseroled, lean and fat extra lean types. calculated from 98% lean and 2% fat",Extra lean types. Calculated from 98% lean and 2% fat,MAG,18-220,"QIB, Report on nutrient analysis of key cuts of pork, 2020",
18-540,18-540,1,2106,"Pork, diced, kebabs, grilled, lean","pork, diced, kebabs, grilled, lean extra lean types. calculated from 18-529",Extra lean types. Calculated from 18-529,MAG,18-221,"QIB, Report on nutrient analysis of key cuts of pork, 2020",
18-541,18-541,1,2107,"Pork, diced, kebabs, grilled, lean and fat","pork, diced, kebabs, grilled, lean and fat extra lean types. calculated from 98% lean and 2% fat",Extra lean types. Calculated from 98% lean and 2% fat,MAG,18-222,"QIB, Report on nutrient analysis of key cuts of pork, 2020",
18-529,18-529,1,2108,"Pork, diced, raw, lean","pork, diced, raw, lean extra lean types. data as for pork leg (18-512)",Extra lean types. Data as for pork leg (18-512),MAG,18-217,"QIB, Report on nutrient analysis of key cuts of pork, 2020",
18-530,18-530,1,2109,"Pork, diced, raw, lean and fat","pork, diced, raw, lean and fat extra lean types. calculated from 98% lean and 2% fat",Extra lean types. Calculated from 98% lean and 2% fat,MAG,18-218,"QIB, Report on nutrient analysis of key cuts of pork, 2020",
18-559,18-559,1,2110,"Pork, fat, average, cooked","pork, fat, average, cooked average of 5 different cuts, including roasted, grilled, fried in corn oil and braised","Average of 5 different cuts, including roasted, grilled, fried in corn oil and braised",MAG,50-415 18-415 18-205,"Reviewed 2013. LGC, Nutrient analysis of retail cuts of pork, 1992-1993; vitamin K1 from Bolton-Smith et al Br.J. Nutr.83, 2000",
18-600,18-600,1,2111,"Pork, fat, average, raw","pork, fat, average, raw average of 8 different cuts, trimmed of lean","Average of 8 different cuts, trimmed of lean",MAG,50-414 18-436 18-203,"Reviewed 2013. LGC, Nutrient analysis of retail cuts of pork, 1992-1993; vitamin K1 from Bolton-Smith et al Br.J. Nutr.83, 2000",
18-531,18-531,1,2112,"Pork, fillet medallions, grilled lean","pork, fillet medallions, grilled lean calculated from 18-510",Calculated from 18-510,MAG,18-226,"QIB, Report on nutrient analysis of key cuts of pork, 2020",
18-532,18-532,1,2113,"Pork, fillet medallions, grilled, lean and fat","pork, fillet medallions, grilled, lean and fat calculated from 98% lean and 2% fat",Calculated from 98% lean and 2% fat,MAG,18-227,"QIB, Report on nutrient analysis of key cuts of pork, 2020",
18-510,18-510,1,2114,"Pork, fillet medallions, raw, lean","pork, fillet medallions, raw, lean 10 samples, 6 products, chilled","10 samples, 6 products, chilled",MAG,,"QIB, Report on nutrient analysis of key cuts of pork, 2020",
18-511,18-511,1,2115,"Pork, fillet medallions, raw, lean and fat","pork, fillet medallions, raw, lean and fat calculated from 98% lean and 2% fat. no fat removed.",Calculated from 98% lean and 2% fat. No fat removed.,MAG,18-225,"QIB, Report on nutrient analysis of key cuts of pork, 2020",
18-533,18-533,1,2116,"Pork, fillet strips, stir-fried in rapeseed oil, lean","pork, fillet strips, stir-fried in rapeseed oil, lean calculated from 18-510",Calculated from 18-510,MAG,18-228,"QIB, Report on nutrient analysis of key cuts of pork, 2020",
18-601,18-601,1,2117,"Pork, hand, shoulder joint, raw, lean","pork, hand, shoulder joint, raw, lean 10 samples",10 samples,MAG,18-229,"LGC, Nutrient analysis of retail cuts of pork, 1992-1993",
18-602,18-602,1,2118,"Pork, hand, shoulder joint, raw, lean and fat","pork, hand, shoulder joint, raw, lean and fat calculated from 73% lean and 26% fat",Calculated from 73% lean and 26% fat,MAG,18-230,"LGC, Nutrient analysis of retail cuts of pork, 1992-1993",
18-603,18-603,1,2119,"Pork, hand, shoulder joint, roasted, lean","pork, hand, shoulder joint, roasted, lean 10 samples",10 samples,MAG,18-233,"LGC, Nutrient analysis of retail cuts of pork, 1992-1993",
18-604,18-604,1,2120,"Pork, hand, shoulder joint, roasted, lean and fat","pork, hand, shoulder joint, roasted, lean and fat calculated from 71% lean and 27% fat",Calculated from 71% lean and 27% fat,MAG,18-234,"LGC, Nutrient analysis of retail cuts of pork, 1992-1993",
18-608,18-608,1,2121,"Pork, lean, average, raw","pork, lean, average, raw average of 6 different cuts, trimmed of fat","Average of 6 different cuts, trimmed of fat",MAG,18-201,"QIB, Report on nutrient analysis of key cuts of pork, 2020 and LGC, Nutrient analysis of retail cuts of pork, 1992-1993",
18-512,18-512,1,2122,"Pork, leg joint, raw, lean","pork, leg joint, raw, lean 11 samples, 11 products, chilled","11 samples, 11 products, chilled",MAG,18-235,"QIB, Report on nutrient analysis of key cuts of pork, 2020",
18-514,18-514,1,2123,"Pork, leg joint, raw, lean and fat","pork, leg joint, raw, lean and fat calculated from 81% lean and 19% fat. no fat removed, not including skin.","Calculated from 81% lean and 19% fat. No fat removed, not including skin.",MAG,18-483,"QIB, Report on nutrient analysis of key cuts of pork, 2020",
18-513,18-513,1,2124,"Pork, leg joint, raw, lean and fat, trimmed","pork, leg joint, raw, lean and fat, trimmed calculated from 96% lean and 4% fat. subcutaneous fat and skin removed.",Calculated from 96% lean and 4% fat. Subcutaneous fat and skin removed.,MAG,,"QIB, Report on nutrient analysis of key cuts of pork, 2020",
18-517,18-517,1,2125,"Pork, leg joint, roasted, lean and fat","pork, leg joint, roasted, lean and fat calculated from 81% lean and 19% fat. no fat removed, not including crackling.","Calculated from 81% lean and 19% fat. No fat removed, not including crackling.",MAG,18-485,"QIB, Report on nutrient analysis of key cuts of pork, 2020",
18-516,18-516,1,2126,"Pork, leg joint, roasted, lean and fat, trimmed","pork, leg joint, roasted, lean and fat, trimmed calculated from 96% lean and 4% fat. subcutaneous fat and crackling removed",Calculated from 96% lean and 4% fat. Subcutaneous fat and crackling removed,MAG,,"QIB, Report on nutrient analysis of key cuts of pork, 2020",
18-515,18-515,1,2127,"Pork, leg joint, roasted, lean","pork, leg joint, roasted, lean 11 samples, 11 products, chilled. roasted medium","11 samples, 11 products, chilled. Roasted medium",MAG,18-484,"QIB, Report on nutrient analysis of key cuts of pork, 2020",
18-534,18-534,1,2128,"Pork, loin chops, grilled, lean","pork, loin chops, grilled, lean data as for pork loin steak (18-524)",Data as for pork loin steak (18-524),MAG,18-251,"QIB, Report on nutrient analysis of key cuts of pork, 2020",
18-535,18-535,1,2129,"Pork, loin chops, grilled, lean and fat","pork, loin chops, grilled, lean and fat calculated from 89% lean and 11% fat",Calculated from 89% lean and 11% fat,MAG,18-252,"QIB, Report on nutrient analysis of key cuts of pork, 2020",
18-536,18-536,1,2130,"Pork, loin chops, raw, lean and fat","pork, loin chops, raw, lean and fat calculated from 83% lean and 17% fat",Calculated from 83% lean and 17% fat,MAG,18-246,"QIB, Report on nutrient analysis of key cuts of pork, 2020",
18-537,18-537,1,2131,"Pork, loin chops, raw, lean and fat, weighed with bone","pork, loin chops, raw, lean and fat, weighed with bone calculated from 18-536",Calculated from 18-536,MAG,18-247,"QIB, Report on nutrient analysis of key cuts of pork, 2020",
18-613,18-613,1,2132,"Pork, loin chops, roasted, lean","pork, loin chops, roasted, lean calculated from 18-521",Calculated from 18-521,MAG,18-255,"QIB, Report on nutrient analysis of key cuts of pork, 2020",
18-610,18-610,1,2133,"Pork, loin chops, roasted, lean and fat","pork, loin chops, roasted, lean and fat calculated from 87% lean and 13% fat",Calculated from 87% lean and 13% fat,MAG,18-256,"QIB, Report on nutrient analysis of key cuts of pork, 2020",
18-611,18-611,1,2134,"Pork, loin chops, roasted, lean and fat, weighed with bone","pork, loin chops, roasted, lean and fat, weighed with bone calculated from 18-610",Calculated from 18-610,MAG,18-257,"QIB, Report on nutrient analysis of key cuts of pork, 2020",
18-518,18-518,1,2135,"Pork, loin medallions, raw, lean","pork, loin medallions, raw, lean 10 samples, 8 products, chilled","10 samples, 8 products, chilled",MAG,,"QIB, Report on nutrient analysis of key cuts of pork, 2020",
18-519,18-519,1,2136,"Pork, loin medallions, raw, lean and fat","pork, loin medallions, raw, lean and fat calculated from 94% lean and 6% fat. no fat removed.",Calculated from 94% lean and 6% fat. No fat removed.,MAG,,"QIB, Report on nutrient analysis of key cuts of pork, 2020",
18-520,18-520,1,2137,"Pork, loin medallions, raw, lean and fat, trimmed","pork, loin medallions, raw, lean and fat, trimmed calculated from 98% lean and 2% fat. subcutaneous fat removed.",Calculated from 98% lean and 2% fat. Subcutaneous fat removed.,MAG,,"QIB, Report on nutrient analysis of key cuts of pork, 2020",
18-538,18-538,1,2138,"Pork, loin steaks, fried in rapeseed oil, lean","pork, loin steaks, fried in rapeseed oil, lean calculated from 18-521",Calculated from 18-521,MAG,18-265,"QIB, Report on nutrient analysis of key cuts of pork, 2020",
18-539,18-539,1,2139,"Pork, loin steaks, fried in rapeseed oil, lean and fat","pork, loin steaks, fried in rapeseed oil, lean and fat calculated from 86% lean and 14% fat",Calculated from 86% lean and 14% fat,MAG,18-266,"QIB, Report on nutrient analysis of key cuts of pork, 2020",
18-524,18-524,1,2140,"Pork, loin steaks, grilled, lean","pork, loin steaks, grilled, lean 11 samples, 11 products, chilled","11 samples, 11 products, chilled",MAG,18-285,"QIB, Report on nutrient analysis of key cuts of pork, 2020",
18-526,18-526,1,2141,"Pork, loin steaks, grilled, lean and fat","pork, loin steaks, grilled, lean and fat calculated from 86% lean and 14% fat. no fat removed, not including crackling.","Calculated from 86% lean and 14% fat. No fat removed, not including crackling.",MAG,18-286,"QIB, Report on nutrient analysis of key cuts of pork, 2020",
18-525,18-525,1,2142,"Pork, loin steaks, grilled, lean and fat, trimmed","pork, loin steaks, grilled, lean and fat, trimmed calculated from 96% lean and 4% fat. subcutaneous fat and crackling removed.",Calculated from 96% lean and 4% fat. Subcutaneous fat and crackling removed.,MAG,,"QIB, Report on nutrient analysis of key cuts of pork, 2020",
18-521,18-521,1,2143,"Pork, loin steaks, raw, lean","pork, loin steaks, raw, lean 11 samples, 11 products, chilled","11 samples, 11 products, chilled",MAG,18-283,"QIB, Report on nutrient analysis of key cuts of pork, 2020",
18-522,18-522,1,2144,"Pork, loin steaks, raw, lean and fat","pork, loin steaks, raw, lean and fat calculated from 84% lean and 16% fat. no fat removed, not including skin.","Calculated from 84% lean and 16% fat. No fat removed, not including skin.",MAG,18-284 18-264,"QIB, Report on nutrient analysis of key cuts of pork, 2020",
18-523,18-523,1,2145,"Pork, loin steaks, raw, lean and fat, trimmed","pork, loin steaks, raw, lean and fat, trimmed calculated from 94% lean and 6% fat. subcutaneous fat and skin removed.",Calculated from 94% lean and 6% fat. Subcutaneous fat and skin removed.,MAG,,"QIB, Report on nutrient analysis of key cuts of pork, 2020",
18-605,18-605,1,2146,"Pork, loin steaks, stewed, lean","pork, loin steaks, stewed, lean calculated from 18-521",Calculated from 18-521,MAG,18-287,"QIB, Report on nutrient analysis of key cuts of pork, 2020",
18-612,18-612,1,2147,"Pork, loin steaks, stewed, lean and fat","pork, loin steaks, stewed, lean and fat calculated from 87% lean and 13% fat",Calculated from 87% lean and 13% fat,MAG,18-288,"QIB, Report on nutrient analysis of key cuts of pork, 2020",
18-606,18-606,1,2148,"Pork, mince, raw","pork, mince, raw 10% fat mince. 10 samples",10% fat mince. 10 samples,MAG,255 18-267,"LGC, Nutrient analysis of retail cuts of pork, 1992-1993",
18-607,18-607,1,2149,"Pork, mince, stewed","pork, mince, stewed 10% fat mince. 10 samples",10% fat mince. 10 samples,MAG,256 18-268,"LGC, Nutrient analysis of retail cuts of pork, 1992-1993",
18-542,18-542,1,2150,"Pork, shoulder chops (collar), braised, lean","pork, shoulder chops (collar), braised, lean 26 samples",26 samples,MAG,18-271,"LGC, Nutrient analysis of retail cuts of pork, 1992-1993",
18-543,18-543,1,2151,"Pork, shoulder chops (collar), braised, lean and fat","pork, shoulder chops (collar), braised, lean and fat calculated from 87% lean and 13% fat",Calculated from 87% lean and 13% fat,MAG,18-272,"LGC, Nutrient analysis of retail cuts of pork, 1992-1993",
18-544,18-544,1,2152,"Pork, shoulder chops (collar), braised, lean and fat, weighed with bone","pork, shoulder chops (collar), braised, lean and fat, weighed with bone calculated from 18-543",Calculated from 18-543,MAG,18-273,"LGC, Nutrient analysis of retail cuts of pork, 1992-1993",
18-545,18-545,1,2153,"Pork, shoulder chops (collar), raw, lean and fat","pork, shoulder chops (collar), raw, lean and fat calculated from 93% lean and 7% fat",Calculated from 93% lean and 7% fat,MAG,18-269,"LGC, Nutrient analysis of retail cuts of pork, 1992-1993",
18-546,18-546,1,2154,"Pork, shoulder chops (collar), raw, lean and fat, weighed with bone","pork, shoulder chops (collar), raw, lean and fat, weighed with bone calculated from 18-545",Calculated from 18-545,MAG,18-270,"LGC, Nutrient analysis of retail cuts of pork, 1992-1993",
18-547,18-547,1,2155,"Pork, shoulder joint (collar), pot-roasted, lean","pork, shoulder joint (collar), pot-roasted, lean 10 samples",10 samples,MAG,18-276,"LGC, Nutrient analysis of retail cuts of pork, 1992-1993",
18-548,18-548,1,2156,"Pork, shoulder joint (collar), pot-roasted, lean and fat","pork, shoulder joint (collar), pot-roasted, lean and fat calculated from 67% lean and 32% fat",Calculated from 67% lean and 32% fat,MAG,18-277,"LGC, Nutrient analysis of retail cuts of pork, 1992-1993",
18-549,18-549,1,2157,"Pork, shoulder joint (collar), raw, lean and fat","pork, shoulder joint (collar), raw, lean and fat calculated from 74% lean and 26% fat",Calculated from 74% lean and 26% fat,MAG,18-274,"LGC, Nutrient analysis of retail cuts of pork, 1992-1993",
18-550,18-550,1,2158,"Pork, shoulder joint (collar), raw, lean and fat, weighed with bone","pork, shoulder joint (collar), raw, lean and fat, weighed with bone calculated from 18-549",Calculated from 18-549,MAG,18-275,"LGC, Nutrient analysis of retail cuts of pork, 1992-1993",
18-551,18-551,1,2159,"Pork, shoulder steaks (collar), grilled, lean and fat","pork, shoulder steaks (collar), grilled, lean and fat 10 samples",10 samples,MAG,18-280,"LGC, Nutrient analysis of retail cuts of pork, 1992-1993",
18-552,18-552,1,2160,"Pork, shoulder steaks (collar), grilled, lean and fat, weighed with bone","pork, shoulder steaks (collar), grilled, lean and fat, weighed with bone calculated from 39% lean and 6% fat",Calculated from 39% lean and 6% fat,MAG,18-281,"LGC, Nutrient analysis of retail cuts of pork, 1992-1993",
18-554,18-554,1,2161,"Pork, shoulder steaks (collar), raw, lean and fat","pork, shoulder steaks (collar), raw, lean and fat calculated from 86% lean and 13% fat",Calculated from 86% lean and 13% fat,MAG,18-282,"LGC, Nutrient analysis of retail cuts of pork, 1992-1993",
18-553,18-553,1,2162,"Pork, shoulder steaks (collar), raw, lean and fat, weighed with bone","pork, shoulder steaks (collar), raw, lean and fat, weighed with bone calculated from 41% lean and 6% fat",Calculated from 41% lean and 6% fat,MAG,18-279,"LGC, Nutrient analysis of retail cuts of pork, 1992-1993",
19-670,19-670,1,2163,"Pork, spare ribs, 'barbecue style', homemade","pork, spare ribs, 'barbecue style', homemade recipe",Recipe,MR,19-620,Updated 2020,
19-671,19-671,1,2164,"Pork, spare ribs, 'barbecue style', homemade, weighed with bone","pork, spare ribs, 'barbecue style', homemade, weighed with bone recipe",Recipe,MR,19-621,Updated 2020,
19-265,19-265,1,2165,"Pork, spare ribs, 'barbecue style', meat only, retail, reheated, weighed with bone","pork, spare ribs, 'barbecue style', meat only, retail, reheated, weighed with bone calculated from 19-264, chilled and frozen","Calculated from 19-264, chilled and frozen",MR,19-263,"Meat Products and Dishes Supplement, 1996",
19-264,19-264,1,2166,"Pork, spare ribs, 'barbecue style', meat only, retail, reheated","pork, spare ribs, 'barbecue style', meat only, retail, reheated 5 samples including american and chinese style and hot and spicy ribs. 80-90% meat, chilled and frozen","5 samples including American and Chinese style and hot and spicy ribs. 80-90% meat, chilled and frozen",MR,19-262,"Reviewed 2013. LGC, Nutrient analysis of foods commonly consumed by schoolchildren, 1995",
18-499,18-499,1,2167,"Pork, spare ribs, Chinese barbecue, takeaway","pork, spare ribs, chinese barbecue, takeaway 10 samples, 2 from different establishments in each of 5 regions.","10 samples, 2 from different establishments in each of 5 regions.",MAG,,"Aspland and James Ltd, Nutrient analysis of ethnic takeaway foods, 1997",
19-672,19-672,1,2168,"Pork, spare ribs, in black bean sauce, meat and sauce only, homemade","pork, spare ribs, in black bean sauce, meat and sauce only, homemade recipe",Recipe,MR,19-618,Updated 2020,
19-673,19-673,1,2169,"Pork, spare ribs, in black bean sauce, meat and sauce only, homemade, weighed with bone","pork, spare ribs, in black bean sauce, meat and sauce only, homemade, weighed with bone recipe",Recipe,MR,19-619,Updated 2020,
18-609,18-609,1,2170,"Pork, spare ribs, raw, lean and fat","pork, spare ribs, raw, lean and fat 10 samples",10 samples,MAG,18-278,"LGC, Nutrient analysis of retail cuts of pork, 1992-1993",
19-667,19-667,1,2171,"Pork, stir-fried with vegetables, homemade","pork, stir-fried with vegetables, homemade recipe",Recipe,MR,19-622,Updated 2020,
19-668,19-668,1,2172,"Pork, sweet and sour, made with lean pork, homemade","pork, sweet and sour, made with lean pork, homemade recipe",Recipe,MR,19-634,Updated 2020,
19-669,19-669,1,2173,"Pork, sweet and sour, made with sweet and sour cook in sauce","pork, sweet and sour, made with sweet and sour cook in sauce recipe",Recipe,MR,19-633,Updated 2020,
18-429,18-429,1,2174,"Pork, trotters and tails, boiled with added salt","pork, trotters and tails, boiled with added salt 23% trotters and 77% pig tails. salt added",23% trotters and 77% pig tails. Salt added,MG,50-427,"As Meat, Poultry and Game Supplement, 1995",
11-788,11-788,1,2175,"Porridge oats, unfortified","porridge oats, unfortified 18 samples, 10 products, quaker and other/own brands","18 samples, 10 products, Quaker and other/own brands",A,11-017,"LGC, Nutrient survey of breakfast cereals, 2004",
11-789,11-789,1,2176,"Porridge oats, unfortified, cooked, made up with semi-skimmed milk","porridge oats, unfortified, cooked, made up with semi-skimmed milk 18 samples, 10 products, quaker and other/own brands","18 samples, 10 products, Quaker and other/own brands",A,,"LGC, Nutrient survey of breakfast cereals, 2004",
11-1106,11-1106,1,2177,"Porridge, made with milk and water","porridge, made with milk and water recipe",Recipe,AI,11-633,Updated 2014,
11-1107,11-1107,1,2178,"Porridge, made with water","porridge, made with water recipe. ref. wiles et al. (1980)",Recipe. Ref. Wiles et al. (1980),AI,11-569,Updated 2014,
11-1108,11-1108,1,2179,"Porridge, made with whole milk","porridge, made with whole milk recipe",Recipe,AI,11-570,Updated 2014,
17-234,17-234,1,2180,Port,"port 19-21% abv, 2 samples","19-21% ABV, 2 samples",QF,50-1113,"Reviewed 2013. MW4, 1978. Additional data from 50-1113",
17-849,17-849,1,2181,Pot savouries,"pot savouries 6 samples including assorted flavours of noodles, rice and chilli","6 samples including assorted flavours of noodles, rice and chilli",SN,17-143,"Miscellaneous Foods Supplement, 1994; and industry data, 2013",
17-682,17-682,1,2182,"Pot savouries, made up","pot savouries, made up 85g product made up with 215ml water",85g product made up with 215ml water,SN,17-144,"Miscellaneous Foods Supplement, 1994; and industry data, 2013",
15-849,15-849,1,2183,"Potato cakes, fried in rapeseed oil","potato cakes, fried in rapeseed oil recipe",Recipe,DR,15-569,Updated 2014,
13-024,13-024,1,2184,"Potato chips, crinkle cut, frozen, fried in corn oil","potato chips, crinkle cut, frozen, fried in corn oil 10 samples, 10 brands. deep fried 3-6 minutes","10 samples, 10 brands. Deep fried 3-6 minutes",DAP,,"Vegetables, Herbs and Spices Supplement, 1991",
13-486,13-486,1,2185,"Potato chips, fine cut, from fast food outlets","potato chips, fine cut, from fast food outlets 5 samples, including mcdonald's, burger king, wimpy, kfc","5 samples, including McDonald's, Burger King, Wimpy, KFC",DAP,13-423,"DH, Nutrient analysis of a range of processed foods with particular reference to trans fatty acids, 2013",
50-684,50-684,1,2186,"Potato chips, fine cut, frozen, fried in blended vegetable oil","potato chips, fine cut, frozen, fried in blended vegetable oil calculation from fried in corn oil 13-026",Calculation from fried in corn oil 13-026,DAP,,"Vegetables, Herbs and Spices Supplement, 1991",
13-026,13-026,1,2187,"Potato chips, fine cut, frozen, fried in corn oil","potato chips, fine cut, frozen, fried in corn oil 10 samples, 4 brands. deep fried 1-4 minutes","10 samples, 4 brands. Deep fried 1-4 minutes",DAP,50-685,"As Vegetables, Herbs and Spices Supplement (1991) 13-026, Vitamin K1 from Bolton-Smith et al Br.J. Nutr.83, 2000",
50-686,50-686,1,2188,"Potato chips, fine cut, frozen, fried in dripping","potato chips, fine cut, frozen, fried in dripping calculation from fried in corn oil 13-026",Calculation from fried in corn oil 13-026,DAP,,"Vegetables, Herbs and Spices Supplement, 1991",
13-613,13-613,1,2189,"Potato chips, fried in beef dripping, from takeaway fish and chip shops","potato chips, fried in beef dripping, from takeaway fish and chip shops 10 samples with fatty acids calculated from beef dripping",10 samples with fatty acids calculated from beef dripping,DAR,,"Nutrient analysis of a range of processed foods with particular reference to trans fatty acids, 2010",
13-485,13-485,1,2190,"Potato chips, fried in commercial oil, from takeaway fish and chip shops","potato chips, fried in commercial oil, from takeaway fish and chip shops 10 samples, cooked in beef fat or commercial vegetable oil","10 samples, cooked in beef fat or commercial vegetable oil",DAP,,"DH, Nutrient analysis of a range of processed foods with particular reference to trans fatty acids, 2013",
13-612,13-612,1,2191,"Potato chips, fried in palm oil, from takeaway fish and chip shops","potato chips, fried in palm oil, from takeaway fish and chip shops 10 samples with fatty acids calculated from palm oil",10 samples with fatty acids calculated from palm oil,DAR,,"Nutrient analysis of a range of processed foods with particular reference to trans fatty acids, 2010",
13-614,13-614,1,2192,"Potato chips, fried in rapeseed oil, from takeaway fish and chip shops","potato chips, fried in rapeseed oil, from takeaway fish and chip shops 10 samples with fatty acids calculated from rapeseed oil",10 samples with fatty acids calculated from rapeseed oil,DAR,,"Nutrient analysis of a range of processed foods with particular reference to trans fatty acids, 2010",
13-595,13-595,1,2193,"Potato chips, homemade, fried in corn oil","potato chips, homemade, fried in corn oil deep fried 6 minutes, 190c. calculated from 13-021 and 13-489","Deep fried 6 minutes, 190C. Calculated from 13-021 and 13-489",DAP,13-021,"DH, Nutrient analysis of fruit and vegetables, 2013",
13-596,13-596,1,2194,"Potato chips, homemade, fried in dripping","potato chips, homemade, fried in dripping deep fried 6 minutes, 190c. calculated from 13-021 and 13-489","Deep fried 6 minutes, 190C. Calculated from 13-021 and 13-489",DAP,13-406,"DH, Nutrient analysis of fruit and vegetables, 2013",
13-555,13-555,1,2195,"Potato chips, homemade, fried in rapeseed oil","potato chips, homemade, fried in rapeseed oil calculated from raw and deep fried in corn oil",Calculated from raw and deep fried in corn oil,DAP,13-407,Updated 2013,
13-597,13-597,1,2196,"Potato chips, homemade, fried in sunflower oil","potato chips, homemade, fried in sunflower oil deep fried 6 minutes, 190c. calculated from 13-021 and 13-489","Deep fried 6 minutes, 190C. Calculated from 13-021 and 13-489",DAP,13-408,"DH, Nutrient analysis of fruit and vegetables, 2013",
13-557,13-557,1,2197,"Potato chips, microwave, cooked","potato chips, microwave, cooked 10 samples, 2 brands; cooked as packet directions","10 samples, 2 brands; cooked as packet directions",DAP,13-028,"LGC, Fruit and vegetables, 1989-1990; and industry data, 2013. Fatty acid fractions calculated from 13-869 based on total fat content and fatty acid proportions.",
13-487,13-487,1,2198,"Potato chips, oven ready, no batter, baked","potato chips, oven ready, no batter, baked 11 samples, 10 products, straight cut and crinkle cut","11 samples, 10 products, straight cut and crinkle cut",DAP,13-029,"DH, Nutrient analysis of a range of processed foods with particular reference to trans fatty acids, 2013",
13-488,13-488,1,2199,"Potato chips, oven ready, with batter, baked","potato chips, oven ready, with batter, baked 10 samples, 8 brands, including mccain homefries and crispy french fries, aunt bessie's homestyle chips and own brands","10 samples, 8 brands, including McCain Homefries and Crispy French Fries, Aunt Bessie's Homestyle Chips and own brands",DAP,,"DH, Nutrient analysis of a range of processed foods with particular reference to trans fatty acids, 2013",
50-681,50-681,1,2200,"Potato chips, straight cut, frozen, fried in blended oil","potato chips, straight cut, frozen, fried in blended oil calculation from fried in corn oil 13-025",Calculation from fried in corn oil 13-025,DAP,,"Vegetables, Herbs and Spices Supplement, 1991",
13-025,13-025,1,2201,"Potato chips, straight cut, frozen, fried in corn oil","potato chips, straight cut, frozen, fried in corn oil 10 samples, 10 brands. deep fried 3-5 minutes","10 samples, 10 brands. Deep fried 3-5 minutes",DAP,50-862,"Vegetables, Herbs and Spices Supplement, 1991",
50-683,50-683,1,2202,"Potato chips, straight cut, frozen, fried in dripping","potato chips, straight cut, frozen, fried in dripping calculation from fried in corn oil 13-025",Calculation from fried in corn oil 13-025,DAP,,"Vegetables, Herbs and Spices Supplement, 1991",
13-027,13-027,1,2203,"Potato chips, thick cut, frozen, fried in corn oil","potato chips, thick cut, frozen, fried in corn oil 10 samples, 5 brands. deep fried 3-7 minutes","10 samples, 5 brands. Deep fried 3-7 minutes",DAP,,"Vegetables, Herbs and Spices Supplement, 1991",
17-671,17-671,1,2204,"Potato crisps, fried in sunflower oil","potato crisps, fried in sunflower oil 11 samples, 8 products, assorted flavours, fried in high oleic sunflower oil, including walkers and own brands","11 samples, 8 products, assorted flavours, fried in high oleic sunflower oil, including Walkers and own brands",SNA,,"DH, Nutrient analysis of a range of processed foods with particular reference to trans fatty acids, 2013",
17-693,17-693,1,2205,"Potato crisps, low fat","potato crisps, low fat 20 samples of different brands, plain and flavoured, not baked","20 samples of different brands, plain and flavoured, not baked",SN,17-496,"LGC, Survey of the nutritional composition of savoury snacks and nuts, 1993; and Fatty Acids Supplement, 1998 with selenium estimated from 'potato based snacks', 'Analysis of foods for Selenium' 1994",
13-038,13-038,1,2206,"Potato croquettes, fried in blended oil","potato croquettes, fried in blended oil 10 samples, 5 brands. shallow fried 5-7 minutes","10 samples, 5 brands. Shallow fried 5-7 minutes",DAR,50-690,"As VHS 13-038, Vitamin K1 from Bolton-Smith et al Br.J. Nutr.83, 2000",
13-615,13-615,1,2207,"Potato powder, instant, made up with semi-skimmed milk","potato powder, instant, made up with semi-skimmed milk calculated from ingredients; made up as packet directions",Calculated from ingredients; made up as packet directions,DAR,13-034,Updated 2014,
13-616,13-616,1,2208,"Potato powder, instant, made up with skimmed milk","potato powder, instant, made up with skimmed milk calculated from ingredients; made up as packet directions",Calculated from ingredients; made up as packet directions,DAR,13-035,Updated 2014,
13-558,13-558,1,2209,"Potato powder, instant, made up with water","potato powder, instant, made up with water calculated from ingredients; made up as packet directions",Calculated from ingredients; made up as packet directions,DAR,13-032,"Vegetables, Herbs and Spices Supplement, 1991; and industry data, 2013. Vitamin K1 from Bolton-Smith et al Br.J. Nutr.83, 2000",
13-617,13-617,1,2210,"Potato powder, instant, made up with whole milk","potato powder, instant, made up with whole milk calculated from ingredients; made up as packet directions",Calculated from ingredients; made up as packet directions,DAR,13-033,Updated 2014,
13-598,13-598,1,2211,"Potato powder, instant, raw","potato powder, instant, raw 10 samples, 9 brands","10 samples, 9 brands",DAR,13-031,"Vegetables, Herbs and Spices Supplement, 1991; and industry data, 2014",
13-533,13-533,1,2212,"Potato products, shaped, frozen, baked","potato products, shaped, frozen, baked frozen, including waffles, smiley faces and letters","Frozen, including waffles, smiley faces and letters",DA,13-425,"DH, Nutrient analysis of fruit and vegetables, 2013",
17-643,17-643,1,2213,Potato rings,"potato rings 10 samples, 7 products, including hula hoops and own brand","10 samples, 7 products, including Hula Hoops and own brand",SN,17-142,"DH, Nutrient analysis of a range of processed foods with particular reference to trans fatty acids, 2013",
17-642,17-642,1,2214,"Potato snacks, pringle-type, fried in vegetable oil","potato snacks, pringle-type, fried in vegetable oil 5 samples, 5 products, including pringles and own brands","5 samples, 5 products, including Pringles and own brands",SNA,,"DH, Nutrient analysis of a range of processed foods with particular reference to trans fatty acids, 2013",
13-483,13-483,1,2215,"Potato wedges, retail, cooked","potato wedges, retail, cooked 10 samples, 9 products, frozen, including mccain and own brands","10 samples, 9 products, frozen, including McCain and own brands",DAR,,"Direct Laboratories, Nutrient analysis catch up project, 2003",
15-259,15-259,1,2216,"Potato, leek and celery bake","potato, leek and celery bake recipe from dietary survey records",Recipe from dietary survey records,DR,,As Vegetable Dishes Supplement 1992,
15-261,15-261,1,2217,"Potatoes with onions and eggs, fried","potatoes with onions and eggs, fried greek dish. fried potatoes with onion and egg. recipe from a personal collection",Greek dish. Fried potatoes with onion and egg. Recipe from a personal collection,DR,,As Vegetable Dishes Supplement 1992,
15-850,15-850,1,2218,"Potatoes, duchesse","potatoes, duchesse recipe. baked potato, egg and butter shapes. recipe from review of recipe collection","Recipe. Baked potato, egg and butter shapes. Recipe from review of recipe collection",DR,15-570,Updated 2014,
13-610,13-610,1,2219,"Potatoes, new and salad, boiled in salted water, flesh and skin","potatoes, new and salad, boiled in salted water, flesh and skin 22 samples, including uk grown and imported, pre-packed and loose","22 samples, including UK grown and imported, pre-packed and loose",DAE,13-475,"Nutrient analysis of fresh and processed fruit and vegetables, 2013",
13-495,13-495,1,2220,"Potatoes, new and salad, boiled in unsalted water, flesh and skin","potatoes, new and salad, boiled in unsalted water, flesh and skin 22 samples, including uk grown and imported, pre-packed and loose","22 samples, including UK grown and imported, pre-packed and loose",DAE,13-420,"DH, Nutrient analysis of fruit and vegetables, 2013",
13-618,13-618,1,2221,"Potatoes, new and salad, flesh only, raw","potatoes, new and salad, flesh only, raw ifr, average of desiree, king edward, pentland crown, maris piper over 6 seasons, flesh only","IFR, average of Desiree, King Edward, Pentland Crown, Maris Piper over 6 seasons, flesh only",DAE,13-001,"Vegetables, Herbs and Spices Supplement, 1991; and calculated from 13-495",
13-619,13-619,1,2222,"Potatoes, new, frozen, `roast' in corn oil","potatoes, new, frozen, `roast' in corn oil lgc; 10 samples, 3 brands. deep fried and roasted","LGC; 10 samples, 3 brands. Deep fried and roasted",DAE,13-006,"Vegetables, Herbs and Spices Supplement, 1991; and updated from 13-495",
13-491,13-491,1,2223,"Potatoes, old, baked, flesh and skin","potatoes, old, baked, flesh and skin 22 samples, autumn and winter, including white and red varieties, pre-packed and loose","22 samples, autumn and winter, including white and red varieties, pre-packed and loose",DAM,13-010,"DH, Nutrient analysis of fruit and vegetables, 2013",
13-620,13-620,1,2224,"Potatoes, old, baked, flesh only","potatoes, old, baked, flesh only ifr. samples as raw; baked 90 minutes 200c and calculated from 13-491. average of desiree, king edward, pentland crown, maris piper over 6 seasons","IFR. Samples as raw; baked 90 minutes 200C and calculated from 13-491. Average of Desiree, King Edward, Pentland Crown, Maris Piper over 6 seasons",DAM,13-011,"As Vegetables, Herbs and Spices Supplement (1991) 13-011, Vitamin K1 from Bolton-Smith et al Br.J. Nutr.83, 2000",
13-621,13-621,1,2225,"Potatoes, old, baked, flesh only, weighed with skin","potatoes, old, baked, flesh only, weighed with skin calculated from flesh only. average of desiree, king edward, pentland crown, maris piper over 6 seasons","Calculated from flesh only. Average of Desiree, King Edward, Pentland Crown, Maris Piper over 6 seasons",DAM,13-012,"Vegetables, Herbs and Spices Supplement, 1991",
13-605,13-605,1,2226,"Potatoes, old, boiled in salted water, flesh only","potatoes, old, boiled in salted water, flesh only 22 samples, autumn and winter, including white and red varieties, pre-packed and loose, based on boiled in unsalted water","22 samples, autumn and winter, including white and red varieties, pre-packed and loose, based on boiled in unsalted water",DAM,13-476,"DH, Nutrient analysis of fresh and processed fruit and vegetables, 2013. Na and Cl from 13-476",
13-490,13-490,1,2227,"Potatoes, old, boiled in unsalted water, flesh only","potatoes, old, boiled in unsalted water, flesh only 22 samples, autumn and winter, including white and red varieties, pre-packed and loose","22 samples, autumn and winter, including white and red varieties, pre-packed and loose",DAM,13-421,"DH, Nutrient analysis of fruit and vegetables, 2013",
13-553,13-553,1,2228,"Potatoes, old, mashed with butter","potatoes, old, mashed with butter recipe. 100g boiled potatoes, 5g butter, 7g milk","Recipe. 100g boiled potatoes, 5g butter, 7g milk",DAM,13-481,Updated 2013,
13-554,13-554,1,2229,"Potatoes, old, mashed with reduced fat spread","potatoes, old, mashed with reduced fat spread recipe. 100g boiled potatoes, 5g butter, 7g milk","Recipe. 100g boiled potatoes, 5g butter, 7g milk",DAM,,Updated 2013,
13-494,13-494,1,2230,"Potatoes, old, microwaved, flesh and skin","potatoes, old, microwaved, flesh and skin 11 samples, including white and red varieties, pre-packed and loose","11 samples, including white and red varieties, pre-packed and loose",DAM,,"DH, Nutrient analysis of fruit and vegetables, 2013",
13-566,13-566,1,2231,"Potatoes, old, potato wedges, with skin, cooked in sunflower oil, homemade","potatoes, old, potato wedges, with skin, cooked in sunflower oil, homemade calculated from 13-491 and 17-045",Calculated from 13-491 and 17-045,DAM,,"Nutrient analysis of fresh and processed fruit and vegetables, 2013",
13-489,13-489,1,2232,"Potatoes, old, raw, flesh only","potatoes, old, raw, flesh only 22 samples, autumn and winter, including white and red varieties, pre-packed and loose","22 samples, autumn and winter, including white and red varieties, pre-packed and loose",DAM,13-009,"DH, Nutrient analysis of fruit and vegetables, 2013",
13-599,13-599,1,2233,"Potatoes, old, roasted in corn oil","potatoes, old, roasted in corn oil calculated from raw, parboiled for 5-10 minutes and roasted for 50 minutes. water and fat analysed, 2013","Calculated from raw, parboiled for 5-10 minutes and roasted for 50 minutes. Water and fat analysed, 2013",DAM,13-016,"DH, Nutrient analysis of fruit and vegetables, 2013",
13-600,13-600,1,2234,"Potatoes, old, roasted in lard","potatoes, old, roasted in lard calculated from raw, parboiled for 5-10 minutes and roasted for 50 minutes. water and fat analysed, 2013","Calculated from raw, parboiled for 5-10 minutes and roasted for 50 minutes. Water and fat analysed, 2013",DAM,50-673,"DH, Nutrient analysis of fruit and vegetables, 2013",
13-534,13-534,1,2235,"Potatoes, old, roasted in rapeseed oil","potatoes, old, roasted in rapeseed oil calculated from raw, parboiled for 5-10 minutes and roasted for 50 minutes. water and fat analysed, 2013. most unspecified vegetable oils are made from rapeseed oil","Calculated from raw, parboiled for 5-10 minutes and roasted for 50 minutes. Water and fat analysed, 2013. Most unspecified vegetable oils are made from rapeseed oil",DA,,"DH, Nutrient analysis of fruit and vegetables, 2013",
13-492,13-492,1,2236,"Potatoes, old, roasted in sunflower oil, flesh only","potatoes, old, roasted in sunflower oil, flesh only calculated from baked. water and fat analysed, 2012","Calculated from baked. Water and fat analysed, 2012",DAM,,"DH, Nutrient analysis of fruit and vegetables, 2013",
13-493,13-493,1,2237,"Potatoes, old, wedges, with skin, homemade, cooked in rapeseed oil","potatoes, old, wedges, with skin, homemade, cooked in rapeseed oil calculated from baked. water and fat analysed, 2012. most unspecified vegetable oils are made from rapeseed oil","Calculated from baked. Water and fat analysed, 2012. Most unspecified vegetable oils are made from rapeseed oil",DAM,,"DH, Nutrient analysis of fruit and vegetables, 2013",
18-305,18-305,1,2238,"Poussin, raw, meat and skin","poussin, raw, meat and skin calculated from 34% light meat, 40% dark meat and 26% skin","Calculated from 34% light meat, 40% dark meat and 26% skin",MCA,,"LGC, Nutrient analysis of chicken and turkey, 1994-1995",
18-306,18-306,1,2239,"Poussin, raw, meat and skin, weighed with bone","poussin, raw, meat and skin, weighed with bone calculated from 18-305",Calculated from 18-305,MCA,,"LGC, Nutrient analysis of chicken and turkey, 1994-1995",
11-1023,11-1023,1,2240,"Prawn crackers, takeaway","prawn crackers, takeaway 10 samples from different outlets",10 samples from different outlets,AT,11-551,"Aspland and James, Nutrient analysis of ethnic and takeaway foods, 1997; fatty acids from supplement as 17-448",
16-388,16-388,1,2241,"Prawns, king, grilled from raw","prawns, king, grilled from raw 9 samples, 9 products, warm-water prawns (panaeus vannamei), frozen and chilled","9 samples, 9 products, warm-water prawns (Panaeus vannamei), frozen and chilled",JK,,"DH, Nutrient analysis of fish and fish products, 2013",
16-389,16-389,1,2242,"Prawns, king, purchased cooked","prawns, king, purchased cooked 11 samples, 11 products, warm-water prawns (penaeus vannamei), frozen and chilled","11 samples, 11 products, warm-water prawns (Penaeus vannamei), frozen and chilled",JK,,"DH, Nutrient analysis of fish and fish products, 2013",
16-481,16-481,1,2243,"Prawns, king, purchased cooked, weighed with shells","prawns, king, purchased cooked, weighed with shells calculated from 16-389 using edible portion of 0.54",Calculated from 16-389 using edible portion of 0.54,JK,16-240,"DH, Nutrient analysis of fish and fish products, 2013",
16-387,16-387,1,2244,"Prawns, king, raw","prawns, king, raw 9 samples, 9 products, warm-water prawns (panaeus vannamei), frozen and chilled","9 samples, 9 products, warm-water prawns (Panaeus vannamei), frozen and chilled",JK,,"DH, Nutrient analysis of fish and fish products, 2013",
16-482,16-482,1,2245,"Prawns, standard, dried","prawns, standard, dried calculated from 16-384",Calculated from 16-384,JK,16-242,"DH, Nutrient analysis of fish and fish products, 2013",
16-384,16-384,1,2246,"Prawns, standard, purchased cooked","prawns, standard, purchased cooked 15 samples, 15 products, cold-water/atlantic prawns (pandalus borealis), chilled/frozen","15 samples, 15 products, cold-water/Atlantic prawns (Pandalus borealis), chilled/frozen",JK,16-239,"DH, Nutrient analysis of fish and fish products, 2013",
17-758,17-758,1,2247,Pre-mixed spirit based drinks,"pre-mixed spirit based drinks approx. 4% abv, including wkd, bacardi breezer, smirnoff ice and carribean twist","Approx. 4% ABV, including WKD, Bacardi Breezer, Smirnoff Ice and Carribean Twist",Q,,"Industry data, 2013",
14-230,14-230,1,2248,"Prickly pears, flesh and seeds","prickly pears, flesh and seeds literature sources",Literature sources,FA,,"Fruit and Nuts Supplement, 1992",
12-405,12-405,1,2249,"Profiteroles with sauce, frozen","profiteroles with sauce, frozen 10 samples, 7 brands","10 samples, 7 brands",BR,,"Reviewed 2013. ADAS Laboratories, Nutrient analysis of ice creams and desserts, 1999",
14-289,14-289,1,2250,Prune juice,prune juice 4 bottled samples; 2 brands,4 bottled samples; 2 brands,FC,,"LGC, Fruit and vegetables, 1989-1990",
14-237,14-237,1,2251,"Prunes, canned in juice, whole contents","prunes, canned in juice, whole contents 10 samples; stones removed. drained proportion = 0.46",10 samples; stones removed. Drained proportion = 0.46,FA,50-955,"Reviewed 2013. LGC, Nutritional composition of fruit products, 1985-1986",
14-231,14-231,1,2252,"Prunes, flesh and skin","prunes, flesh and skin no stones, dried","No stones, dried",FA,,"LGC, Fruit and vegetables, 1989-1990",
14-233,14-233,1,2253,"Prunes, flesh and skin, stewed with sugar","prunes, flesh and skin, stewed with sugar calculated from 450g fruit, 450g water, 54g sugar","Calculated from 450g fruit, 450g water, 54g sugar",FA,,"Fruit and Nuts Supplement, 1992",
14-234,14-234,1,2254,"Prunes, flesh and skin, stewed with sugar, weighed with stones","prunes, flesh and skin, stewed with sugar, weighed with stones calculated from 14-233",Calculated from 14-233,FA,,"Fruit and Nuts Supplement, 1992",
14-235,14-235,1,2255,"Prunes, flesh and skin, stewed without sugar","prunes, flesh and skin, stewed without sugar calculated from 450g fruit, 450g water","Calculated from 450g fruit, 450g water",FA,,"Fruit and Nuts Supplement, 1992",
14-236,14-236,1,2256,"Prunes, flesh and skin, stewed without sugar, weighed with stones","prunes, flesh and skin, stewed without sugar, weighed with stones calculated from 14-235",Calculated from 14-235,FA,,"Fruit and Nuts Supplement, 1992",
14-232,14-232,1,2257,"Prunes, flesh and skin, weighed with stones","prunes, flesh and skin, weighed with stones calculated from 14-231",Calculated from 14-231,FA,,"Fruit and Nuts Supplement, 1992",
14-391,14-391,1,2258,"Prunes, ready-to-eat, semi-dried","prunes, ready-to-eat, semi-dried 10 samples, 9 products, including soft, ready-to-eat and partially rehydrated","10 samples, 9 products, including soft, ready-to-eat and partially rehydrated",FA,14-239,"PHE, Nutrient analysis of fresh and processed fruit and vegetables with respect to fibre, 2017",
14-398,14-398,1,2259,"Prunes, ready-to-eat, semi-dried, weighed with stones","prunes, ready-to-eat, semi-dried, weighed with stones calculated from 14-391",Calculated from 14-391,FA,14-240,"PHE, Nutrient analysis of fresh and processed fruit and vegetables with respect to fibre, 2017",
11-1037,11-1037,1,2260,"Pudding, bread and butter, homemade","pudding, bread and butter, homemade recipe",Recipe,AS,11-691,Updated 2014,
11-1051,11-1051,1,2261,"Pudding, Christmas, homemade","pudding, christmas, homemade recipe",Recipe,AS,11-692,Updated 2014,
11-1022,11-1022,1,2262,"Pudding, Christmas, retail","pudding, christmas, retail 10 samples, 4 brands","10 samples, 4 brands",AS,11-291,"Cereals and Cereal Products Supplement, 1988; and industry data, 2013",
11-1065,11-1065,1,2263,"Pudding, Eve's pudding, homemade","pudding, eve's pudding, homemade recipe using apples only",Recipe using apples only,AS,11-696,"Proportions derived from dissection of samples, using apples only. Updated 2014",
11-1097,11-1097,1,2264,"Pudding, Queen of Puddings, homemade","pudding, queen of puddings, homemade recipe",Recipe,AS,11-705,Updated 2014,
12-580,12-580,1,2265,"Pudding, rice, canned","pudding, rice, canned 10 cans, 7 brands","10 cans, 7 brands",BR,12-406,"Reviewed 2013. RHM, Nutrient content of selected foods, 1995. Fatty acids as Fatty Acids Supplement (1998) 11-395",
12-553,12-553,1,2266,"Pudding, rice, canned, low fat","pudding, rice, canned, low fat 10 samples, 6 brands","10 samples, 6 brands",BR,12-407,"Reviewed 2013. RHM, Nutrient content of selected foods, 1995; inorganics and vitamins estimated from rice pudding canned",
12-514,12-514,1,2267,"Pudding, rice, homemade, with semi-skimmed milk","pudding, rice, homemade, with semi-skimmed milk recipe",Recipe,BR,,Updated 2013,
12-607,12-607,1,2268,"Pudding, rice, homemade, with skimmed milk","pudding, rice, homemade, with skimmed milk recipe",Recipe,BR,,Updated 2014,
12-608,12-608,1,2269,"Pudding, rice, homemade, with whole milk","pudding, rice, homemade, with whole milk recipe",Recipe,BR,,Updated 2014,
11-1021,11-1021,1,2270,"Pudding, sponge, canned","pudding, sponge, canned 10 assorted samples of the same brand",10 assorted samples of the same brand,AS,11-549,Analytical data 1988 and 1992.,
11-1119,11-1119,1,2271,"Pudding, sponge, homemade","pudding, sponge, homemade recipe",Recipe,AS,11-706,Updated 2014,
11-1120,11-1120,1,2272,"Pudding, sponge, with dried fruit, homemade","pudding, sponge, with dried fruit, homemade recipe",Recipe,AS,11-707,Updated 2014,
11-1121,11-1121,1,2273,"Pudding, sponge, with jam or treacle, homemade","pudding, sponge, with jam or treacle, homemade recipe",Recipe,AS,11-708,Updated 2014,
11-1122,11-1122,1,2274,"Pudding, spotted dick, homemade","pudding, spotted dick, homemade recipe",Recipe,AS,11-709,Updated 2014,
11-1124,11-1124,1,2275,"Pudding, suet, homemade","pudding, suet, homemade recipe",Recipe,AS,11-710,Updated 2014,
14-842,14-842,1,2276,Pumpkin seeds,pumpkin seeds analysis and literature sources,Analysis and literature sources,GA,453,"Reviewed 2013. LGC, Fatty acid composition of foods, 1987; and Fruit and Nuts Supplement, 1992",
13-549,13-549,1,2277,"Pumpkin, flesh only, boiled in unsalted water","pumpkin, flesh only, boiled in unsalted water peeled thickly, seeds removed, boiled for 15 minutes, based on boiled in salted water","Peeled thickly, seeds removed, boiled for 15 minutes, based on boiled in salted water",DG,13-327,"Reviewed 2013. IFR, The nutritional composition of retail vegetables in the UK, 1984-1987",
13-326,13-326,1,2278,"Pumpkin, flesh only, raw","pumpkin, flesh only, raw peeled thickly, seeds removed","Peeled thickly, seeds removed",DG,50-809,"IFR, The nutritional composition of retail vegetables in the UK, 1984-1987",
11-911,11-911,1,2279,"Puri, homemade","puri, homemade 9 samples; 6 homemade, 3 café. deep fried chapati","9 samples; 6 homemade, 3 café. Deep fried chapati",AF,,"University of Leeds, Nutritional analysis of commonly consumed South Asian foods in the UK, 2007",
12-948,12-948,1,2280,"Quiche, cheese and egg, homemade","quiche, cheese and egg, homemade recipe. ref. wiles et al. (1980)",Recipe. Ref. Wiles et al. (1980),CD,12-923,Updated 2014,
11-995,11-995,1,2281,"Quiche, cheese and egg, wholemeal, homemade","quiche, cheese and egg, wholemeal, homemade recipe",Recipe,CD,12-924,Updated 2014,
12-952,12-952,1,2282,"Quiche, Lorraine, homemade","quiche, lorraine, homemade recipe",Recipe,CD,12-925,Updated 2014,
12-936,12-936,1,2283,"Quiche, Lorraine, shortcrust pastry, retail","quiche, lorraine, shortcrust pastry, retail 10 samples, 7 brands","10 samples, 7 brands",CD,,"DH, Nutrient analysis of processed foods with particular reference to trans fatty acids, 2013",
12-953,12-953,1,2284,"Quiche, Lorraine, wholemeal pastry, homemade","quiche, lorraine, wholemeal pastry, homemade recipe",Recipe,CD,12-927,Updated 2014,
12-954,12-954,1,2285,"Quiche, mushroom, homemade","quiche, mushroom, homemade recipe",Recipe,CD,12-928,Updated 2014,
12-955,12-955,1,2286,"Quiche, mushroom, wholemeal, homemade","quiche, mushroom, wholemeal, homemade recipe",Recipe,CD,12-929,Updated 2014,
12-949,12-949,1,2287,"Quiche, vegetable, retail","quiche, vegetable, retail 10 samples, including broccoli, tomato, spinach, roasted vegetables, asparagus and vegetable and cheese","10 samples, including broccoli, tomato, spinach, roasted vegetables, asparagus and vegetable and cheese",CD,,"Direct Laboratories, Nutrient analysis catch up project, 2003; and industry data, 2013",
14-241,14-241,1,2288,"Quinces, flesh only","quinces, flesh only flesh only",Flesh only,FA,,"MW4, 1978. Values revised for Fruit and Nuts Supplement, 1992",
14-843,14-843,1,2289,"Quinoa, raw","quinoa, raw seeds from a species of goosefoot",Seeds from a species of goosefoot,GA,,"Literature sources, Fruit and Nuts Supplement, 1992",
15-262,15-262,1,2290,Quorn korma,quorn korma quorn in korma curry sauce. recipe from manufacturer,Quorn in korma curry sauce. Recipe from manufacturer,DR,,As Vegetable Dishes Supplement 1992,
13-574,13-574,1,2291,"Quorn, pieces, as purchased","quorn, pieces, as purchased pieces",pieces,DG,13-455,Industry data 2013,
18-387,18-387,1,2292,"Rabbit, raw, meat only","rabbit, raw, meat only 10 samples from leg and loin",10 samples from leg and loin,MEC,50-468,"Reviewed 2013. LGC, Poultry and game surveys, 1983-1984",
18-388,18-388,1,2293,"Rabbit, stewed, meat only","rabbit, stewed, meat only 30 samples of a mixture of fresh, wild, farmed and frozen imported","30 samples of a mixture of fresh, wild, farmed and frozen imported",MEC,50-469,"Reviewed 2013. LGC, Poultry and game surveys, 1983-1984",
18-389,18-389,1,2294,"Rabbit, stewed, meat only, weighed with bone","rabbit, stewed, meat only, weighed with bone calculated from 18-388",Calculated from 18-388,MEC,50-470,"Meat, Poultry and Game Supplement, 1995",
13-329,13-329,1,2295,"Raddiccio, raw","raddiccio, raw 3 samples. outer leaves removed",3 samples. Outer leaves removed,DG,,"LGC, Fruit and vegetables, 1989-1990",
13-332,13-332,1,2296,"Radish leaves, raw","radish leaves, raw literature sources",Literature sources,DG,,"Vegetables, Herbs and Spices Supplement, 1991",
13-656,13-656,1,2297,"Radish, red, flesh and skin, raw","radish, red, flesh and skin, raw 10 samples, uk and imported, end and top trimmed","10 samples, UK and imported, end and top trimmed",DG,13-330,"PHE, Nutrient analysis of fresh and processed fruit and vegetables with respect to fibre, 2017",
13-331,13-331,1,2298,"Radish, white/mooli, raw","radish, white/mooli, raw literature sources",Literature sources,DG,,"Vegetables, Herbs and Spices Supplement, 1991",
14-393,14-393,1,2299,"Raisins, dried","raisins, dried 10 samples, 10 products, not including soft, ready-to-eat, or partially hydrated","10 samples, 10 products, not including soft, ready-to-eat, or partially hydrated",FA,14-242,"PHE, Nutrient analysis of fresh and processed fruit and vegetables with respect to fibre, 2017",
17-832,17-832,1,2300,"Raita, homemade","raita, homemade recipe, spiced curd/yoghurt","Recipe, spiced curd/yoghurt",WC,17-572,Updated 2014,
12-595,12-595,1,2301,"Raita, yogurt and gram flour, homemade","raita, yogurt and gram flour, homemade recipe",Recipe,BV,12-457,Updated 2014,
14-243,14-243,1,2302,"Rambutan, flesh only","rambutan, flesh only literature sources",Literature sources,FA,,"Fruit and Nuts Supplement, 1992",
13-333,13-333,1,2303,"Rape leaves, raw","rape leaves, raw literature sources",Literature sources,DG,,"Gopalan et al (1980) Nutritive value of Indian foods, and Wu Leung et al. (1972) Food composition table for use in East Asia.",
14-375,14-375,1,2304,"Raspberries, raw","raspberries, raw 11 samples, mixture of uk and imported","11 samples, mixture of UK and imported",FA,14-244,"PHE, Nutrient analysis of fresh and processed fruit and vegetables with respect to fibre, 2017",
14-245,14-245,1,2305,"Raspberries, stewed with sugar","raspberries, stewed with sugar calculated from 700g fruit, 105g water, 84g sugar","Calculated from 700g fruit, 105g water, 84g sugar",FA,,"Fruit and Nuts Supplement, 1992",
14-246,14-246,1,2306,"Raspberries, stewed without sugar","raspberries, stewed without sugar calculated from 700g fruit, 105g water","Calculated from 700g fruit, 105g water",FA,,"Fruit and Nuts Supplement, 1992",
15-659,15-659,1,2307,"Ratatouille, homemade","ratatouille, homemade recipe adapted from literature sources",Recipe adapted from literature sources,DR,15-571,Recalculated 2013,
15-853,15-853,1,2308,Red pea loaf,red pea loaf recipe. west indian dish. red kidney beans. recipe from a personal collection,Recipe. West Indian dish. Red kidney beans. Recipe from a personal collection,DR,15-573,Updated 2014,
11-877,11-877,1,2309,"Red rice, boiled in unsalted water","red rice, boiled in unsalted water 6 samples, 4 products, camargue rice","6 samples, 4 products, Camargue rice",AC,11-038,Nutrient survey of flours and grains 2005,
16-127,16-127,1,2310,"Red snapper, flesh only, fried in blended oil, weighed with bones and skin","red snapper, flesh only, fried in blended oil, weighed with bones and skin 10 whole fish, shallow fried for 7 minutes per side","10 whole fish, shallow fried for 7 minutes per side",JA,,"LGC, Nutritional survey fish and fish products, 1986-1987",
16-128,16-128,1,2311,"Red snapper, flesh only, fried in blended oil, weighed with bones and skin","red snapper, flesh only, fried in blended oil, weighed with bones and skin calculated from fried in blended oil 16-127",Calculated from fried in blended oil 16-127,JA,,"LGC, Nutritional survey fish and fish products, 1986-1987",
16-129,16-129,1,2312,"Red snapper, flesh only, fried in sunflower oil","red snapper, flesh only, fried in sunflower oil 10 whole fish, shallow fried for 7 minutes per side","10 whole fish, shallow fried for 7 minutes per side",JA,,"LGC, Nutritional survey fish and fish products, 1986-1987",
16-130,16-130,1,2313,"Red snapper, flesh only, fried in sunflower oil, weighed with bones and skin","red snapper, flesh only, fried in sunflower oil, weighed with bones and skin calculated from fried in sunflower oil 16-129",Calculated from fried in sunflower oil 16-129,JA,,"LGC, Nutritional survey fish and fish products, 1986-1987",
16-126,16-126,1,2314,"Red snapper, flesh only, raw","red snapper, flesh only, raw literature sources and calculation from fried",Literature sources and calculation from fried,JA,,"Fish and Fish Products Supplement, 1993",
14-249,14-249,1,2315,"Redcurrants, raw","redcurrants, raw whole fruit, stalks removed","Whole fruit, stalks removed",FA,,"MW4, 1978. Values revised for Fruit and Nuts Supplement, 1992",
14-250,14-250,1,2316,"Redcurrants, stewed with sugar","redcurrants, stewed with sugar calculated from 700g fruit, 210g water, 84g sugar","Calculated from 700g fruit, 210g water, 84g sugar",FA,,"Fruit and Nuts Supplement, 1992",
14-251,14-251,1,2317,"Redcurrants, stewed without sugar","redcurrants, stewed without sugar calculated from 700g fruit, 210g water","Calculated from 700g fruit, 210g water",FA,,"Fruit and Nuts Supplement, 1992",
16-131,16-131,1,2318,"Redfish, raw","redfish, raw literature sources",Literature sources,JA,,"Fish and Fish Products Supplement, 1993",
15-854,15-854,1,2319,Re-fried beans,re-fried beans recipe. mashed kidney bean dish. recipe from review of recipe collection,Recipe. Mashed kidney bean dish. Recipe from review of recipe collection,DR,15-572,Updated 2014,
17-708,17-708,1,2320,"Relish, corn/cucumber/onion","relish, corn/cucumber/onion 9 samples, 5 brands","9 samples, 5 brands",WCN,17-353,"LFRA, Nutrient analysis of miscellaneous foods, 1992; and industry data, 2013",
17-354,17-354,1,2321,"Relish, tomato based","relish, tomato based 9 samples, 4 brands, including chilli and burger relish","9 samples, 4 brands, including chilli and burger relish",WCN,,"Reviewed 2013. LFRA, Nutrient analysis of miscellaneous foods, 1992",
14-252,14-252,1,2322,"Rhubarb, stems only, raw","rhubarb, stems only, raw stems only",Stems only,FA,50-961,"LGC, Nutritional composition of fresh fruit, 1985-1986. Vitamin K1 from Bolton-Smith et al, Br.J. Nutr 83, 2000.",
14-253,14-253,1,2323,"Rhubarb, stems only, stewed with sugar","rhubarb, stems only, stewed with sugar 1000g fruit, 100g water, 120g sugar","1000g fruit, 100g water, 120g sugar",FA,50-962,"Reviewed 2013. LGC, Nutritional composition of fresh fruit, 1985-1986",
14-389,14-389,1,2324,"Rhubarb, stems only, stewed without sugar","rhubarb, stems only, stewed without sugar 11 samples, uk and imported, including outdoor and forced. ends trimmed, cut into chunks and stewed in 1-4 tbsp water for 7-11 minutes","11 samples, UK and imported, including outdoor and forced. Ends trimmed, cut into chunks and stewed in 1-4 tbsp water for 7-11 minutes",FA,14-254,"PHE, Nutrient analysis of fresh and processed fruit and vegetables with respect to fibre, 2017",
15-855,15-855,1,2325,Rice and black-eye beans,rice and black-eye beans recipe. west indian dish. recipe from review of recipe collection,Recipe. West Indian dish. Recipe from review of recipe collection,DR,15-574,Updated 2014,
15-856,15-856,1,2326,"Rice and black-eye beans, brown rice","rice and black-eye beans, brown rice recipe. west indian dish. recipe from review of recipe collection",Recipe. West Indian dish. Recipe from review of recipe collection,DR,15-575,Updated 2014,
15-857,15-857,1,2327,Rice and pigeon peas,rice and pigeon peas recipe. west indian dish. recipe from review of recipe collection,Recipe. West Indian dish. Recipe from review of recipe collection,DR,15-576,Updated 2014,
15-858,15-858,1,2328,"Rice and pigeon peas, brown rice","rice and pigeon peas, brown rice recipe. west indian dish. recipe from review of recipe collection",Recipe. West Indian dish. Recipe from review of recipe collection,DR,15-577,Updated 2014,
15-859,15-859,1,2329,Rice and red kidney beans,rice and red kidney beans recipe. west indian dish. recipe from review of recipe collection,Recipe. West Indian dish. Recipe from review of recipe collection,DR,15-578,Updated 2014,
15-860,15-860,1,2330,"Rice and red kidney beans, brown rice","rice and red kidney beans, brown rice recipe. west indian dish. recipe from review of recipe collection",Recipe. West Indian dish. Recipe from review of recipe collection,DR,15-579,Updated 2014,
15-861,15-861,1,2331,Rice and split peas,rice and split peas recipe. west indian dish. recipe from review of recipe collection,Recipe. West Indian dish. Recipe from review of recipe collection,DR,15-580,Updated 2014,
15-862,15-862,1,2332,"Rice and split peas, brown rice","rice and split peas, brown rice recipe. west indian dish. recipe from review of recipe collection",Recipe. West Indian dish. Recipe from review of recipe collection,DR,15-581,Updated 2014,
11-867,11-867,1,2333,"Rice, brown, basmati, boiled in unsalted water","rice, brown, basmati, boiled in unsalted water 6 samples, 5 products","6 samples, 5 products",AC,,"LGC, Nutrient survey of flours and grains, 2005",
11-866,11-866,1,2334,"Rice, brown, basmati, raw","rice, brown, basmati, raw 6 samples, 5 products","6 samples, 5 products",AC,,"LGC, Nutrient survey of flours and grains, 2005",
11-871,11-871,1,2335,"Rice, brown, easy cook, boiled in unsalted water","rice, brown, easy cook, boiled in unsalted water 6 samples, 5 products, including italian and american","6 samples, 5 products, including Italian and American",AC,,"LGC, Nutrient survey of flours and grains, 2005",
11-870,11-870,1,2336,"Rice, brown, easy cook, raw","rice, brown, easy cook, raw 6 samples, 5 products, including italian and american","6 samples, 5 products, including Italian and American",AC,,"LGC, Nutrient survey of flours and grains, 2005",
11-869,11-869,1,2337,"Rice, brown, wholegrain, boiled in unsalted water","rice, brown, wholegrain, boiled in unsalted water 6 samples, 6 products","6 samples, 6 products",AC,11-443,"LGC, Nutrient survey of flours and grains, 2005",
11-868,11-868,1,2338,"Rice, brown, wholegrain, raw","rice, brown, wholegrain, raw 6 samples, 6 products","6 samples, 6 products",AC,11-442,"LGC, Nutrient survey of flours and grains, 2005",
11-885,11-885,1,2339,"Rice, egg fried, ready cooked, re-heated, retail, not takeaway","rice, egg fried, ready cooked, re-heated, retail, not takeaway 6 samples, 6 products","6 samples, 6 products",AC,,"LGC, Nutrient survey of flours and grains, 2005",
11-444,11-444,1,2340,"Rice, egg fried, takeaway","rice, egg fried, takeaway 10 samples from different outlets",10 samples from different outlets,AC,12-818 12-916 50-298,"Aspland and James, Nutrient analysis of ethnic and takeaway foods, 1997",
11-968,11-968,1,2341,"Rice, pilau, plain, homemade","rice, pilau, plain, homemade recipe from a personal collection",Recipe from a personal collection,AC,11-561,As MW6. Updated 2013,
11-884,11-884,1,2342,"Rice, ready-cooked, ""plain"", re-heated","rice, ready-cooked, ""plain"", re-heated 8 samples, 5 products","8 samples, 5 products",AC,,"LGC, Nutrient survey of flours and grains, 2005",
11-876,11-876,1,2343,"Rice, red, raw","rice, red, raw 6 samples, 4 products, carmargue rice","6 samples, 4 products, Carmargue rice",AC,11-037,Nutrient survey of flours and grains 2005,
11-881,11-881,1,2344,"Rice, savoury, including chicken, beef, mushroom and vegetable varieties, dried, cooked","rice, savoury, including chicken, beef, mushroom and vegetable varieties, dried, cooked 10 samples, 10 products, assorted meat and vegetable varieties. cooked in water according to manufacturer's instructions","10 samples, 10 products, assorted meat and vegetable varieties. Cooked in water according to manufacturer's instructions",AC,11-620,"LGC, Nutrient survey of flours and grains, 2005; and industry data, 2013",
11-880,11-880,1,2345,"Rice, savoury, including chicken, beef, mushroom and vegetable varieties, dried, uncooked","rice, savoury, including chicken, beef, mushroom and vegetable varieties, dried, uncooked 10 samples, 10 products, assorted meat and vegetable varieties","10 samples, 10 products, assorted meat and vegetable varieties",AC,11-039,"LGC, Nutrient survey of flours and grains, 2005",
11-875,11-875,1,2346,"Rice, Thai fragrant, boiled in unsalted water","rice, thai fragrant, boiled in unsalted water 8 samples, 7 products","8 samples, 7 products",AC,,"LGC, Nutrient survey of flours and grains, 2005",
11-874,11-874,1,2347,"Rice, Thai fragrant, raw","rice, thai fragrant, raw 8 samples, 7 products","8 samples, 7 products",AC,,"LGC, Nutrient survey of flours and grains, 2005",
11-858,11-858,1,2348,"Rice, white, basmati, boiled in unsalted water","rice, white, basmati, boiled in unsalted water 11 samples, 9 products","11 samples, 9 products",AC,,"LGC, Nutrient survey of flours and grains, 2005",
11-860,11-860,1,2349,"Rice, white, basmati, easy cook, boiled in unsalted water","rice, white, basmati, easy cook, boiled in unsalted water 7 samples, 5 products","7 samples, 5 products",AC,,"LGC, Nutrient survey of flours and grains, 2005",
11-859,11-859,1,2350,"Rice, white, basmati, easy cook, raw","rice, white, basmati, easy cook, raw 7 samples, 5 products","7 samples, 5 products",AC,,"LGC, Nutrient survey of flours and grains, 2005",
11-857,11-857,1,2351,"Rice, white, basmati, raw","rice, white, basmati, raw 11 samples, 9 products","11 samples, 9 products",AC,11-041,"LGC, Nutrient survey of flours and grains, 2005",
11-879,11-879,1,2352,"Rice, white, Italian ""Arborio"" risotto, boiled in unsalted water","rice, white, italian ""arborio"" risotto, boiled in unsalted water 7 samples, 7 products.","7 samples, 7 products.",AC,,"LGC, Nutrient survey of flours and grains, 2005",
11-878,11-878,1,2353,"Rice, white, Italian Arborio risotto, raw","rice, white, italian arborio risotto, raw 7 samples, 7 products","7 samples, 7 products",AC,,"LGC, Nutrient survey of flours and grains, 2005",
11-862,11-862,1,2354,"Rice, white, long grain, boiled in unsalted water","rice, white, long grain, boiled in unsalted water 10 samples, 9 products","10 samples, 9 products",AC,11-050,"LGC, Nutrient survey of flours and grains, 2005",
11-864,11-864,1,2355,"Rice, white, long grain, easy cook, boiled in unsalted water","rice, white, long grain, easy cook, boiled in unsalted water 10 samples, 9 products","10 samples, 9 products",AC,11-446,"LGC, Nutrient survey of flours and grains, 2005",
11-863,11-863,1,2356,"Rice, white, long grain, easy cook, raw","rice, white, long grain, easy cook, raw 10 samples, 9 products","10 samples, 9 products",AC,11-445,"LGC, Nutrient survey of flours and grains, 2005",
11-861,11-861,1,2357,"Rice, white, long grain, raw","rice, white, long grain, raw 10 samples, 9 products","10 samples, 9 products",AC,11-049,"LGC, Nutrient survey of flours and grains, 2005",
11-865,11-865,1,2358,"Rice, white, pudding, raw","rice, white, pudding, raw 8 samples, 7 products","8 samples, 7 products",AC,,"LGC, Nutrient survey of flours and grains, 2005",
11-873,11-873,1,2359,"Rice, wild, boiled in unsalted water","rice, wild, boiled in unsalted water 5 samples, 3 products","5 samples, 3 products",AC,,"LGC, Nutrient survey of flours and grains, 2005",
11-872,11-872,1,2360,"Rice, wild, raw","rice, wild, raw 5 samples, 3 products","5 samples, 3 products",AC,,"LGC, Nutrient survey of flours and grains, 2005",
19-566,19-566,1,2361,"Risotto, chicken, homemade","risotto, chicken, homemade recipe",Recipe,MR,19-384,Updated 2014,
11-999,11-999,1,2362,"Risotto, plain, homemade","risotto, plain, homemade recipe",Recipe,AT,11-605,Recalculated 2013,
15-864,15-864,1,2363,"Risotto, vegetable, brown rice","risotto, vegetable, brown rice recipe. brown rice, vegetables, red kidney beans and cashew nuts. recipe from leeds polytechnic","Recipe. Brown rice, vegetables, red kidney beans and cashew nuts. Recipe from Leeds Polytechnic",DR,15-582,Updated 2014,
15-863,15-863,1,2364,"Risotto, white rice, vegetable, homemade","risotto, white rice, vegetable, homemade risotto rice, vegetables, red kidney beans and cashew nuts. recipe from leeds polytechnic","Risotto rice, vegetables, red kidney beans and cashew nuts. Recipe from Leeds Polytechnic",DR,,Updated 2014,
15-281,15-281,1,2365,"Rissoles, brown rice, fried in sunflower oil","rissoles, brown rice, fried in sunflower oil recipe from dietary survey records",Recipe from dietary survey records,DR,,"Vegetable Dishes Supplement, 1992.",
15-282,15-282,1,2366,"Rissoles, brown rice, fried in vegetable oil","rissoles, brown rice, fried in vegetable oil recipe from dietary survey records.",Recipe from dietary survey records.,DR,,"Vegetable Dishes Supplement, 1992.",
15-865,15-865,1,2367,"Rissoles, chick pea, fried in sunflower oil","rissoles, chick pea, fried in sunflower oil recipe from dietary survey records",Recipe from dietary survey records,DR,15-583,Updated 2014,
15-866,15-866,1,2368,"Rissoles, chick pea, fried in vegetable oil","rissoles, chick pea, fried in vegetable oil recipe from dietary survey records",Recipe from dietary survey records,DR,15-584,Updated 2014,
15-279,15-279,1,2369,"Rissoles, lentil, fried in sunflower oil","rissoles, lentil, fried in sunflower oil recipe from review of recipe collection",Recipe from review of recipe collection,DR,,"Vegetable Dishes Supplement, 1992.",
15-280,15-280,1,2370,"Rissoles, lentil, fried in vegetable oil","rissoles, lentil, fried in vegetable oil recipe from review of recipe collection",Recipe from review of recipe collection,DR,,"Vegetable Dishes Supplement, 1992.",
15-867,15-867,1,2371,"Rissoles, vegetable, fried in sunflower oil","rissoles, vegetable, fried in sunflower oil recipe. potato, turnip, carrot and pea. recipe from dietary survey records","Recipe. Potato, turnip, carrot and pea. Recipe from dietary survey records",DR,15-585,Updated 2014,
15-868,15-868,1,2372,"Rissoles, vegetable, fried in vegetable oil","rissoles, vegetable, fried in vegetable oil recipe. potato, turnip, carrot and pea. recipe from dietary survey records","Recipe. Potato, turnip, carrot and pea. Recipe from dietary survey records",DR,15-586,Updated 2014,
11-1109,11-1109,1,2373,"Rock cakes, homemade","rock cakes, homemade recipe",Recipe,AN,11-646,Updated 2014,
16-134,16-134,1,2374,"Rock Salmon/Dogfish, in batter, fried in blended oil","rock salmon/dogfish, in batter, fried in blended oil samples as fried in retail blend oil, fatty acids calculated","Samples as fried in retail blend oil, fatty acids calculated",JA,50-573,"LGC, Analytical survey of fish and fish products, 1991-1992",
16-135,16-135,1,2375,"Rock Salmon/Dogfish, in batter, fried in blended oil, weighed with bones","rock salmon/dogfish, in batter, fried in blended oil, weighed with bones calculated from fried in blended oil 16-134",Calculated from fried in blended oil 16-134,JA,50-574,"LGC, Analytical survey of fish and fish products, 1991-1992",
16-136,16-136,1,2376,"Rock Salmon/Dogfish, in batter, fried in dripping","rock salmon/dogfish, in batter, fried in dripping samples as fried in retail blend oil 16-138 fatty acids calculated",Samples as fried in retail blend oil 16-138 fatty acids calculated,JA,50-575,"LGC, Analytical survey of fish and fish products, 1991-1992",
16-137,16-137,1,2377,"Rock Salmon/Dogfish, in batter, fried in dripping, weighed with bones","rock salmon/dogfish, in batter, fried in dripping, weighed with bones calculated from fried in dripping 16-136",Calculated from fried in dripping 16-136,JA,50-576,"LGC, Analytical survey of fish and fish products, 1991-1992",
16-138,16-138,1,2378,"Rock Salmon/Dogfish, in batter, fried in retail blend oil","rock salmon/dogfish, in batter, fried in retail blend oil 10 samples purchased from fish and chip shops, fatty acids calculated","10 samples purchased from fish and chip shops, fatty acids calculated",JA,,"LGC, Analytical survey of fish and fish products, 1991-1992",
16-139,16-139,1,2379,"Rock Salmon/Dogfish, in batter, fried in retail blend oil, weighed with bones","rock salmon/dogfish, in batter, fried in retail blend oil, weighed with bones calculated from fried in retail blend oil",Calculated from fried in retail blend oil,JA,,"LGC, Analytical survey of fish and fish products, 1991-1992",
16-140,16-140,1,2380,"Rock Salmon/Dogfish, in batter, fried in sunflower oil","rock salmon/dogfish, in batter, fried in sunflower oil samples as fried in retail blend oil, fatty acids calculated","Samples as fried in retail blend oil, fatty acids calculated",JA,,"LGC, Analytical survey of fish and fish products, 1991-1992",
16-141,16-141,1,2381,"Rock Salmon/Dogfish, in batter, fried in sunflower oil, weighed with bones","rock salmon/dogfish, in batter, fried in sunflower oil, weighed with bones calculated from fried in sunflower oil",Calculated from fried in sunflower oil,JA,,"LGC, Analytical survey of fish and fish products, 1991-1992",
16-133,16-133,1,2382,"Rock Salmon/Dogfish, raw","rock salmon/dogfish, raw data from seafish industry authority and literature sources",Data from Seafish Industry Authority and literature sources,JA,,"Fish and Fish Products Supplement, 1993",
13-522,13-522,1,2383,"Rocket, raw","rocket, raw 19 samples, autumn and winter, uk grown and imported","19 samples, autumn and winter, UK grown and imported",DG,,"DH, Nutrient analysis of fruit and vegetables, 2013",
16-301,16-301,1,2384,"Roe, cod, hard, coated in batter, fried","roe, cod, hard, coated in batter, fried 7 samples from fish and chip shops",7 samples from fish and chip shops,JR,,"LGC, Analytical survey of fish and fish products, 1991-1992",
16-299,16-299,1,2385,"Roe, cod, hard, raw","roe, cod, hard, raw 6 samples from assorted outlets",6 samples from assorted outlets,JR,408 550,"LGC, Fish and fish products, 1986-1987",
16-302,16-302,1,2386,"Roe, herring, soft, raw","roe, herring, soft, raw 10 samples from assorted outlets",10 samples from assorted outlets,JR,409 552,"LGC, Nutritional survey fish and fish products, 1986-1987",
16-132,16-132,1,2387,"Rohu, raw","rohu, raw literature sources. imported frozen from bangladesh",Literature sources. Imported frozen from Bangladesh,JA,,Gopalan et al (1980) Nutritive value of Indian foods,
13-882,13-882,1,2388,"Rosemary, dried","rosemary, dried literature sources",Literature sources,H,13-851,"Reviewed 2013. Marsh et al. (1977) Composition of foods: spices and herbs, raw, processed and prepared, Agriculture Handbook No. 8-2; and data from USDA SR26, 2013",
13-892,13-892,1,2389,"Rosemary, fresh","rosemary, fresh 7 samples and calculation from dried",7 samples and calculation from dried,H,13-850,"LGC, Fruit and vegetables, 1989-1990; and data calculated from USDA SR26, 2013",
15-869,15-869,1,2390,"Roulade, spinach","roulade, spinach recipe from dietary survey records",Recipe from dietary survey records,DR,15-587,Updated 2014,
11-1111,11-1111,1,2391,"Rum baba, homemade","rum baba, homemade recipe",Recipe,AP,11-672,Updated 2014,
11-940,11-940,1,2392,Rusks,"rusks 8 samples, 8 products","8 samples, 8 products",AK,11-161 11-162 11-163 11-164,Nutrient analysis of a range of processed foods with particular reference to trans fatty acids 2011,
15-629,15-629,1,2393,"Saag, homemade","saag, homemade 5 samples, spinach curry","5 samples, spinach curry",DR,,"University of Leeds, Nutritional analysis of commonly consumed South Asian foods in the UK, 2007",
13-852,13-852,1,2394,Saffron,saffron literature sources,Literature sources,H,,"Marsh et al. (1977) Composition of foods: spices and herbs, raw, processed and prepared, Agriculture Handbook No. 8-2",
13-854,13-854,1,2395,"Sage, dried, ground","sage, dried, ground literature souces",Literature souces,H,50-850,"Marsh et al. (1977) Composition of foods: spices and herbs, raw, processed and prepared, Agriculture Handbook No. 8-2",
13-853,13-853,1,2396,"Sage, fresh","sage, fresh 5 samples and calculation from dried",5 samples and calculation from dried,H,,"LGC, Fruit and vegetables, 1989-1990",
11-023,11-023,1,2397,"Sago, raw","sago, raw 2 samples from different shops",2 samples from different shops,AA,50-008,"MW3, 1960. Reviewed 2014",
17-703,17-703,1,2398,Salad cream,"salad cream 3 samples, different brands","3 samples, different brands",WCG,17-512,"LGC, Dairy products and eggs, 1989; and industry data, 2013. Vitamin E from Milk Marketing Board, 1992 'Fat, Fatty acids and vitamin E content of a selection of biscuits, cakes and desserts'.",
17-704,17-704,1,2399,"Salad cream, reduced fat","salad cream, reduced fat label and data calculated",Label and data calculated,WCG,17-327,"Industry data, 2013; fatty acids calculated from Fatty Acid Supplement, 1998 (17-452)",
15-870,15-870,1,2400,"Salad, beetroot and onion in French dressing","salad, beetroot and onion in french dressing recipe from review of recipe collection",Recipe from review of recipe collection,DR,15-588,Updated 2014,
15-871,15-871,1,2401,"Salad, Greek","salad, greek recipe. salad with feta cheese, olives and olive oil. recipe from review of recipe collection","Recipe. Salad with feta cheese, olives and olive oil. Recipe from review of recipe collection",DR,15-589,Updated 2014,
15-648,15-648,1,2402,"Salad, green","salad, green lettuce, cucumber, pepper and celery. recipe from review of recipe collection","Lettuce, cucumber, pepper and celery. Recipe from review of recipe collection",DR,15-380,Updated 2013,
15-872,15-872,1,2403,"Salad, pasta, vegetables and mayonnaise","salad, pasta, vegetables and mayonnaise recipe from dietary survey records",Recipe from dietary survey records,DR,15-590,Updated 2014,
15-873,15-873,1,2404,"Salad, potato, with French dressing","salad, potato, with french dressing recipe from review of recipe collection",Recipe from review of recipe collection,DR,15-591,Updated 2014,
15-874,15-874,1,2405,"Salad, potato, with mayonnaise","salad, potato, with mayonnaise recipe from review of recipe collection",Recipe from review of recipe collection,DR,15-592,Updated 2014,
15-654,15-654,1,2406,"Salad, potato, with mayonnaise, retail","salad, potato, with mayonnaise, retail recipe from manufacturers",Recipe from manufacturers,DR,15-297,"Vegetable Dishes Supplement, 1992; and industry data, 2013",
15-875,15-875,1,2407,"Salad, rice, brown","salad, rice, brown recipe. rice, vegetables, nut and raisin. recipe from dietary survey records","Recipe. Rice, vegetables, nut and raisin. Recipe from dietary survey records",DR,15-593,Updated 2014,
15-649,15-649,1,2408,"Salad, rice, homemade","salad, rice, homemade rice, vegetables, nut and raisin. recipe from dietary survey records","Rice, vegetables, nut and raisin. Recipe from dietary survey records",DR,15-381,Updated 2013,
15-876,15-876,1,2409,"Salad, tomato and onion","salad, tomato and onion recipe from review of recipe collection",Recipe from review of recipe collection,DR,15-594,Updated 2014,
15-878,15-878,1,2410,"Salad, Waldorf","salad, waldorf recipe. apple, walnut and celery with mayonnaise. recipe from review of recipe collection","Recipe. Apple, walnut and celery with mayonnaise. Recipe from review of recipe collection",DR,15-596,Updated 2014,
15-294,15-294,1,2411,"Salad, wholemeal pasta, with vegetables and mayonnaise","salad, wholemeal pasta, with vegetables and mayonnaise recipe from dietary survey records",Recipe from dietary survey records,DR,,As Vegetable Dishes Supplement 1992,
19-517,19-517,1,2412,Salami,"salami 22 samples including danish, french, german and italian. 90-100% meat","22 samples including Danish, French, German and Italian. 90-100% meat",MI,19-110,"LGC, Analytical survey of meat products, 1990-1991; and industry data, 2013. Vitamin K1 from Bolton-Smith et al Br.J. Nutr.83, 2000",
19-508,19-508,1,2413,Salami snack,salami snack including peperami and own brand equivalents,Including Peperami and own brand equivalents,MI,19-108,"Industry data, 2013",
19-625,19-625,1,2414,"Salmis of pheasant, homemade","salmis of pheasant, homemade recipe",Recipe,MR,,Updated 2014,
16-453,16-453,1,2415,"Salmon en croute, retail","salmon en croute, retail calculated from manufacturers' proportions",Calculated from manufacturers' proportions,JR,16-304,"Reviewed 2013. Fish and Fish Products Supplement, 1993",
16-359,16-359,1,2416,"Salmon, farmed, flesh only, baked","salmon, farmed, flesh only, baked 10 samples, fresh fillets","10 samples, fresh fillets",J,,"Direct Laboratories, Nutrient analysis catch up project, 2003",
16-357,16-357,1,2417,"Salmon, farmed, flesh only, grilled","salmon, farmed, flesh only, grilled 10 samples, fresh fillets","10 samples, fresh fillets",J,16-327,"Direct Laboratories, Nutrient analysis catch up project, 2003",
16-484,16-484,1,2418,"Salmon, farmed, flesh only, grilled, weighed with bones and skin","salmon, farmed, flesh only, grilled, weighed with bones and skin calculated from 16-357 using edible conversion factor of 0.87",Calculated from 16-357 using edible conversion factor of 0.87,JC,16-345,"Direct Laboratories, Nutrient analysis catch up project, 2003",
16-356,16-356,1,2419,"Salmon, farmed, flesh only, raw","salmon, farmed, flesh only, raw 10 samples, fresh fillets","10 samples, fresh fillets",J,16-326,"Direct Laboratories, Nutrient analysis catch up project, 2003",
16-358,16-358,1,2420,"Salmon, farmed, flesh only, steamed","salmon, farmed, flesh only, steamed 10 samples, fresh fillets","10 samples, fresh fillets",J,16-205,"Direct Laboratories, Nutrient analysis catch up project, 2003",
16-483,16-483,1,2421,"Salmon, farmed, flesh only, steamed, fillets weighed with bones and skin","salmon, farmed, flesh only, steamed, fillets weighed with bones and skin calculated from 16-358 using edible conversion factor of 0.87",Calculated from 16-358 using edible conversion factor of 0.87,JC,16-206,"Direct Laboratories, Nutrient analysis catch up project, 2003",
16-420,16-420,1,2422,"Salmon, pink, canned in brine, drained","salmon, pink, canned in brine, drained 9 samples, 7 products, large bones removed. includes skin and some bones","9 samples, 7 products, large bones removed. Includes skin and some bones",JC,16-346,"DH, Nutrient analysis of fish and fish products, 2013",
16-418,16-418,1,2423,"Salmon, red, canned in brine, drained","salmon, red, canned in brine, drained 10 samples, 10 products, large bones removed. includes skin and some bones","10 samples, 10 products, large bones removed. Includes skin and some bones",JC,16-211,"DH, Nutrient analysis of fish and fish products, 2013",
16-419,16-419,1,2424,"Salmon, red, canned in brine, skinless and boneless, drained","salmon, red, canned in brine, skinless and boneless, drained 4 samples, 3 products","4 samples, 3 products",JC,16-210,"DH, Nutrient analysis of fish and fish products, 2013",
16-412,16-412,1,2425,"Salmon, smoked (cold-smoked)","salmon, smoked (cold-smoked) 11 samples, 11 products. salmon that is cured using salt and then smoked at low temperature; most smoked salmon is cold-smoked","11 samples, 11 products. Salmon that is cured using salt and then smoked at low temperature; most smoked salmon is cold-smoked",JC,16-207,"DH, Nutrient analysis of fish and fish products, 2013",
16-413,16-413,1,2426,"Salmon, smoked (hot-smoked)","salmon, smoked (hot-smoked) 7 samples, 7 products. salmon that has been smoked over heat, flesh only","7 samples, 7 products. Salmon that has been smoked over heat, flesh only",JC,,"DH, Nutrient analysis of fish and fish products, 2013",
16-485,16-485,1,2427,"Salmon, wild, baked","salmon, wild, baked calculated from 16-360 using 16.7% weight loss",Calculated from 16-360 using 16.7% weight loss,JC,,"Direct Laboratories, Nutrient analysis catch up project, 2003",
16-360,16-360,1,2428,"Salmon, wild, flesh only, raw","salmon, wild, flesh only, raw 10 samples, fresh steaks","10 samples, fresh steaks",J,16-326,"Direct Laboratories, Nutrient analysis catch up project, 2003",
16-486,16-486,1,2429,"Salmon, wild, grilled","salmon, wild, grilled calculated from 16-360 using 14.6% weight loss",Calculated from 16-360 using 14.6% weight loss,JC,,"Direct Laboratories, Nutrient analysis catch up project, 2003",
16-487,16-487,1,2430,"Salmon, wild, steamed","salmon, wild, steamed calculated from 16-360 using 12.7% weight loss",Calculated from 16-360 using 12.7% weight loss,JC,,"Direct Laboratories, Nutrient analysis catch up project, 2003",
13-601,13-601,1,2431,"Salsify, flesh only, boiled in unsalted water","salsify, flesh only, boiled in unsalted water ends ttrimmed, boiled 22 minutes, based on boiled in salted water","Ends ttrimmed, boiled 22 minutes, based on boiled in salted water",DG,,"IIFR, The nutritional composition of retail vegetables in the UK, 1984-1987",
13-334,13-334,1,2432,"Salsify, flesh only, raw","salsify, flesh only, raw ends trimmed",Ends trimmed,DG,,"Vegetables, Herbs and Spices Supplement, 1991",
17-367,17-367,1,2433,Salt,"salt 2 samples, table salt","2 samples, table salt",WY,50-1184,"Reviewed 2013. LGC, Analysis of assorted foods, 1994",
16-010,16-010,1,2434,"Salted fish, Chinese, bones removed, steamed","salted fish, chinese, bones removed, steamed 8 assorted varieties",8 assorted varieties,JA,,"Fish and Fish Products Supplement, 1993",
12-467,12-467,1,2435,"Sambar, homemade","sambar, homemade 6 samples, spicy yellow lentil stew","6 samples, spicy yellow lentil stew",DR,,"University of Leeds, Nutritional analysis of commonly consumed South Asian foods in the UK, 2007",
19-596,19-596,1,2436,"Samosas, lamb, baked, homemade","samosas, lamb, baked, homemade recipe",Recipe,MR,19-361,Updated 2014,
19-597,19-597,1,2437,"Samosas, lamb, deep fried in rapeseed oil, homemade","samosas, lamb, deep fried in rapeseed oil, homemade recipe",Recipe,MI,19-362,Updated 2014,
15-305,15-305,1,2438,"Samosas, vegetable, retail","samosas, vegetable, retail 5 samples, 3 brands; mixed vegetable filling","5 samples, 3 brands; mixed vegetable filling",DR,11-354 50-175 15-351,"Reviewed 2013. LGC, Fruit and vegetables, 1989-1990; fatty acids and phytosterols from Fatty Acids Supplement 15-351",
11-955,11-955,1,2439,"Sandwich, white bread, bacon, lettuce and tomato","sandwich, white bread, bacon, lettuce and tomato recipe from university of north london survey of commercial sandwiches",Recipe from University of North London survey of commercial sandwiches,AB,11-563,University of North London 1997. Recalculated in 2013,
11-963,11-963,1,2440,"Sandwich, white bread, cheddar cheese and pickle","sandwich, white bread, cheddar cheese and pickle recipe from university of north london survey of commercial sandwiches",Recipe from University of North London survey of commercial sandwiches,AB,11-564,"University of North London, 1997. Recalculated in 2013",
11-964,11-964,1,2441,"Sandwich, white bread, chicken salad","sandwich, white bread, chicken salad recipe from university of north london survey of commercial sandwiches",Recipe from University of North London survey of commercial sandwiches,AB,11-565,"University of North London, 1997. Recalculated in 2013",
11-966,11-966,1,2442,"Sandwich, white bread, egg mayonnaise","sandwich, white bread, egg mayonnaise recipe from university of north london survey of commercial sandwiches",Recipe from University of North London survey of commercial sandwiches,AB,11-567,"University of North London, 1997. Recalculated in 2013",
11-965,11-965,1,2443,"Sandwich, white bread, ham salad","sandwich, white bread, ham salad recipe from university of north london survey of commercial sandwiches",Recipe from University of North London survey of commercial sandwiches,AB,11-566,"University of North London, 1997. Recalculated in 2013",
11-967,11-967,1,2444,"Sandwich, white bread, tuna mayonnaise","sandwich, white bread, tuna mayonnaise recipe from university of north london survey of commercial sandwiches",Recipe from University of North London survey of commercial sandwiches,AB,11-568,"University of North London, 1997. Recalculated in 2013",
14-256,14-256,1,2445,"Sapodilla, flesh only","sapodilla, flesh only literature sources;",Literature sources;,FA,,"Fruit and Nuts Supplement, 1992",
16-424,16-424,1,2446,"Sardines, canned in brine, drained","sardines, canned in brine, drained 6 samples, 5 products","6 samples, 5 products",JC,16-328,"DH, Nutrient analysis of fish and fish products, 2013",
16-440,16-440,1,2447,"Sardines, canned in olive oil, drained","sardines, canned in olive oil, drained calculated from 16-424 and 17-038",Calculated from 16-424 and 17-038,JC,,"DH, Nutrient analysis of fish and fish products, 2013",
16-439,16-439,1,2448,"Sardines, canned in sunflower oil, drained","sardines, canned in sunflower oil, drained calculated from 16-424, sunflower oil and industry data, 2013","Calculated from 16-424, sunflower oil and industry data, 2013",JC,16-329,"DH, Nutrient analysis of fish and fish products, 2013",
16-422,16-422,1,2449,"Sardines, canned in tomato sauce, whole contents","sardines, canned in tomato sauce, whole contents 9 samples, 8 products","9 samples, 8 products",JC,16-217,"DH, Nutrient analysis of fish and fish products, 2013",
16-438,16-438,1,2450,"Sardines, flesh only, grilled","sardines, flesh only, grilled calculated from raw (analytical data 2010-2011) using weight loss on cooking",Calculated from raw (analytical data 2010-2011) using weight loss on cooking,JC,,"Nutrient analysis of fish and fish products, 2013",
16-488,16-488,1,2451,"Sardines, flesh only, grilled, weighed with skin and bones","sardines, flesh only, grilled, weighed with skin and bones calculated from 16-438 using edible conversion factor of 0.63",Calculated from 16-438 using edible conversion factor of 0.63,JC,,"DH, Nutrient analysis of fish and fish products, 2013",
16-401,16-401,1,2452,"Sardines, flesh only, raw","sardines, flesh only, raw 6 samples, 5 products, frozen and chilled","6 samples, 5 products, frozen and chilled",JC,,"DH, Nutrient analysis of fish and fish products, 2013",
12-593,12-593,1,2453,"Sauce, cheese, packet mix, dry","sauce, cheese, packet mix, dry 10 samples, 4 brands","10 samples, 4 brands",BV,12-271,"Milk Products and Eggs Supplement, 1989; and industry data, 2013. Fat, sat fat, sodium and chloride updated with industry data, 2014 (Colman's products)",
17-628,17-628,1,2454,"Sauce, Chinese cook in, sweet & sour","sauce, chinese cook in, sweet & sour 10 samples, 7 products, chilled and ambient","10 samples, 7 products, chilled and ambient",WC,,"Direct Laboratories, Nutrient analysis catch up project, 2003; and industry data, 2013",
17-629,17-629,1,2455,"Sauce, Chinese stir fry","sauce, chinese stir fry 10 samples, 10 products, including black bean and szechuan, chilled and ambient","10 samples, 10 products, including black bean and Szechuan, chilled and ambient",WC,,"Direct Laboratories, Nutrient analysis catch up project, 2003; and industry data, 2013",
15-879,15-879,1,2456,"Sauce, curry, onion, with butter, homemade","sauce, curry, onion, with butter, homemade onion base for curry. recipe from review of recipe collection",Onion base for curry. Recipe from review of recipe collection,DR,15-597,Updated 2014,
15-880,15-880,1,2457,"Sauce, curry, onion, with vegetable oil, homemade","sauce, curry, onion, with vegetable oil, homemade onion base for curry. recipe from review of recipe collection",Onion base for curry. Recipe from review of recipe collection,DR,15-598,Updated 2014,
15-751,15-751,1,2458,"Sauce, curry, sweet, UK type, homemade","sauce, curry, sweet, uk type, homemade recipe. basic uk-type sauce with fruit and coconut. recipe from review of recipe collection",Recipe. Basic UK-type sauce with fruit and coconut. Recipe from review of recipe collection,DR,15-599,Updated 2014,
15-881,15-881,1,2459,"Sauce, curry, tomato and onion, homemade","sauce, curry, tomato and onion, homemade recipe. gujerati dish. recipe from a personal collection",Recipe. Gujerati dish. Recipe from a personal collection,DR,15-600,Updated 2014,
17-329,17-329,1,2460,"Sauce, dry, casserole mix","sauce, dry, casserole mix 8 samples, 5 brands; including liver and bacon, sausage, beef bourguignon mixes","8 samples, 5 brands; including liver and bacon, sausage, beef Bourguignon mixes",WC,,"Reviewed 2013. LFRA, Nutrient analysis of miscellaneous foods, 1992",
17-330,17-330,1,2461,"Sauce, dry, casserole mix, made up","sauce, dry, casserole mix, made up calculated from 70g powder to 568ml water",Calculated from 70g powder to 568ml water,WC,,"LFRA, Nutrient analysis of miscellaneous foods, 1992",
19-577,19-577,1,2462,"Sauce, duck a l'orange","sauce, duck a l'orange used for duck a l'orange recipe calculations",Used for duck a l'orange recipe calculations,MR,19-395,Updated 2014,
17-626,17-626,1,2463,"Sauce, Indian cook in, korma/tikka masala","sauce, indian cook in, korma/tikka masala 10 samples, 10 products, ambient","10 samples, 10 products, ambient",WC,,"Direct Laboratories, Nutrient analysis catch up project, 2003; and industry data, 2013",
17-625,17-625,1,2464,"Sauce, pasta, carbonara type","sauce, pasta, carbonara type 10 samples, 9 products, chilled and ambient","10 samples, 9 products, chilled and ambient",WC,,"LGC, Nutrient analysis of pasta and pasta sauces, 2003; and industry data, 2013",
17-624,17-624,1,2465,"Sauce, pasta, four cheese","sauce, pasta, four cheese 10 samples, 8 products, chilled and ambient","10 samples, 8 products, chilled and ambient",WC,,"LGC, Nutrient analysis of pasta and pasta sauces, 2003; and industry data, 2013",
17-618,17-618,1,2466,"Sauce, pasta, tomato based, for bolognese","sauce, pasta, tomato based, for bolognese 10 samples, 9 products, ambient","10 samples, 9 products, ambient",WC,17-323,"LGC, Nutrient analysis of pasta and pasta sauces, 2003; and industry data, 2013",
17-619,17-619,1,2467,"Sauce, pasta, tomato based, napoletana","sauce, pasta, tomato based, napoletana 11 samples, 10 products, including tomato and basil sauce, ambient","11 samples, 10 products, including tomato and basil sauce, ambient",WC,,"LGC, Nutrient analysis of pasta and pasta sauces, 2003; and industry data, 2013",
17-620,17-620,1,2468,"Sauce, pasta, tomato based, reduced fat","sauce, pasta, tomato based, reduced fat 6 samples, 3 products, ambient","6 samples, 3 products, ambient",WC,,"LGC, Nutrient analysis of pasta and pasta sauces, 2003; and industry data, 2013",
17-621,17-621,1,2469,"Sauce, pasta, tomato based, with added vegetables","sauce, pasta, tomato based, with added vegetables 10 samples, 9 products, including chargrilled vegetable, sweet pepper, arrabbiata and mushroom pasta sauce, ambient","10 samples, 9 products, including chargrilled vegetable, sweet pepper, arrabbiata and mushroom pasta sauce, ambient",WC,,"LGC, Nutrient analysis of pasta and pasta sauces, 2003; and industry data, 2013",
17-827,17-827,1,2470,"Sauce, pasta, white, with ham and mushrooms, homemade","sauce, pasta, white, with ham and mushrooms, homemade recipe",Recipe,WC,17-614,Updated 2014,
17-336,17-336,1,2471,"Sauce, sweet and sour, take-away","sauce, sweet and sour, take-away 7 samples purchased from chinese restaurants, sundry-style dipping sauce","7 samples purchased from Chinese restaurants, sundry-style dipping sauce",WCN,,"LFRA, Nutrient analysis of miscellaneous foods, 1992",
15-882,15-882,1,2472,"Sauce, tomato and mushroom, homemade","sauce, tomato and mushroom, homemade recipe, sauce for pasta or pizza. recipe from review of recipe collection","Recipe, Sauce for pasta or pizza. Recipe from review of recipe collection",DR,15-601,Updated 2014,
17-834,17-834,1,2473,"Sauce, tomato based, homemade","sauce, tomato based, homemade recipe",Recipe,WC,17-581,Updated 2014,
17-630,17-630,1,2474,"Sauce, traditional cook in, tomato based","sauce, traditional cook in, tomato based 10 samples including chasseur and red wine sauce, chilled and ambient","10 samples including chasseur and red wine sauce, chilled and ambient",WC,17-295,"Direct Laboratories, Nutrient analysis catch up project, 2003; and industry data, 2013",
17-631,17-631,1,2475,"Sauce, traditional cook in, white sauce based","sauce, traditional cook in, white sauce based 110 samples, 10 products, including white wine sauces, cheese sauces and creamy sauces, chilled and ambient","110 samples, 10 products, including white wine sauces, cheese sauces and creamy sauces, chilled and ambient",WC,17-295,"Direct Laboratories, Nutrient analysis catch up project, 2003",
17-627,17-627,1,2476,"Sauces, Indian cook in, other","sauces, indian cook in, other 10 samples, 9 products, including balti, rogan josh, jalfrezi, ambient","10 samples, 9 products, including balti, rogan josh, jalfrezi, ambient",WC,,"Direct Laboratories, Nutrient analysis catch up project, 2003; and industry data, 2013",
13-336,13-336,1,2477,Sauerkraut,"sauerkraut 10 samples, 3 brands. bottled and canned, drained","10 samples, 3 brands. Bottled and canned, drained",DR,,"Reviewed 2013. LGC, Canned and other processed vegetable products survey, 1985",
19-468,19-468,1,2478,"Sausage roll, flaky pastry, ready-to-eat, retail","sausage roll, flaky pastry, ready-to-eat, retail 10 samples, 10 products, mini and large","10 samples, 10 products, mini and large",MI,,"DH, Nutrient analysis of a range of processed foods with particular reference to trans fatty acids, 2013",
19-643,19-643,1,2479,"Sausage rolls, short pastry, homemade","sausage rolls, short pastry, homemade recipe",Recipe,MI,19-068,Updated 2014,
19-653,19-653,1,2480,"Sausages, beef, fried in vegetable oil","sausages, beef, fried in vegetable oil 6 samples of thick sausages, chilled","6 samples of thick sausages, chilled",MI,19-076,"LGC, Analytical survey of meat products, 1990-1991; CCFRA, Programme of mini surveys: survey of sausages, 2003; and industry data, 2013",
19-489,19-489,1,2481,"Sausages, beef, grilled","sausages, beef, grilled 6 samples of thick sausages, chilled. approx 60-81% meat","6 samples of thick sausages, chilled. Approx 60-81% meat",MI,19-077,"LGC, Analytical survey of meat products, 1990-1991; CCFRA, Programme of mini surveys: survey of sausages, 2003; and industry data, 2013",
19-656,19-656,1,2482,"Sausages, beef, raw","sausages, beef, raw 6 samples of thick sausages. 50-55% meat, chilled","6 samples of thick sausages. 50-55% meat, chilled",MI,19-075,"LGC, Analytical survey of meat products, 1990-1991; CCFRA, Programme of mini surveys: survey of sausages, 2003; and industry data, 2013",
19-512,19-512,1,2483,"Sausages, pork, chilled, fried in vegetable oil","sausages, pork, chilled, fried in vegetable oil 16 samples",16 samples,MI,19-079,"LGC, Analytical survey of meat products, 1990-1991; and industry data, 2013",
19-509,19-509,1,2484,"Sausages, pork, chilled, grilled","sausages, pork, chilled, grilled 16 samples",16 samples,MI,19-080,"LGC, Analytical survey of meat products, 1990-1991; and industry data, 2013",
19-654,19-654,1,2485,"Sausages, pork, frozen, fried in vegetable oil","sausages, pork, frozen, fried in vegetable oil analysis and calculation from 19-081",Analysis and calculation from 19-081,MI,19-082,"LGC, Analytical survey of meat products, 1990-1991; and industry data, 2013",
19-655,19-655,1,2486,"Sausages, pork, frozen, grilled","sausages, pork, frozen, grilled 10 samples",10 samples,MI,19-083,"LGC, Analytical survey of meat products, 1990-1991; and industry data, 2013",
19-510,19-510,1,2487,"Sausages, pork, raw","sausages, pork, raw average of frozen and chilled samples, thick and thin, 65-70% meat","Average of frozen and chilled samples, thick and thin, 65-70% meat",MI,19-318,"LGC, Analytical survey of meat products, 1990-1991; and industry data, 2013",
19-662,19-662,1,2488,"Sausages, pork, reduced fat, fried in vegetable oil","sausages, pork, reduced fat, fried in vegetable oil 7 samples, 5 brands of thin and thick sausages, chilled/frozen","7 samples, 5 brands of thin and thick sausages, chilled/frozen",MI,19-085,"LGC, Analytical survey of meat products, 1990-1991; CCFRA, Programme of mini surveys: survey of sausages, 2003; and industry data, 2013",
19-511,19-511,1,2489,"Sausages, pork, reduced fat, grilled","sausages, pork, reduced fat, grilled 7 samples, 5 brands, frozen and chilled, 65-68% meat","7 samples, 5 brands, frozen and chilled, 65-68% meat",MI,19-086,"LGC, Analytical survey of meat products, 1990-1991; CCFRA, Programme of mini-surveys: survey of sausages, 2003; and industry data, 2013",
19-658,19-658,1,2490,"Sausages, pork, reduced fat, raw","sausages, pork, reduced fat, raw 7 samples, 5 brands of thin and thick sausages. 50-65% meat, chilled/frozen","7 samples, 5 brands of thin and thick sausages. 50-65% meat, chilled/frozen",MI,19-084,"LGC, Analytical survey of meat products, 1990-1991; CCFRA, Programme of mini-surveys: survey of sausages, 2003; and industry data, 2013",
19-661,19-661,1,2491,"Sausages, premium, fried in vegetable oil","sausages, premium, fried in vegetable oil analyses and calculation from 19-094, chilled","Analyses and calculation from 19-094, chilled",MI,19-094,"LGC, Analytical survey of meat products, 1990-1991",
19-513,19-513,1,2492,"Sausages, premium, grilled","sausages, premium, grilled analyses and calculation from 19-093, chilled","Analyses and calculation from 19-093, chilled",MI,19-095,"LGC, Analytical survey of meat products, 1990-1991; industry data, 2013; and CCFRA, Programme of mini-surveys: survey of sausages, 2003",
19-657,19-657,1,2493,"Sausages, premium, raw","sausages, premium, raw 10 samples, 9 brands including cumberland and lincolnshire sausages. 50-90% meat","10 samples, 9 brands including Cumberland and Lincolnshire sausages. 50-90% meat",MI,19-093,"LGC, Analytical survey of meat products, 1990-1991; industry data, 2013; and CCFRA, Programme of mini-surveys: survey of sausages, 2003",
15-658,15-658,1,2494,"Sausages, vegetarian, baked/grilled","sausages, vegetarian, baked/grilled 4 samples, 3 brands, baked or grilled","4 samples, 3 brands, baked or grilled",DR,15-365,"Reviewed 2013. RHM, Nutrient analysis of manufactured foods for vegetarians, 1997; and industry data, 2013. Fatty acids from Fatty Acids Supplement 15-361",
19-319,19-319,1,2495,"Saveloy, unbattered, takeaway","saveloy, unbattered, takeaway 20 samples",20 samples,MI,19-111 50-533 19-292,"LGC, Nutritional analysis of meat and poultry products, 1994-1995; fats calculated from Fatty Acid Supplement, 1998 proportions 19-292",
16-262,16-262,1,2496,"Scallops, steamed","scallops, steamed analytical and literature sources",Analytical and literature sources,JM,,"Fish and Fish Products Supplement, 1993",
16-409,16-409,1,2497,"Scampi, coated in breadcrumbs, baked","scampi, coated in breadcrumbs, baked 11 samples, 11 products, frozen and chilled","11 samples, 11 products, frozen and chilled",JR,,"DH, Nutrient analysis of fish and fish products, 2013",
16-443,16-443,1,2498,"Scampi, coated in breadcrumbs, fried in sunflower oil","scampi, coated in breadcrumbs, fried in sunflower oil calculated from baked 16-409 using analysed water and fat values",Calculated from baked 16-409 using analysed water and fat values,JK,16-244,"DH, Nutrient analysis of fish and fish products, 2013",
16-442,16-442,1,2499,"Scampi, in breadcrumbs, frozen, fried in rapeseed oil","scampi, in breadcrumbs, frozen, fried in rapeseed oil calculated from baked 16-409 using analysed water and fat values",Calculated from baked 16-409 using analysed water and fat values,JK,16-243,"DH, Nutrient analysis of fish and fish products, 2013",
11-1112,11-1112,1,2500,"Scones, cheese, homemade","scones, cheese, homemade recipe",Recipe,AP,11-669,Updated 2014,
11-993,11-993,1,2501,"Scones, fruit, retail","scones, fruit, retail 10 samples, 5 brands, 3 bakeries","10 samples, 5 brands, 3 bakeries",AP,11-543,"LGC, Nutrient analysis of bread and morning goods, 1999; and industry data, 2013. Inorganics from Cereals and Cereal Products Supplement (1988)",
11-1115,11-1115,1,2502,"Scones, fruit, wholemeal, homemade","scones, fruit, wholemeal, homemade recipe",Recipe,AP,11-674,Updated 2014,
11-958,11-958,1,2503,"Scones, plain, homemade","scones, plain, homemade recipe",Recipe,AP,11-592,As MW6. Recalculated in 2013,
11-827,11-827,1,2504,"Scones, plain, retail","scones, plain, retail 10 samples, 7 products","10 samples, 7 products",AN,,"DH, Nutrient analysis of biscuits, buns, cakes and pastries, 2011",
11-1113,11-1113,1,2505,"Scones, potato, homemade","scones, potato, homemade recipe",Recipe,AP,11-673,Updated 2014,
11-1114,11-1114,1,2506,"Scones, wholemeal, homemade","scones, wholemeal, homemade recipe. ref. wiles et al. (1980)",Recipe. Ref. Wiles et al. (1980),AP,11-593,Updated 2014,
17-835,17-835,1,2507,"Scotch broth, homemade","scotch broth, homemade recipe",Recipe,WAA,17-606,Updated 2014,
19-518,19-518,1,2508,"Scotch eggs, retail","scotch eggs, retail 10 samples, 8 brands","10 samples, 8 brands",MI,19-320,"MW5, 1991; LGC, Survey of dietary oils and fats, 1981-1982; and industry data, 2013",
11-1116,11-1116,1,2509,"Scotch pancakes, homemade","scotch pancakes, homemade recipe",Recipe,AP,11-675,Updated 2014,
11-544,11-544,1,2510,"Scotch pancakes, retail","scotch pancakes, retail 6 samples, 4 brands","6 samples, 4 brands",AP,11-270 50-148,"LGC, Nutrient analysis of bread and morning goods, 1999",
16-454,16-454,1,2511,Seafood selection,"seafood selection recipe. mussels, prawns, squid and cockles","Recipe. Mussels, prawns, squid and cockles",JR,16-306,Updated 2013,
16-415,16-415,1,2512,Seafood sticks,"seafood sticks 8 samples, 7 products, frozen and chilled","8 samples, 7 products, frozen and chilled",JR,16-273,"DH, Nutrient analysis of fish and fish products, 2013",
13-337,13-337,1,2513,"Seakale, stem only, boiled in unsalted water","seakale, stem only, boiled in unsalted water boiled 20 minutes",Boiled 20 minutes,DG,,"MW4, 1978. Values revised for Vegetables, Herbs and Spices Supplement, 1991",
13-338,13-338,1,2514,"Seaweed, Irish moss, raw","seaweed, irish moss, raw literature sources",Literature sources,DG,,"Haytowitz and Matthews (1984) Composition of foods: vegetables and vegetable products, raw, processed and prepared, Agricultural Handbook No. 8-11",
13-339,13-339,1,2515,"Seaweed, kombu, dried, raw","seaweed, kombu, dried, raw analysis and literature sources",Analysis and literature sources,DG,,"Vegetables, Herbs and Spices Supplement, 1991",
13-340,13-340,1,2516,"Seaweed, nori, dried, raw","seaweed, nori, dried, raw analysis and literature sources",Analysis and literature sources,DG,,"Vegetables, Herbs and Spices Supplement, 1991",
13-341,13-341,1,2517,"Seaweed, wakame, dried, raw","seaweed, wakame, dried, raw analysis and literature sources",Analysis and literature sources,DG,,"Vegetables, Herbs and Spices Supplement, 1991",
11-903,11-903,1,2518,"Semolina, raw","semolina, raw 6 samples, 5 products","6 samples, 5 products",AA,11-024,Nutrient survey of flours and grains 2005,
16-367,16-367,1,2519,"Sesame prawn toast, takeaway","sesame prawn toast, takeaway 10 sub-samples, 2 from different establishments in each of 5 regions","10 sub-samples, 2 from different establishments in each of 5 regions",JR,16-321,"Aspland and James Ltd, Nutrient analysis of ethnic takeaway foods, 1997",
14-844,14-844,1,2520,Sesame seeds,"sesame seeds 10 samples, with and without hulls","10 samples, with and without hulls",GA,50-944 14-858,"Reviewed 2013. LGC, Fatty acid composition of foods, 1987; and Fruit and Nuts Supplement, 1992",
17-836,17-836,1,2521,"Sev/ganthia, homemade","sev/ganthia, homemade recipe, savoury indian snack","Recipe, savoury Indian snack",SNC,17-558,Updated 2014,
11-915,11-915,1,2522,"Sevyian, homemade","sevyian, homemade 6 samples, dessert made from vermicelli and milk","6 samples, dessert made from vermicelli and milk",AS,11-676,"University of Leeds, Nutritional analysis of commonly consumed South Asian foods in the UK, 2007",
13-342,13-342,1,2523,"Shallots, raw","shallots, raw literature sources",Literature sources,DG,,"Vegetables, Herbs and Spices Supplement, 1991",
17-760,17-760,1,2524,"Shandy, 50% lager, homemade","shandy, 50% lager, homemade calculated from standard lager and standard lemonade",Calculated from standard lager and standard lemonade,QA,17-218,Updated 2014,
17-821,17-821,1,2525,"Shandy, bottled or canned","shandy, bottled or canned <1% abv, typically 10-12% beer or lager. 10 cans, 4 brands","<1% ABV, typically 10-12% beer or lager. 10 cans, 4 brands",QA,17-217,"Reviewed 2013. LGC, Alcoholic beverages, soft drinks and tea and coffee, 1983-1984",
16-142,16-142,1,2526,"Shark, raw","shark, raw data from seafish industry authority and literature sources",Data from Seafish Industry Authority and literature sources,JA,,"Fish and Fish Products Supplement, 1993",
14-259,14-259,1,2527,"Sharon fruit, flesh only","sharon fruit, flesh only 7 samples, persimmon","7 samples, Persimmon",FA,,"LGC, Fruit and vegetables, 1989-1990",
19-626,19-626,1,2528,"Shepherd's pie, homemade","shepherd's pie, homemade recipe",Recipe,MR,19-435,Updated 2014,
15-883,15-883,1,2529,"Shepherd's pie, vegetable","shepherd's pie, vegetable recipe. vegetable and lentil base with potato topping. recipe from review of recipe collection",Recipe. Vegetable and lentil base with potato topping. Recipe from review of recipe collection,DR,15-602,Updated 2014,
15-655,15-655,1,2530,"Shepherd's pie, vegetable, retail","shepherd's pie, vegetable, retail vegetable, lentil and barley base with potato topping. recipe from manufacturer","Vegetable, lentil and barley base with potato topping. Recipe from manufacturer",DR,15-313,"Recipe from manufacturer, 1992; and industry data, 2013",
17-236,17-236,1,2531,"Sherry, medium","sherry, medium 15-19.5% abv. 8 samples; including spanish, british, cyprus, own label","15-19.5% ABV. 8 samples; including Spanish, British, Cyprus, own label",QF,50-1115,"Reviewed 2013. LGC, Alcoholic beverages, soft drinks and tea and coffee survey, 1983-1984. Additional data from 50-1115",
19-525,19-525,1,2532,Shish kebab in pitta bread with salad,"shish kebab in pitta bread with salad calculated from 37% shish kebab (19-150), 27% pitta bread and 36% salad","Calculated from 37% shish kebab (19-150), 27% pitta bread and 36% salad",MR,19-151,Updated 2013,
19-150,19-150,1,2533,"Shish kebab, meat only","shish kebab, meat only 20 samples from assorted takeaways",20 samples from assorted takeaways,MR,,"Reviewed 2013. LGC, Nutrient analysis of retail cuts of lamb, 1993-1994. No new analysis/data available for review",
19-627,19-627,1,2534,"Shish kebabs, with onions and peppers, homemade","shish kebabs, with onions and peppers, homemade recipe",Recipe,MR,19-436,Updated 2014,
11-802,11-802,1,2535,Shortbread,"shortbread 10 samples, 7 products","10 samples, 7 products",AM,11-523,"DH, Nutrient analysis of biscuits, buns, cakes and pastries, 2011",
11-837,11-837,1,2536,"Shortcake, caramel, chocolate covered, retail","shortcake, caramel, chocolate covered, retail 10 samples, 7 products","10 samples, 7 products",AN,,"DH, Nutrient analysis of biscuits, buns, cakes and pastries, 2011",
16-245,16-245,1,2537,"Shrimps, boiled","shrimps, boiled purchased cooked, probably in sea or salt water","Purchased cooked, probably in sea or salt water",JK,,"MW4, 1978. Vitamins, Cu, Zn, Mn, Se and I from Fish and Fish Products Supplement, 1993",
16-246,16-246,1,2538,"Shrimps, boiled, weighed with shells","shrimps, boiled, weighed with shells calculated from boiled 16-245",Calculated from boiled 16-245,JK,,"MW4, 1978. Vitamins, Cu, Zn, Mn, Se and I from Fish and Fish Products Supplement, 1993",
16-247,16-247,1,2539,"Shrimps, canned in brine, drained","shrimps, canned in brine, drained 10 cans, 3 brands","10 cans, 3 brands",JK,50-643,"MW4, 1978. Zn, Mn, Se and I from Fish and Fish Products Supplement, 1993",
16-249,16-249,1,2540,"Shrimps, dried","shrimps, dried 5 packets from chinese supermarkets. shrimps and prawns",5 packets from Chinese supermarkets. Shrimps and prawns,JK,,"Fish and Fish Products Supplement, 1993",
16-248,16-248,1,2541,"Shrimps, frozen","shrimps, frozen 10 packets from chinese supermarkets. shrimps and prawns",10 packets from Chinese supermarkets. Shrimps and prawns,JK,50-642,"Fish and Fish Products Supplement, 1993",
16-144,16-144,1,2542,"Skate, grilled","skate, grilled calculated from raw 16-143",Calculated from raw 16-143,JA,,"Fish and Fish Products Supplement, 1993",
16-145,16-145,1,2543,"Skate, grilled, weighed with bones","skate, grilled, weighed with bones calculated from grilled, wings","Calculated from grilled, wings",JA,,"Fish and Fish Products Supplement, 1993",
16-143,16-143,1,2544,"Skate, raw","skate, raw data from seafish industry authority and literature sources",Data from Seafish Industry Authority and literature sources,JA,,"Fish and Fish Products Supplement, 1993",
17-096,17-096,1,2545,Smartie-type sweets,smartie-type sweets 10 samples including smarties and m & m's,10 samples including Smarties and M & M's,SEA,50-1023,"Reviewed 2013. LGC, Analytical survey of confectionery items, 1992",
17-747,17-747,1,2546,Smoothies,"smoothies retail, chilled, yellow and red fruit smoothies. not made with milk.","Retail, chilled, yellow and red fruit smoothies. Not made with milk.",PE,,"Industry data, 2013",
16-477,16-477,1,2547,"Sole, flesh only, grilled, fillets weighed with skin","sole, flesh only, grilled, fillets weighed with skin calculated from 16-380 using edible conversion factor of 0.77",Calculated from 16-380 using edible conversion factor of 0.77,JA,16-084,"DH, Nutrient analysis of fish and fish products, 2013",
12-393,12-393,1,2548,"Sorbet, fruit","sorbet, fruit 10 samples, assorted flavours","10 samples, assorted flavours",BP,12-216 50-273,"Reviewed 2013. ADAS Laboratories, Nutrient analysis of ice creams and desserts, 1999",
12-958,12-958,1,2549,"Souffle, cheese, homemade","souffle, cheese, homemade recipe",Recipe,CD,12-934,Updated 2014,
12-959,12-959,1,2550,"Souffle, plain, homemade","souffle, plain, homemade recipe",Recipe,CD,12-933,Updated 2014,
17-637,17-637,1,2551,"Soup, broccoli and stilton, carton, chilled","soup, broccoli and stilton, carton, chilled 10 samples, 7 products, including new convent garden and own brands","10 samples, 7 products, including New Convent Garden and own brands",WA,,"Direct Laboratories, Nutrient analysis catch up project, 2003; and industry data, 2013",
17-634,17-634,1,2552,"Soup, carrot and coriander, carton, chilled","soup, carrot and coriander, carton, chilled 8 samples, 5 products, including new convent garden and own brands","8 samples, 5 products, including New Convent Garden and own brands",WA,,"Direct Laboratories, Nutrient analysis catch up project, 2003; and industry data, 2013",
17-776,17-776,1,2553,"Soup, carrot and orange, homemade","soup, carrot and orange, homemade recipe",Recipe,WAA,17-555,Updated 2014,
17-850,17-850,1,2554,"Soup, chicken noodle, dried","soup, chicken noodle, dried 10 packets, 4 brands","10 packets, 4 brands",WAE,17-253,"LFRA, Nutrient analysis of miscellaneous foods, 1992",
17-714,17-714,1,2555,"Soup, chicken noodle, dried, as served","soup, chicken noodle, dried, as served calculated from 35g soup powder to 570ml water",Calculated from 35g soup powder to 570ml water,WAE,17-254,"LFRA, Nutrient analysis of miscellanous foods, 1992",
17-695,17-695,1,2556,"Soup, chicken, cream of, canned","soup, chicken, cream of, canned 10 cans, 3 brands","10 cans, 3 brands",WAC,17-250,"MW5, 1991; and industry data, 2013",
17-696,17-696,1,2557,"Soup, chicken, cream of, canned, condensed","soup, chicken, cream of, canned, condensed 7 cans of the same brand",7 cans of the same brand,WAC,17-251,"MW5, 1991; and industry data, 2013",
17-652,17-652,1,2558,"Soup, cream of tomato, canned","soup, cream of tomato, canned 10 samples, 5 brands","10 samples, 5 brands",WAC,17-278,"DH, Nutrient analysis of a range of processed foods with particular reference to trans fatty acids, 2013",
17-794,17-794,1,2559,"Soup, French onion, homemade","soup, french onion, homemade recipe",Recipe,WAA,17-598,Updated 2014,
17-795,17-795,1,2560,"Soup, gazpacho, homemade","soup, gazpacho, homemade recipe",Recipe,WAA,17-599,Updated 2014,
17-796,17-796,1,2561,"Soup, goulash, homemade","soup, goulash, homemade recipe",Recipe,WAA,17-600,Updated 2014,
17-653,17-653,1,2562,"Soup, instant, dried, as purchased","soup, instant, dried, as purchased 11 samples, 3 brands, powder only, not including croutons","11 samples, 3 brands, powder only, not including croutons",WAE,17-507,"DH, Nutrient analysis of a range of processed foods with particular reference to trans fatty acids, 2013",
17-660,17-660,1,2563,"Soup, instant, dried, as served","soup, instant, dried, as served calculated from instant soup powder, 24g powder made up with 225g water. assorted flavours","Calculated from instant soup powder, 24g powder made up with 225g water. Assorted flavours",WAE,17-508,"DH, Nutrient analysis of a range of processed foods with particular reference to trans fatty acids, 2013",
17-698,17-698,1,2564,"Soup, lentil, canned","soup, lentil, canned 10 cans, 4 brands","10 cans, 4 brands",WAC,17-263,"LFRA, Nutrient analysis of miscellaneous foods, 1992; and industry data, 2013",
17-808,17-808,1,2565,"Soup, lentil, homemade","soup, lentil, homemade recipe",Recipe,WAA,17-601,Updated 2014,
17-699,17-699,1,2566,"Soup, low calorie, canned","soup, low calorie, canned 7 cans, 3 brands; tomato, vegetable and minestrone varieties","7 cans, 3 brands; tomato, vegetable and minestrone varieties",WAC,17-265,"LFRA, Nutrient analysis of miscellaneous foods, 1992; and industry data, 2013",
17-711,17-711,1,2567,"Soup, minestrone, canned","soup, minestrone, canned label data",Label data,WA,17-542,"Industry data, 2013",
17-810,17-810,1,2568,"Soup, minestrone, homemade","soup, minestrone, homemade recipe",Recipe,WAA,17-602,Updated 2014,
17-813,17-813,1,2569,"Soup, mulligatawny, homemade","soup, mulligatawny, homemade recipe",Recipe,WAA,17-603,Updated 2014,
17-635,17-635,1,2570,"Soup, mushroom, carton, chilled","soup, mushroom, carton, chilled 10 samples, 4 products, including new convent garden and own brands","10 samples, 4 products, including New Convent Garden and own brands",WA,,"Direct Laboratories, Nutrient analysis catch up project, 2003",
17-713,17-713,1,2571,"Soup, mushroom, cream of, canned","soup, mushroom, cream of, canned 10 cans, 3 brands","10 cans, 3 brands",WAC,17-270,"MW4, 1978; and industry data, 2013",
17-700,17-700,1,2572,"Soup, oxtail, canned","soup, oxtail, canned 10 cans, 3 brands","10 cans, 3 brands",WAC,17-272,"MW4, 1978; and industry data, 2013",
17-829,17-829,1,2573,"Soup, pea and ham, homemade","soup, pea and ham, homemade recipe",Recipe,WAA,17-604,Updated 2014,
17-831,17-831,1,2574,"Soup, potato and leek, homemade","soup, potato and leek, homemade recipe",Recipe,WAA,17-605,Updated 2014,
17-636,17-636,1,2575,"Soup, tomato, carton, chilled","soup, tomato, carton, chilled 10 samples, 7 products, including new convent garden and own brands","10 samples, 7 products, including New Convent Garden and own brands",WA,,"Direct Laboratories, Nutrient analysis catch up project, 2003",
17-712,17-712,1,2576,"Soup, vegetable, canned","soup, vegetable, canned 10 cans, 3 brands","10 cans, 3 brands",WAC,17-284,"LFRA, Nutrient analysis of miscellaneous foods, 1992; and industry data, 2013",
17-684,17-684,1,2577,"Soup, vegetable, homemade","soup, vegetable, homemade recipe",Recipe,WAA,17-607,Updated 2013,
17-721,17-721,1,2578,"Soy sauce, light and dark varieties","soy sauce, light and dark varieties 8 samples, 4 brands","8 samples, 4 brands",WCN,17-334,"LFRA, Nutrient analysis of miscellaneous foods, 1992; and industry data, 2013",
19-628,19-628,1,2579,"Spaghetti bolognese, homemade","spaghetti bolognese, homemade recipe, including meat, sauce and spaghetti","Recipe, including meat, sauce and spaghetti",MR,19-425,Updated 2014,
19-542,19-542,1,2580,"Spaghetti bolognese, retail, meat and sauce only, reheated","spaghetti bolognese, retail, meat and sauce only, reheated 12 samples, 10-18% meat, chilled and frozen","12 samples, 10-18% meat, chilled and frozen",MR,19-328,"LGC, Nutrient analysis of foods important in elderly people, 1994; and industry data, 2013",
19-524,19-524,1,2581,"Spaghetti bolognese, retail, reheated, with spaghetti","spaghetti bolognese, retail, reheated, with spaghetti recipe. calculated using 56% spaghetti and 44% meat and sauce, chilled and frozen","Recipe. calculated using 56% spaghetti and 44% meat and sauce, chilled and frozen",MR,19-353,"LGC, Nutrient analysis of foods important in elderly people, 1994; industry data, 2013; and LGC, Nutrient analysis of pasta and pasta sauces, 2004",
13-550,13-550,1,2582,"Spinach, baby, boiled in unsalted water","spinach, baby, boiled in unsalted water calculated from raw using a weight loss of 19.8%",Calculated from raw using a weight loss of 19.8%,DG,,"DH, Nutrient analysis of fruit and vegetables, 2013",
13-521,13-521,1,2583,"Spinach, baby, raw","spinach, baby, raw 16 samples, autumn and winter, uk grown and imported","16 samples, autumn and winter, UK grown and imported",DG,,"DH, Nutrient analysis of fruit and vegetables, 2013",
17-417,17-417,1,2584,"Spinach, dried","spinach, dried calculated from raw spinach",Calculated from raw spinach,DI,,"Miscellaneous Foods Supplement, 1994",
13-458,13-458,1,2585,"Spinach, frozen, boiled in unsalted water","spinach, frozen, boiled in unsalted water 10 samples, 8 brands, boiled for 2-10 minutes","10 samples, 8 brands, boiled for 2-10 minutes",DG,13-346 50-815,"Reviewed 2013. LGC, Frozen vegetable survey, 1985; with new LGC folate and carotenoid values. Estimated values from 'spinach, fresh, boiled' or 'spinach, raw'. Vitamin K1 from Bolton-Smith et al, Br.J. Nutr 83, 2000",
13-573,13-573,1,2586,"Spinach, mature, boiled in unsalted water","spinach, mature, boiled in unsalted water ribs and stems removed, shredded","Ribs and stems removed, shredded",DG,13-457,"Reviewed 2013. IFR, The nutritional composition of retail vegetables in the UK, 1984-1987; with new LGC folate and carotenoid values. Vitamin K1 from Bolton-Smith et al, Br.J. Nutr 83, 2000",
13-572,13-572,1,2587,"Spinach, mature, raw","spinach, mature, raw ribs and stems removed",Ribs and stems removed,DG,13-456,"Reviewed 2013. IFR, The nutritional composition of retail vegetables in the UK, 1984-1987; with new LGC folate and carotenoid values. Vitamin K1 from Bolton-Smith et al, Br.J. Nutr 83, 2000",
17-247,17-247,1,2588,"Spirits, 40% volume","spirits, 40% volume mean of brandy, gin, rum, whisky and vodka","Mean of brandy, gin, rum, whisky and vodka",QK,50-1122,"Reviewed 2013. MW5, 1991. Vitamin K1 from Bolton-Smith et al Br.J. Nutr. 83, 2000. Additional data from 50-1122",
16-219,16-219,1,2589,"Sprats, fried","sprats, fried analysis and calculation from raw; fish without heads, deep fried","Analysis and calculation from raw; fish without heads, deep fried",JC,,"LGC, Nutritional survey fish and fish products, 1986-1987",
16-220,16-220,1,2590,"Sprats, fried, weighed with bones","sprats, fried, weighed with bones calculated from fried 16-219",Calculated from fried 16-219,JC,,"LGC, Nutritional survey fish and fish products, 1986-1987",
16-218,16-218,1,2591,"Sprats, raw","sprats, raw 10 samples from assorted outlets, purchased whole","10 samples from assorted outlets, purchased whole",JC,392,"LGC, Nutritional survey fish and fish products, 1986-1987",
13-350,13-350,1,2592,"Spring greens, boiled in unsalted water","spring greens, boiled in unsalted water based on boiled in salted water",Based on boiled in salted water,DG,50-817,"IFR, The nutritional composition of retail vegetables in the UK, 1984-1987; Vitamin K1 from Bolton-Smith et al, Br.J. Nutr 83, 2000",
13-348,13-348,1,2593,"Spring greens, raw","spring greens, raw main ribs and stems removed",Main ribs and stems removed,DG,50-816,"IFR, The nutritional composition of retail vegetables in the UK, 1984-1987",
13-352,13-352,1,2594,"Spring onions, bulbs and tops, raw","spring onions, bulbs and tops, raw peeled bulb and leaves",Peeled bulb and leaves,DG,50-818,"Reviewed 2013. IFR, The nutritional composition of retail vegetables in the UK, 1984-1987",
13-351,13-351,1,2595,"Spring onions, bulbs only, raw","spring onions, bulbs only, raw peeled",Peeled,DG,,"IFR, The nutritional composition of retail vegetables in the UK, 1984-1987",
19-327,19-327,1,2596,"Spring rolls, meat, takeaway","spring rolls, meat, takeaway 10 samples",10 samples,MR,19-294,"Aspland and James Ltd, Nutrient analysis of ethnic and takeaway foods, 1997; fatty acids as Fatty Acids Supplement 19-294. No new analysis/data available for review",
13-354,13-354,1,2597,"Squash, acorn, baked","squash, acorn, baked literature sources and calculation from raw",Literature sources and calculation from raw,DG,,"Haytowitz and Matthews (1984) Composition of foods: vegetables and vegetable products, raw, processed and prepared, Agricultural Handbook No. 8-2, and calculation from raw",
13-353,13-353,1,2598,"Squash, acorn, raw","squash, acorn, raw literature sources",Literature sources,DG,,"Haytowitz and Matthews (1984) Composition of foods: vegetables and vegetable products, raw, processed and prepared, Agricultural Handbook No. 8-2, and literature sources",
13-644,13-644,1,2599,"Squash, butternut, baked","squash, butternut, baked 11 samples, imported, flesh only, loose and prepacked chunks","11 samples, imported, flesh only, loose and prepacked chunks",DG,13-356,"PHE, Nutrient analysis of fresh and processed fruit and vegetables with respect to fibre, 2017",
13-643,13-643,1,2600,"Squash, butternut, boiled in unsalted water","squash, butternut, boiled in unsalted water calculated from baked. water analysed, 2017. 11 samples, imported, flesh only, loose and prepacked chunks. cut into chunks and boiled for 15-20 minutes","Calculated from baked. Water analysed, 2017. 11 samples, imported, flesh only, loose and prepacked chunks. Cut into chunks and boiled for 15-20 minutes",DG,,"PHE, Nutrient analysis of fresh and processed fruit and vegetables with respect to fibre, 2017",
13-355,13-355,1,2601,"Squash, butternut, raw","squash, butternut, raw analytical and literature sources",Analytical and literature sources,DG,,"Vegetables, Herbs and Spices Supplement, 1991",
13-358,13-358,1,2602,"Squash, spaghetti, baked","squash, spaghetti, baked literature sources and anlaysis",Literature sources and anlaysis,DG,,As raw,
13-357,13-357,1,2603,"Squash, spaghetti, raw","squash, spaghetti, raw literature sources and analysis",Literature sources and analysis,DG,,"Haytowitz and Matthews (1984) Composition of foods: vegetables and vegetable products, raw, processed and prepared, Agricultural Handbook No. 8-2, and analysis",
16-267,16-267,1,2604,"Squid, dried","squid, dried literature sources and calculation from raw",Literature sources and calculation from raw,JM,,"Wu Leung et al (1972) Food composition table for use in East Asia, and calculation from raw",
16-263,16-263,1,2605,"Squid, raw","squid, raw analytical and literature sources",Analytical and literature sources,JM,,"Fish and Fish Products Supplement, 1993",
14-059,14-059,1,2606,Star fruit,star fruit carambola. analysis and literature sources; ends trimmed,Carambola. Analysis and literature sources; ends trimmed,FA,,"Fruit and Nuts Supplement, 1992",
19-630,19-630,1,2607,"Steak and kidney pudding, homemade","steak and kidney pudding, homemade recipe",Recipe,MI,19-364,Updated 2014,
19-473,19-473,1,2608,"Stew, beef, homemade","stew, beef, homemade recipe",Recipe,MR,19-334,Updated 2013,
19-550,19-550,1,2609,"Stew, beef, made with lean beef, homemade","stew, beef, made with lean beef, homemade recipe",Recipe,MR,19-374,Updated 2014,
19-590,19-590,1,2610,"Stew, beef, with dumplings, homemade","stew, beef, with dumplings, homemade recipe",Recipe,MR,19-375,Updated 2014,
19-479,19-479,1,2611,"Stew, Irish, homemade","stew, irish, homemade recipe",Recipe,MR,19-341,Updated 2013,
19-585,19-585,1,2612,"Stew, Irish, made with lean lamb, homemade","stew, irish, made with lean lamb, homemade recipe",Recipe,MR,19-342,Updated 2014,
19-460,19-460,1,2613,"Stir-fry beef with green peppers and blackbean sauce, takeaway","stir-fry beef with green peppers and blackbean sauce, takeaway 10 sub-samples, 2 from different establishments in each of 5 regions","10 sub-samples, 2 from different establishments in each of 5 regions",MR,,"Aspland and James Ltd, Nutrient analysis of ethnic takeaway foods, 1997",
17-515,17-515,1,2614,"Stock cubes, beef","stock cubes, beef 10 samples, 6 brands including bovril, oxo and own brands","10 samples, 6 brands including Bovril, Oxo and own brands",WY,17-368 17-476 50-1182,"Reviewed 2013. RHM Technology, Nutrient analysis of selected foods, 1995; and Fatty Acid Supplement, 1998 (17-478)",
17-726,17-726,1,2615,"Stock cubes, chicken","stock cubes, chicken 7 samples, 4 brands including oxo","7 samples, 4 brands including Oxo",WY,17-369,"LFRA, Nutrient analysis of miscellaneous foods, 1992; and industry data, 2013",
17-774,17-774,1,2616,"Stock cubes, chicken, made up with water","stock cubes, chicken, made up with water calcualted from 7g stock cube to 190ml water",Calcualted from 7g stock cube to 190ml water,WY,,"LFRA, Nutrient analysis of miscellaneous foods, 1992; and industry data, 2013",
17-727,17-727,1,2617,"Stock cubes, vegetable","stock cubes, vegetable 8 samples, 4 brands including oxo","8 samples, 4 brands including Oxo",WY,17-370,"LFRA, Nutrient analysis of miscellaneous foods, 1992; and industry data, 2013",
17-680,17-680,1,2618,Stock gel,"stock gel including stock pots, stock melts and squeezy tubes","Including stock pots, stock melts and squeezy tubes",WY,,"Industry data, 2013",
17-681,17-681,1,2619,"Stock, chicken, ready made, retail","stock, chicken, ready made, retail label data",Label data,WY,,"Industry data, 2013",
17-767,17-767,1,2620,"Stout, Guinness","stout, guinness approx. 4% abv. 10 samples including canned, bottled and draft","Approx. 4% ABV. 10 samples including canned, bottled and draft",QA,17-219,"Miscellaneous Foods Supplement, 1994; and industry data, 2013. Vitamin K1 from Bolton-Smith et al Br.J. Nutr. 83, 2000",
14-324,14-324,1,2621,"Strawberries, raw","strawberries, raw 19 samples, summer and autumn, uk grown and imported, including elsanta, sonata, ava, portola and unspecified varieties","19 samples, summer and autumn, UK grown and imported, including Elsanta, Sonata, Ava, Portola and unspecified varieties",FA,14-260,"DH, Nutrient analysis of fruit and vegetables, 2013",
11-919,11-919,1,2622,"Strudel, fruit filled, retail, frozen","strudel, fruit filled, retail, frozen 12 samples, 7 products","12 samples, 7 products",AS,,"ADAS Laboratories, Nutrient analysis of ice creams and desserts, 1999",
17-371,17-371,1,2623,"Stuffing mix, dried","stuffing mix, dried 10 samples, 4 brands; assorted flavours","10 samples, 4 brands; assorted flavours",AT,50-178,"Miscellaneous Foods Supplement, 1994",
17-372,17-372,1,2624,"Stuffing mix, dried, assorted flavours, made up","stuffing mix, dried, assorted flavours, made up made up according to packet directions",Made up according to packet directions,AT,50-179,"MW5, 1991",
11-1000,11-1000,1,2625,"Stuffing, sage and onion, homemade","stuffing, sage and onion, homemade recipe",Recipe,AT,11-606,As MW6. Recalculated in 2013,
17-011,17-011,1,2626,"Suet, shredded","suet, shredded beef. 6 samples of the same brand",Beef. 6 samples of the same brand,OF,50-319 17-473,"Reviewed 2013. MW4, 1978. Data from Fatty Acids Supplement 17-473 not integrated as samples and data do not match this code",
17-759,17-759,1,2627,"Suet, vegetable, reduced fat","suet, vegetable, reduced fat manufacturer's data (atora)",Manufacturer's data (Atora),OF,17-012,"Industry data, 2013",
14-076,14-076,1,2628,"Sugar apple, flesh only","sugar apple, flesh only literature sources, annona squamosa, sometimes known as custard apple","Literature sources, Annona squamosa, sometimes known as custard apple",FA,,"Fruit and Nuts Supplement, 1992",
17-060,17-060,1,2629,"Sugar, brown","sugar, brown 3 samples",3 samples,SC,,"Reviewed 2013. LGC, Analysis of assorted foods, 1994",
17-061,17-061,1,2630,"Sugar, Demerara","sugar, demerara 5 samples",5 samples,SC,50-1010,"Reviewed 2013. LGC, Analysis of assorted foods, 1994",
17-062,17-062,1,2631,"Sugar, icing","sugar, icing analysis and maunfacturers' data",Analysis and maunfacturers' data,SC,,"Miscellaneous Foods Supplement, 1994",
17-063,17-063,1,2632,"Sugar, white","sugar, white granulated and loaf sugar",Granulated and loaf sugar,SC,50-1011,"Reviewed 2013. LGC, Analysis of assorted foods, 1994",
14-263,14-263,1,2633,Sultanas,"sultanas 10 samples, 9 brands; whole fruit","10 samples, 9 brands; whole fruit",FA,50-969,"Reviewed 2013. LGC, Nutritional compositon of fruit products, 1985-1986",
14-845,14-845,1,2634,Sunflower seeds,sunflower seeds analysis and literature sources,Analysis and literature sources,GA,50-995 14-859,"Reviewed 2013. LGC, Fatty acid composition of foods, 1987; and Fruit and Nuts Supplement, 1992",
14-846,14-846,1,2635,"Sunflower seeds, toasted","sunflower seeds, toasted calculated from 14-845",Calculated from 14-845,GA,,"LGC, Fatty acid composition of foods, 1987; and Fruit and Nuts Supplement, 1992; fatty acids calculated from 14-859",
16-361,16-361,1,2636,"Sushi, salmon nigiri","sushi, salmon nigiri 10 samples, 7 products","10 samples, 7 products",JR,,"Direct Laboratories, Nutrient analysis catch up project, 2003; and industry data, 2013",
16-362,16-362,1,2637,"Sushi, tuna nigiri","sushi, tuna nigiri 10 samples, 5 products","10 samples, 5 products",JR,,"Direct Laboratories, Nutrient analysis catch up project, 2003; and industry data, 2013",
15-617,15-617,1,2638,"Sushi, vegetable","sushi, vegetable 10 samples, 9 products","10 samples, 9 products",DR,,"Direct Laboratories, Nutrient analysis catch up project, 2003",
13-650,13-650,1,2639,"Swede, flesh only, boiled in unsalted water","swede, flesh only, boiled in unsalted water 11 samples, uk, fresh. peeled, diced and boiled for 13-20 minutes","11 samples, UK, fresh. Peeled, diced and boiled for 13-20 minutes",DG,13-361,"PHE, Nutrient analysis of fresh and processed fruit and vegetables with respect to fibre, 2017",
13-359,13-359,1,2640,"Swede, flesh only, raw","swede, flesh only, raw peeled thinly",Peeled thinly,DG,50-819,"IFR, The nutritional composition of retail vegetables in the UK, 1984-1987; Vitamin K1 from Bolton-Smith et al, Br.J. Nutr 83, 2000",
19-324,19-324,1,2641,"Sweet and sour chicken, takeaway","sweet and sour chicken, takeaway 10 samples",10 samples,MR,,"Reviewed 2013. Aspland and James Ltd, Nutrient analysis of ethnic and takeaway foods, 1997. No new analysis/data available for review",
19-304,19-304,1,2642,"Sweet and sour pork, battered, takeaway","sweet and sour pork, battered, takeaway 10 samples from different outlets, sauce not included","10 samples from different outlets, sauce not included",MR,,"Aspland and James Ltd, 1997 'Nutrient analysis of ethnic and takeaway foods.",
19-485,19-485,1,2643,"Sweet and sour pork, homemade","sweet and sour pork, homemade recipe",Recipe,MR,19-349,Updated 2013,
15-884,15-884,1,2644,Sweet potato and onion layer,sweet potato and onion layer recipe. west indian dish. recipe from a personal collection,Recipe. West Indian dish. Recipe from a personal collection,DR,15-603,Updated 2014,
13-672,13-672,1,2645,"Sweet potato, baked","sweet potato, baked literature sources and calculation from raw",Literature sources and calculation from raw,DG,13-363,"Vegetables, Herbs and Spices Supplement, 1991",
13-646,13-646,1,2646,"Sweet potato, flesh only, boiled in unsalted water","sweet potato, flesh only, boiled in unsalted water 11 samples, imported. peeled, cut into chunks and boiled for 5-20 minutes","11 samples, imported. Peeled, cut into chunks and boiled for 5-20 minutes",DG,13-551,"PHE, Nutrient analysis of fresh and processed fruit and vegetables with respect to fibre, 2017",
13-463,13-463,1,2647,"Sweet potato, raw, flesh only","sweet potato, raw, flesh only yellow variety",Yellow variety,DG,13-362 50-821,"Reviewed 2013. IFR, The nutritional compostion of retail vegetables in the UK, 1984-1987; and LGC, Fruit and vegetables, 1989-1990. Vitamin E estimated from USDA 99",
13-671,13-671,1,2648,"Sweet potato, steamed","sweet potato, steamed literature sources and calculation from raw",Literature sources and calculation from raw,DG,13-365,"Vegetables, Herbs and Spices Supplement, 1991",
13-647,13-647,1,2649,"Sweet potato, wedges, flesh and skin, baked in rapeseed oil","sweet potato, wedges, flesh and skin, baked in rapeseed oil 11 samples, all imported. cut into wedges, coated with 1.5-2 tbsp oil and roasted for 30-45 minutes","11 samples, all imported. Cut into wedges, coated with 1.5-2 tbsp oil and roasted for 30-45 minutes",DG,,"PHE, Nutrient analysis of fresh and processed fruit and vegetables with respect to fibre, 2017",
18-422,18-422,1,2650,"Sweetbread, lamb, fried in corn oil","sweetbread, lamb, fried in corn oil 3 samples",3 samples,MG,50-496,"LGC, Carcase meat and offal survey, 1982-1983",
18-421,18-421,1,2651,"Sweetbread, lamb, raw","sweetbread, lamb, raw thymus and pancreas, 12 samples","Thymus and pancreas, 12 samples",MG,50-495,"MW4, 1978; and Meat, Poultry and Game Supplement, 1995",
13-634,13-634,1,2652,"Sweetcorn, baby, boiled in unsalted water","sweetcorn, baby, boiled in unsalted water 11 samples, fresh, imported. boiled for 4-13 minutes","11 samples, fresh, imported. Boiled for 4-13 minutes",DG,13-552,"PHE, Nutrient analysis of fresh and processed fruit and vegetables with respect to fibre, 2017",
13-635,13-635,1,2653,"Sweetcorn, baby, stir-fried in rapeseed oil","sweetcorn, baby, stir-fried in rapeseed oil calculated from boiled. fat and water analysed, 2017. 11 samples, fresh, all imported. stir-fried in 1.5-4 tbsp oil for 3-5 minutes","Calculated from boiled. Fat and water analysed, 2017. 11 samples, fresh, all imported. Stir-fried in 1.5-4 tbsp oil for 3-5 minutes",DG,,"PHE, Nutrient analysis of fresh and processed fruit and vegetables with respect to fibre, 2017",
13-529,13-529,1,2654,"Sweetcorn kernels, canned in water, drained","sweetcorn kernels, canned in water, drained 12 samples, 8 brands, no added salt or sugar","12 samples, 8 brands, no added salt or sugar",DG,13-459,"DH, Nutrient analysis of fruit and vegetables, 2013",
13-609,13-609,1,2655,"Sweetcorn, dried","sweetcorn, dried calculated from raw sweetcorn (13-508)",Calculated from raw sweetcorn (13-508),DI,17-418,"DH, Nutrient analysis of fruit and vegetables, 2013",
13-508,13-508,1,2656,"Sweetcorn, kernels, boiled 'on the cob' in unsalted water","sweetcorn, kernels, boiled 'on the cob' in unsalted water 16 samples, autumn and winter, uk grown and imported","16 samples, autumn and winter, UK grown and imported",DG,13-370,"DH, Nutrient analysis of fruit and vegetables, 2013",
13-606,13-606,1,2657,"Sweetcorn, kernels, boiled 'on the cob' in unsalted water, weighed with core","sweetcorn, kernels, boiled 'on the cob' in unsalted water, weighed with core calculated from 13-508 using edible conversion factor of 0.59",Calculated from 13-508 using edible conversion factor of 0.59,DG,13-374,"DH, Nutrient analysis of fruit and vegetables, 2013",
13-623,13-623,1,2658,"Sweetcorn, kernels, 'on-the-cob', raw, weighed with core","sweetcorn, kernels, 'on-the-cob', raw, weighed with core whole cob. calculated from kernels",Whole cob. Calculated from kernels,DG,13-372,"Vegetables, Herbs and Spices Supplement, 1991; and calculated from 13-508",
13-622,13-622,1,2659,"Sweetcorn, kernels, raw","sweetcorn, kernels, raw ifr; removed from cob",IFR; removed from cob,DG,13-368,"Vegetables, Herbs and Spices Supplement, 1991; and calculated from 13-508",
17-101,17-101,1,2660,"Sweets, boiled","sweets, boiled 6 samples",6 samples,SEC,50-1025,"Reviewed 2013. MW3, 1960",
17-647,17-647,1,2661,"Sweets, chew sweets","sweets, chew sweets 9 samples, 8 products, including starburst, chewits and blackjacks","9 samples, 8 products, including Starburst, Chewits and Blackjacks",SEC,17-104,"DH, Nutrient analysis of a range of processed foods with particular reference to trans fatty acids, 2013",
17-828,17-828,1,2662,"Sweets, sherbert","sweets, sherbert 10 samples of different brands, including refreshers, parma violets, fizzers and love hearts","10 samples of different brands, including Refreshers, Parma Violets, Fizzers and Love Hearts",SEC,17-119,"Reviewed 2013. LGC, Nutritional analysis of foods for pre-school children, 1992",
16-222,16-222,1,2663,"Swordfish, flesh only, grilled","swordfish, flesh only, grilled calculated from raw, steaks","Calculated from raw, steaks",JC,,"Fish and Fish Products Supplement, 1993",
16-223,16-223,1,2664,"Swordfish, flesh only, grilled, weighed with bones and skin","swordfish, flesh only, grilled, weighed with bones and skin calculated from grilled 16-222",Calculated from grilled 16-222,JC,,"Fish and Fish Products Supplement, 1993",
16-221,16-221,1,2665,"Swordfish, flesh only, raw","swordfish, flesh only, raw data from the seafish industry authority and literature sources",Data from the Seafish Industry Authority and literature sources,JC,,"Fish and Fish Products Supplement, 1993",
17-064,17-064,1,2666,"Syrup, corn, dark","syrup, corn, dark literature sources",Literature sources,SC,,Ref. Cutrufelli and Pehrsson (1991),
17-065,17-065,1,2667,"Syrup, golden","syrup, golden 3 samples of the same brand",3 samples of the same brand,SC,50-1012,"Reviewed 2013. LGC, Analysis of assorted foods, 1994",
16-335,16-335,1,2668,"Szechuan prawns with vegetables, takeaway","szechuan prawns with vegetables, takeaway 10 samples from different outlets",10 samples from different outlets,JR,16-320,"Reviewed 2013. Aspland and James Ltd, Nutrient analysis of ethnic and takeaway foods, 1997. Fatty acids re-calculated from supplement 16-320 using GCF =0.956",
15-885,15-885,1,2669,Tabouleh,tabouleh recipe. bulgur wheat based salad. recipe from review of recipe collection,Recipe. Bulgur wheat based salad. Recipe from review of recipe collection,DR,15-604,Updated 2014,
14-847,14-847,1,2670,Tahini paste,tahini paste literature sources and calculation from 14-844,Literature sources and calculation from 14-844,GA,50-996,"Reviewed 2013. McCarthy and Matthews (1984) Composition of foods: nut and seed products, raw, processed and prepared, Agriculture Handbook No, 8-12, and calculation from 14-844",
14-264,14-264,1,2671,"Tamarillos, flesh and seeds","tamarillos, flesh and seeds literature sources",Literature sources,FA,,"Fruit and Nuts Supplement, 1992",
14-265,14-265,1,2672,Tamarind,tamarind literature sources,Literature sources,FA,,"Fruit and Nuts Supplement, 1992",
13-855,13-855,1,2673,"Tamarind leaves, fresh","tamarind leaves, fresh literature sources",Literature sources,H,,"Gopalan et al. (1980) Nutritive value of Indian foods, National Institute of Nutrition",
13-856,13-856,1,2674,"Tamarind pulp, flesh only","tamarind pulp, flesh only no seeds or shell; literature sources",No seeds or shell; literature sources,H,,"Vegetables, Herbs and Spices Supplement, 1991",
13-375,13-375,1,2675,"Tannia, raw","tannia, raw literature sources",Literature sources,DG,,"Vegetables, Herbs and Spices Supplement, 1991",
11-027,11-027,1,2676,"Tapioca, raw","tapioca, raw 4 varieties, medium pearl, seed pearl, coarse and flake","4 varieties, medium pearl, seed pearl, coarse and flake",AA,50-011,"MW3, 1960. Reviewed 2014",
16-449,16-449,1,2677,Taramasalata,taramasalata 10 assorted samples. greek dish based on cod's roe,10 assorted samples. Greek dish based on cod's roe,JR,16-307,"Fish and Fish Products Supplement, 1993; and industry data, 2013. Additional fatty acid data from a different sample with slightly different fatty acid profile is available in Fatty Acid Supplement, 1998 (16-313)",
13-380,13-380,1,2678,"Taro leaves, raw","taro leaves, raw literature sources",Literature sources,DG,,"Vegetables, Herbs and Spices Supplement, 1991",
13-381,13-381,1,2679,"Taro leaves, steamed","taro leaves, steamed ref. 4 and calculation from raw",Ref. 4 and calculation from raw,DG,,"Haytowitz and Matthews (1986) Composition of foods: legumes and legume products, raw, processed and prepared, Agriculture Handbook No. 8-2, and calculation from raw",
13-377,13-377,1,2680,"Taro, baked","taro, baked literature sources and calculation from raw, baked 30 minutes","Literature sources and calculation from raw, baked 30 minutes",DG,,"Vegetables, Herbs and Spices Supplement, 1991",
13-378,13-378,1,2681,"Taro, boiled in unsalted water","taro, boiled in unsalted water literature sources, boiled 20 minutes","Literature sources, boiled 20 minutes",DG,,"Vegetables, Herbs and Spices Supplement, 1991",
13-376,13-376,1,2682,"Taro, raw","taro, raw analysis and literature sources",Analysis and literature sources,DG,,"Vegetables, Herbs and Spices Supplement, 1991",
13-379,13-379,1,2683,"Taro, steamed","taro, steamed literature sources. calculation from raw",Literature sources. Calculation from raw,DG,,"Vegetables, Herbs and Spices Supplement, 1991",
13-858,13-858,1,2684,"Tarragon, dried, ground","tarragon, dried, ground literature sources",Literature sources,H,,"Marsh et al. (1977) Composition of foods: spices and herbs, raw, processed and prepared, Agriculture Handbook No. 8-2",
13-857,13-857,1,2685,"Tarragon, fresh","tarragon, fresh lgc, 5 samples and calculation from dried","LGC, 5 samples and calculation from dried",H,,"LGC, Fruit and vegetables, 1989-1990",
11-1028,11-1028,1,2686,"Tart, bakewell, homemade","tart, bakewell, homemade recipe",Recipe,AS,11-685,Updated 2014,
11-1058,11-1058,1,2687,"Tart, custard, large, homemade","tart, custard, large, homemade recipe",Recipe,AP,11-655,Updated 2014,
11-1093,11-1093,1,2688,"Tart, mincemeat, one crust, homemade","tart, mincemeat, one crust, homemade recipe",Recipe,AP,11-666,Updated 2014,
17-722,17-722,1,2689,Tartare sauce,"tartare sauce 10 samples, 4 brands","10 samples, 4 brands",WCN,17-337,"LFRA, Nutrient analysis of miscellaneous foods, 1992; and industry data, 2013",
11-1123,11-1123,1,2690,"Tartlets, strawberry, homemade","tartlets, strawberry, homemade recipe",Recipe,AP,11-678,Updated 2014,
11-845,11-845,1,2691,"Tarts, bakewell, iced, retail","tarts, bakewell, iced, retail 10 samples, 7 products, including large, slices and individual cherry bakewells","10 samples, 7 products, including large, slices and individual cherry bakewells",AS,11-426,"DH, Nutrient analysis of biscuits, buns, cakes and pastries, 2011",
12-461,12-461,1,2692,"Tarts, custard, individual","tarts, custard, individual 10 samples, 6 products","10 samples, 6 products",BR,11-537,"DH, Nutrient analysis survey of biscuits, buns, cakes and pastries, 2011",
11-1085,11-1085,1,2693,"Tarts, jam, homemade","tarts, jam, homemade recipe",Recipe,AP,11-662,Updated 2014,
11-1086,11-1086,1,2694,"Tarts, jam, wholemeal, homemade","tarts, jam, wholemeal, homemade recipe",Recipe,AP,11-663,Updated 2014,
17-165,17-165,1,2695,"Tea, black, infusion, average","tea, black, infusion, average 15g leaves per litre water, strained after 5 minutes","15g leaves per litre water, strained after 5 minutes",PAA,,"Reviewed 2013. LGC, Alcoholic beverages, soft drinks and tea and coffee survey, 1983-1984; Vitamin K1 from Bolton-Smith et al Br.J. Nutr. 83, 2000",
17-167,17-167,1,2696,"Tea, black, infusion, strong","tea, black, infusion, strong 10g leaves per 500ml water, strained after 5 minutes; 10 samples","10g leaves per 500ml water, strained after 5 minutes; 10 samples",PAC,,"LGC, Alcoholic beverages, soft drinks and tea and coffee survey, 1983-1984",
17-166,17-166,1,2697,"Tea, black, infusion, weak","tea, black, infusion, weak 10g leaves per litre water, strained after 5 minutes; 10 samples","10g leaves per litre water, strained after 5 minutes; 10 samples",PAC,,"LGC, Alcoholic beverages, soft drinks and tea and coffee survey, 1983-1984",
17-170,17-170,1,2698,"Tea, Chinese, leaves, infusion","tea, chinese, leaves, infusion analysis and literature sources",Analysis and literature sources,PAC,,"Miscelleanous Foods Supplement, 1994",
17-171,17-171,1,2699,"Tea, green, infusion","tea, green, infusion literature sources; sencha fukujyu and banch type",Literature sources; Sencha Fukujyu and Banch type,PAC,,"Reviewed 2013. Miscelleanous Foods Supplement, 1994",
17-172,17-172,1,2700,"Tea, herbal, infusion","tea, herbal, infusion literature sources",Literature sources,PAC,,"Reviewed 2013. Cutrufelli and Matthews (1986) Composition of foods: beverages, raw, processed and prepared. Agriculture Handbook No. 8-14, UK Department of Agriculture, Washington DC",
17-169,17-169,1,2701,"Tea, infusion, average, with semi-skimmed milk","tea, infusion, average, with semi-skimmed milk 225ml infusion with 35g semi-skimmed milk",225ml infusion with 35g semi-skimmed milk,PAC,,"Miscelleanous Foods Supplement, 1994",
17-168,17-168,1,2702,"Tea, infusion, average, with whole milk","tea, infusion, average, with whole milk 225ml infusion with 28g whole milk",225ml infusion with 28g whole milk,PAC,,"Miscelleanous Foods Supplement, 1994",
13-118,13-118,1,2703,Tempeh,tempeh fermented soya bean cake. literature sources,Fermented soya bean cake. Literature sources,DB,,"Vegetables, Herbs and Spices Supplement, 1991",
15-886,15-886,1,2704,"Tempeh burgers, fried in vegetable oil","tempeh burgers, fried in vegetable oil tempeh and rice burgers. recipe from review of recipe collection",Tempeh and rice burgers. Recipe from review of recipe collection,DR,15-605,Updated 2014,
13-883,13-883,1,2705,"Thyme, dried, ground","thyme, dried, ground literature sources",Literature sources,H,13-860,"Marsh et al. (1977) Composition of foods: spices and herbs, raw, processed and prepared, Agriculture Handbook No. 8-2; and data from USDA SR26, 2013",
13-893,13-893,1,2706,"Thyme, fresh","thyme, fresh 4 samples and calculation from dried",4 samples and calculation from dried,H,13-859,"LGC, Fruit and vegetables, 1989-1990; and data calculated from USDA SR26, 2013",
14-848,14-848,1,2707,Tigernuts,tigernuts literature sources,Literature sources,GA,,"Fruit and Nuts Supplement, 1992",
16-154,16-154,1,2708,"Tilapia, raw","tilapia, raw literature sources. type of bream",Literature sources. Type of bream,JA,,"Fish and Fish Products Supplement, 1993",
15-626,15-626,1,2709,"Tinda subji, homemade","tinda subji, homemade 6 samples",6 samples,DR,,"University of Leeds, Nutritional analysis of commonly consumed South Asian foods in the UK, 2007",
12-476,12-476,1,2710,Tiramisu,"tiramisu 10 samples, 6 products, frozen and chilled","10 samples, 6 products, frozen and chilled",BR,,"ADAS Laboratories, Nutrient analysis of ice creams and desserts, 1999; and industry data, 2013",
19-635,19-635,1,2711,"Toad in the hole, homemade","toad in the hole, homemade recipe",Recipe,MR,19-428,Updated 2014,
19-636,19-636,1,2712,"Toad in the hole, made with skimmed milk and reduced fat sausages, homemade","toad in the hole, made with skimmed milk and reduced fat sausages, homemade recipe",Recipe,MR,19-429,Updated 2014,
17-646,17-646,1,2713,"Toffees, mixed","toffees, mixed 8 samples, 8 products, including liquorice and mint, excluding premium","8 samples, 8 products, including liquorice and mint, excluding premium",SEC,17-120,"DH, Nutrient analysis of a range of processed foods with particular reference to trans fatty acids, 2013; and industry data, 2013",
15-887,15-887,1,2714,"Tofu burger, baked","tofu burger, baked recipe. tofu, oat and vegetable. recipe from leeds polytechnic","Recipe. Tofu, oat and vegetable. Recipe from Leeds Polytechnic",DR,15-606,Updated 2014,
15-888,15-888,1,2715,Tofu spread,"tofu spread recipe. tofu, vegetable and mayonnaise paste. recipe from leeds polytechnic","Recipe. Tofu, vegetable and mayonnaise paste. Recipe from Leeds Polytechnic",DR,15-607,Updated 2014,
13-570,13-570,1,2716,"Tofu, soya bean, steamed","tofu, soya bean, steamed soya bean curd; 7 assorted samples",Soya bean curd; 7 assorted samples,DB,13-119,"Vegetables, Herbs and Spices Supplement, 1991",
13-571,13-571,1,2717,"Tofu, soya bean, steamed, fried","tofu, soya bean, steamed, fried calculated from steamed and literature sources",Calculated from steamed and Literature sources,DB,13-120,"Vegetables, Herbs and Spices Supplement, 1991; and Haytowitz and Matthews (1986) Composition of foods: vegetables and vegetable products, raw, processed and prepared, Agriculture Handbook No. 8-16",
13-382,13-382,1,2718,Tomato juice,"tomato juice 10 samples, 9 brands","10 samples, 9 brands",PE,50-1093,"Reviewed 2013. LGC, Canned and other processed vegetable products survey, 1985",
17-709,17-709,1,2719,Tomato ketchup,"tomato ketchup 10 samples, 5 brands","10 samples, 5 brands",WCN,17-513,"LFRA, Nutrient analysis of miscellaneous foods, 1992; and industry data, 2013. Carotenoids from LGC 'Determination of cis carotenoids in foodstuffs' 1997",
13-531,13-531,1,2720,Tomato puree,"tomato puree 9 samples, 8 brands, double concentrate, no added salt","9 samples, 8 brands, double concentrate, no added salt",DG,17-516,"DH, Nutrient analysis of fruit and vegetables, 2013",
50-1173,50-1173,1,2721,"Tomato sauce, homemade","tomato sauce, homemade recipe",Recipe,WCN,,"AS MW5, 1991",
13-530,13-530,1,2722,"Tomatoes, canned, whole contents","tomatoes, canned, whole contents 12 samples, 9 brands, whole and chopped, no added salt","12 samples, 9 brands, whole and chopped, no added salt",DG,13-461,"DH, Nutrient analysis of fruit and vegetables, 2013",
13-519,13-519,1,2723,"Tomatoes, cherry, raw","tomatoes, cherry, raw 21 samples, autumn and winter, uk grown and imported, 'on the vine' and loose","21 samples, autumn and winter, UK grown and imported, 'on the vine' and loose",DG,13-388,"DH, Nutrient analysis of fruit and vegetables, 2013",
13-603,13-603,1,2724,"Tomatoes, standard, fried in corn oil","tomatoes, standard, fried in corn oil calculated from 13-517",Calculated from 13-517,DG,13-385,"DH, Nutrient analysis of fruit and vegetables, 2013",
13-602,13-602,1,2725,"Tomatoes, standard, fried in rapeseed oil","tomatoes, standard, fried in rapeseed oil calculated from 13-517",Calculated from 13-517,DG,50-828,"DH, Nutrient analysis of fruit and vegetables, 2013",
13-518,13-518,1,2726,"Tomatoes, standard, grilled, flesh and seeds only","tomatoes, standard, grilled, flesh and seeds only as raw, grilled for 6-9 minutes","As raw, grilled for 6-9 minutes",DG,13-461,"DH, Nutrient analysis of fruit and vegetables, 2013",
13-517,13-517,1,2727,"Tomatoes, standard, raw","tomatoes, standard, raw 22 samples, autumn and winter, uk grown and imported, 'on the vine' and loose","22 samples, autumn and winter, UK grown and imported, 'on the vine' and loose",DG,13-460,"DH, Nutrient analysis of fruit and vegetables, 2013",
15-321,15-321,1,2728,"Tomatoes, stuffed with rice","tomatoes, stuffed with rice greek dish. recipe from a personal collection",Greek dish. Recipe from a personal collection,DR,,As Vegetable Dishes Supplement 1992,
15-889,15-889,1,2729,"Tomatoes, stuffed with vegetables","tomatoes, stuffed with vegetables sweetcorn, onion and mushroom stuffing. recipe from a review of recipe collection","Sweetcorn, onion and mushroom stuffing. Recipe from a review of recipe collection",DR,15-610,Updated 2014,
18-423,18-423,1,2730,"Tongue, lamb, raw","tongue, lamb, raw 20 samples",20 samples,MG,50-497,"MW4 (1978). Values reviewed for Meat, Poultry and Game Supplement, 1995",
18-424,18-424,1,2731,"Tongue, ox, meat only, pickled, raw","tongue, ox, meat only, pickled, raw 6 samples, fat and skin removed","6 samples, fat and skin removed",MG,50-498,"MW4 (1978). Values reviewed for Meat, Poultry and Game Supplement, 1995",
18-425,18-425,1,2732,"Tongue, ox, meat only, pickled, stewed","tongue, ox, meat only, pickled, stewed fat and skin removed",Fat and skin removed,MG,50-499,"MW4 (1978). Values reviewed for Meat, Poultry and Game Supplement, 1995",
18-426,18-426,1,2733,"Tongue, ox, meat only, stewed","tongue, ox, meat only, stewed 10 samples, fat and skin removed","10 samples, fat and skin removed",MG,,"LGC, Carcase meat and offal survey, 1982-1983",
18-427,18-427,1,2734,"Tongue, sheep, meat only, stewed","tongue, sheep, meat only, stewed fat and skin removed",Fat and skin removed,MG,50-500,"MW4 (1978). Values reviewed for Meat, Poultry and Game Supplement, 1995",
17-736,17-736,1,2735,Tonic water,tonic water literature sources,Literature sources,PCA,17-184,"Cutrufelli and Matthews (1986) Composition of foods: beverages, raw, processed and prepared. Agriculture Handbook No. 8-14, UK Department of Agriculture, Washington DC; and industry data, 2013",
17-670,17-670,1,2736,Topic/Snickers and own brand equivalents,"topic/snickers and own brand equivalents 16 samples, 3 brands, including standard, snack and fun size","16 samples, 3 brands, including standard, snack and fun size",SEA,17-549,"DH, Nutrient analysis of a range of processed foods with particular reference to trans fatty acids, 2013",
15-625,15-625,1,2737,"Tori ki subji, homemade","tori ki subji, homemade 5 samples",5 samples,DR,,"University of Leeds, Nutritional analysis of commonly consumed South Asian foods in the UK, 2007",
12-408,12-408,1,2738,"Torte, fruit","torte, fruit 8 samples, 5 brands including lemon, raspberry and passion fruit","8 samples, 5 brands including lemon, raspberry and passion fruit",BR,11-423,"Reviewed 2013. RHM, Nutrient content of selected foods, 1995; fatty acids as FA supplement (1998) 11-423",
17-644,17-644,1,2739,Tortilla chips fried in sunflower oil,"tortilla chips fried in sunflower oil 7 samples, 6 products, assorted flavours, fried in high oleic sunflower oil, including doritos and own brands","7 samples, 6 products, assorted flavours, fried in high oleic sunflower oil, including Doritos and own brands",SN,17-497,"DH, Nutrient analysis of a range of processed foods with particular reference to trans fatty acids, 2013",
11-925,11-925,1,2740,"Tortilla, wheat, soft","tortilla, wheat, soft 8 samples, 6 products","8 samples, 6 products",AF,11-632,"LGC, Nutrient analysis of bread and morning goods, 1999; and industry data, 2013",
14-849,14-849,1,2741,Trail mix,trail mix 10 samples; mix of nuts and dried fruit,10 samples; mix of nuts and dried fruit,GA,50-1041,"Reviewed 2013. LGC, Nutritional composition of fruit products, 1985-1986; and industry data, 2013",
11-1126,11-1126,1,2742,"Treacle tart, homemade","treacle tart, homemade recipe",Recipe,AS,11-602,Updated 2014,
17-826,17-826,1,2743,"Treacle, black","treacle, black 3 samples",3 samples,SC,17-068,"LGC Analysis of Assorted Foods, 1994. Iodine updated from label data, 2013",
12-409,12-409,1,2744,"Trifle, fruit, retail","trifle, fruit, retail 12 samples, 7 brands","12 samples, 7 brands",BR,12-915 12-252 50-289 11-335,"Reviewed 2013. Campden and Chorleywood FRA, Nutrient analysis of yoghurts, fromage frais and chilled desserts, 1998. Fatty acids as published in Fatty Acids Supplement 12-915",
12-600,12-600,1,2745,"Trifle, homemade","trifle, homemade recipe",Recipe,BR,12-417,Updated 2014,
12-601,12-601,1,2746,"Trifle, with Dream Topping","trifle, with dream topping recipe, substituting 25g of made up dream topping for 25g double cream","Recipe, substituting 25g of made up dream topping for 25g double cream",BR,12-432,Updated 2014,
19-637,19-637,1,2747,"Tripe and onions, stewed, homemade","tripe and onions, stewed, homemade recipe",Recipe,MR,19-430,Updated 2014 (note full fatty acid data for tripe dressed stewed is available in obsoleted 18-457),
18-428,18-428,1,2748,"Tripe, dressed, raw","tripe, dressed, raw 6 samples",6 samples,MG,50-501,"LGC, Nutritional analysis of meat and poultry products, 1994-1995",
50-502,50-502,1,2749,"Tripe, dressed, stewed in milk","tripe, dressed, stewed in milk 18 samples; lime treated before purchase",18 samples; lime treated before purchase,MG,18-457,"MW4, 1978. As MW 5-502 (note that full fatty acid data is available in obsoleted FA 18-457, sampling and fat values are not comparable)",
16-224,16-224,1,2750,"Trout, brown, raw","trout, brown, raw analytical and literature sources",Analytical and literature sources,JC,,"Fish and Fish Products Supplement, 1993",
50-629,50-629,1,2751,"Trout, brown, steamed","trout, brown, steamed flesh only",Flesh only,JC,,"MW4, 1978. Estimated values, cholesterol, Se and I from Fish and Fish Products Supplement, 1993",
50-630,50-630,1,2752,"Trout, brown, steamed, weighed with bones","trout, brown, steamed, weighed with bones calculated from steamed 50-629",Calculated from steamed 50-629,JC,,"MW4, 1978. Estimated values, cholesterol, Se and I from Fish and Fish Products Supplement, 1993",
16-489,16-489,1,2753,"Trout, rainbow, baked, flesh only, fillets weighed with bones and skin","trout, rainbow, baked, flesh only, fillets weighed with bones and skin calculated from 16-396 using edible conversion factor of 0.87",Calculated from 16-396 using edible conversion factor of 0.87,JC,,"DH, Nutrient analysis of fish and fish products, 2013",
16-396,16-396,1,2754,"Trout, rainbow, flesh only, baked","trout, rainbow, flesh only, baked 9 samples, 9 products, frozen and chilled","9 samples, 9 products, frozen and chilled",JC,,"DH, Nutrient analysis of fish and fish products, 2013",
16-395,16-395,1,2755,"Trout, rainbow, flesh only, raw","trout, rainbow, flesh only, raw 9 samples, 9 products, frozen and chilled","9 samples, 9 products, frozen and chilled",JC,16-225,"DH, Nutrient analysis of fish and fish products, 2013",
17-098,17-098,1,2756,"Truffles, mocha, homemade","truffles, mocha, homemade recipe",Recipe,SEA,,"As Miscellaneous Foods Supplement, 1994",
17-837,17-837,1,2757,"Truffles, rum, homemade","truffles, rum, homemade recipe",Recipe,SEA,17-588,Updated 2014,
16-416,16-416,1,2758,"Tuna, canned in brine, drained","tuna, canned in brine, drained 11 samples, 10 products","11 samples, 10 products",JC,16-339,"DH, Nutrient analysis of fish and fish products, 2013",
16-417,16-417,1,2759,"Tuna, canned in sunflower oil, drained","tuna, canned in sunflower oil, drained 11 samples, 10 products","11 samples, 10 products",JC,16-230,"DH, Nutrient analysis of fish and fish products, 2013",
16-400,16-400,1,2760,"Tuna, flesh only, baked","tuna, flesh only, baked 9 samples, 9 products, frozen and chilled","9 samples, 9 products, frozen and chilled",JC,,"DH, Nutrient analysis of fish and fish products, 2013",
16-399,16-399,1,2761,"Tuna, flesh only, raw","tuna, flesh only, raw 9 samples, 9 products, frozen and chilled","9 samples, 9 products, frozen and chilled",JC,16-228,"DH, Nutrient analysis of fish and fish products, 2013",
16-156,16-156,1,2762,"Turbot, flesh only, grilled","turbot, flesh only, grilled calculated from raw, whole fish and fillets","Calculated from raw, whole fish and fillets",JA,,"Fish and Fish Products Supplement, 1993",
16-157,16-157,1,2763,"Turbot, flesh only, grilled, weighed with bones and skin","turbot, flesh only, grilled, weighed with bones and skin calculated from grilled 16-156",Calculated from grilled 16-156,JA,,"Fish and Fish Products Supplement, 1993",
16-155,16-155,1,2764,"Turbot, flesh only, raw","turbot, flesh only, raw literature sources",Literature sources,JA,,"Fish and Fish Products Supplement, 1993",
19-638,19-638,1,2765,"Turkey and pasta bake, homemade","turkey and pasta bake, homemade recipe",Recipe,MR,19-439,Updated 2014,
19-543,19-543,1,2766,Turkey slices,turkey slices 13 samples including honey roast and wafer thin turkey breast. 78-100% meat,13 samples including honey roast and wafer thin turkey breast. 78-100% meat,MI,19-157,"LGC, Nutritional analysis of meat and poultry products, 1994-1995; and industry data, 2013",
18-356,18-356,1,2767,"Turkey, breast, fillet, grilled, meat only","turkey, breast, fillet, grilled, meat only 9 samples; skinless",9 samples; skinless,MCO,,"Reviewed 2013. LGC, Nutrient analysis of chicken and turkey, 1994-1995",
18-348,18-348,1,2768,"Turkey, dark meat, raw","turkey, dark meat, raw 20 samples",20 samples,MCO,50-461,"Reviewed 2013. LGC, Nutrient analysis of chicken and turkey, 1994-1995",
18-358,18-358,1,2769,"Turkey, dark meat, roasted","turkey, dark meat, roasted 27 samples including self-basting turkey",27 samples including self-basting turkey,MCO,50-465 18-459,"Reviewed 2013. LGC, Nutrient analysis of chicken and turkey, 1994-1995; phtyosterols from 18-459. Additional fatty acid data, with a slightly different fat content and fatty acid profile is available in 18-459.",
18-365,18-365,1,2770,"Turkey, drumsticks, roasted, meat and skin","turkey, drumsticks, roasted, meat and skin calculated from 92% dark meat and 8% skin",Calculated from 92% dark meat and 8% skin,MCO,,"LGC, Nutrient analysis of chicken and turkey, 1994-1995",
18-366,18-366,1,2771,"Turkey, drumsticks, roasted, meat and skin, weighed with bone","turkey, drumsticks, roasted, meat and skin, weighed with bone calculated from 18-365",Calculated from 18-365,MCO,,"LGC, Nutrient analysis of chicken and turkey, 1994-1995",
18-364,18-364,1,2772,"Turkey, drumsticks, roasted, meat only","turkey, drumsticks, roasted, meat only 9 samples",9 samples,MCO,,"LGC, Nutrient analysis of chicken and turkey, 1994-1995",
18-349,18-349,1,2773,"Turkey, light meat, raw","turkey, light meat, raw 20 samples",20 samples,MCO,50-460,"Reviewed 2013. LGC, Nutrient analysis of chicken and turkey, 1994-1995",
18-359,18-359,1,2774,"Turkey, light meat, roasted","turkey, light meat, roasted 18 samples",18 samples,MCO,50-464 18-460,"Reviewed 2013. LGC, Nutrient analysis of chicken and turkey, 1994-1995; phytosterols from Fatty Acid Supplement, 1998 (18-460). Additional fatty acid data with a slightly different fat content and fatty acid profile is available in 18-460.",
18-350,18-350,1,2775,"Turkey, meat, average, raw","turkey, meat, average, raw calculated from 56% light meat and 44% dark meat",Calculated from 56% light meat and 44% dark meat,MCO,50-458,"Reviewed 2013. LGC, Nutrient analysis of chicken and turkey, 1994-1995; phytosterols calculated from 18-348 and 18-359",
18-361,18-361,1,2776,"Turkey, meat, average, roasted","turkey, meat, average, roasted calculated from 51% light meat and 49% dark meat, fresh and frozen, including self-basting turkey","Calculated from 51% light meat and 49% dark meat, fresh and frozen, including self-basting turkey",MCO,50-462,"Reviewed 2013. LGC, Nutrient analysis of chicken and turkey, 1994-1995; phytosterols calculated from 18-459 and 18-460",
18-354,18-354,1,2777,"Turkey, mince, stewed","turkey, mince, stewed 5 samples",5 samples,MCO,273,"LGC, Nutrient analysis of chicken and turkey, 1994-1995",
18-360,18-360,1,2778,"Turkey, self-basting, light meat, roasted","turkey, self-basting, light meat, roasted 9 samples",9 samples,MCO,,"LGC, Nutrient analysis of chicken and turkey, 1994-1995",
18-362,18-362,1,2779,"Turkey, skin, dry, roasted","turkey, skin, dry, roasted 10 samples",10 samples,MCO,,"Reviewed 2013. LGC, Nutrient analysis of chicken and turkey, 1994-1995",
18-363,18-363,1,2780,"Turkey, skin, moist, roasted","turkey, skin, moist, roasted 18 samples",18 samples,MCO,,"LGC, Nutrient analysis of chicken and turkey, 1994-1995",
18-351,18-351,1,2781,"Turkey, skin, raw","turkey, skin, raw 21 samples",21 samples,MCO,269,"LGC, Nutrient analysis of chicken and turkey, 1994-1995",
19-640,19-640,1,2782,"Turkey, stir-fried with vegetables, homemade","turkey, stir-fried with vegetables, homemade recipe",Recipe,MR,19-440,Updated 2014,
18-357,18-357,1,2783,"Turkey, strips, stir-fried in corn oil","turkey, strips, stir-fried in corn oil 8 samples; skinless",8 samples; skinless,MCO,,"Reviewed 2013. LGC, Nutrient analysis of chicken and turkey, 1994-1995",
18-355,18-355,1,2784,"Turkey, thighs, diced, casseroled, meat only","turkey, thighs, diced, casseroled, meat only 8 samples; skinless",8 samples; skinless,MCO,274,"Reviewed 2013. LGC, Nutrient analysis of chicken and turkey, 1994-1995",
18-352,18-352,1,2785,"Turkey, whole, raw","turkey, whole, raw calculated from 49% light meat, 39% dark meat and 13% skin","Calculated from 49% light meat, 39% dark meat and 13% skin",MCO,,"LGC, Nutrient analysis of chicken and turkey, 1994-1995",
18-353,18-353,1,2786,"Turkey, whole, raw, weighed with bone","turkey, whole, raw, weighed with bone calculated from 18-352",Calculated from 18-352,MCO,,"LGC, Nutrient analysis of chicken and turkey, 1994-1995",
18-367,18-367,1,2787,"Turkey, whole, roasted, meat and skin","turkey, whole, roasted, meat and skin calculated from 47% light meat, 45% dark meat and 8% skin from fresh, frozen and self-basting turkey","Calculated from 47% light meat, 45% dark meat and 8% skin from fresh, frozen and self-basting turkey",MCO,,"LGC, Nutrient analysis of chicken and turkey, 1994-1995",
18-368,18-368,1,2788,"Turkey, whole, roasted, meat and skin, weighed with bone","turkey, whole, roasted, meat and skin, weighed with bone calculated from 18-367",Calculated from 18-367,MCO,,"LGC, Nutrient analysis of chicken and turkey, 1994-1995",
17-593,17-593,1,2789,"Turkish delight, with nuts, homemade","turkish delight, with nuts, homemade recipe",Recipe,SEC,17-121,"Recipe as Miscellaneous Foods Supplement (1994), 17-121",
17-122,17-122,1,2790,"Turkish delight, without nuts","turkish delight, without nuts 7 assorted samples",7 assorted samples,SEC,50-1033,"Reviewed 2013. MW5, 1991",
13-861,13-861,1,2791,"Turmeric, ground","turmeric, ground literature sources",Literature sources,H,,"Vegetables, Herbs and Spices Supplement, 1991",
13-392,13-392,1,2792,"Turnip tops, boiled in unsalted water","turnip tops, boiled in unsalted water leaves; boiled 20 minutes",Leaves; boiled 20 minutes,DG,,"MW4, 1978. Values revised for Fruit and Nuts Supplement, 1992",
13-391,13-391,1,2793,"Turnip, boiled in unsalted water","turnip, boiled in unsalted water peeled thinly, diced and boiled 19 minutes, based on boiled in salted water","Peeled thinly, diced and boiled 19 minutes, based on boiled in salted water",DG,50-834,"Reviewed 2013. IFR, The nutritional composition of retail vegetables in the UK, 1984-1987; Vitamin K1 from Bolton-Smith et al, Br.J. Nutr 83, 2000",
13-389,13-389,1,2794,"Turnip, flesh only, raw","turnip, flesh only, raw peeled thinly",Peeled thinly,DG,50-833,"As Vegetables, Herbs and Spices Supplement, 1991 (13-391), Vitamin K1 from Bolton-Smith et al, Br.J. Nutr 83, 2000",
17-694,17-694,1,2795,Twiglets,"twiglets 20 samples, savoury wholewheat sticks","20 samples, savoury wholewheat sticks",SN,17-150,"LGC, Survey of the composition of savoury snacks and nuts, 1993; industry data, 2013; and Fatty Acid Supplement, 1998",
12-547,12-547,1,2796,Tzatziki,tzatziki yogurt-based greek starter. recipe,Yogurt-based Greek starter. Recipe,BN,12-410,Updated 2013,
12-468,12-468,1,2797,"Urad dahl, homemade","urad dahl, homemade 5 samples, black lentil curry","5 samples, black lentil curry",DR,,"University of Leeds, Nutritional analysis of commonly consumed South Asian foods in the UK, 2007",
18-487,18-487,1,2798,"Veal, escalope, fried in corn oil","veal, escalope, fried in corn oil 9 samples",9 samples,MAI,18-093,"Reviewed 2013. LGC, Nutrient analysis of carcase beef, 1992-1993; vitamin D from LGC, Determination of 25-OH vitamin D in selected foodstuffs, 1997",
18-486,18-486,1,2799,"Veal, escalope, raw","veal, escalope, raw 9 samples",9 samples,MAI,18-092 50-429,"LGC, Nutrient analysis of carcase beef, 1992-1993; vitamin D from LGC 'Determination of 25-OH vitamin D in selected foodstuffs' 1997.",
18-094,18-094,1,2800,"Veal, mince, raw","veal, mince, raw 5 samples",5 samples,MAI,,"LGC, Nutrient analysis of carcase beef, 1992-1993",
18-095,18-095,1,2801,"Veal, mince, stewed","veal, mince, stewed 5 samples",5 samples,MAI,223,"LGC, Nutrient analysis of carcase beef, 1992-1993",
15-656,15-656,1,2802,"Vegeburger, retail, grilled","vegeburger, retail, grilled 6 samples, 3 brands; soya protein based. grilled 6-10 minutes","6 samples, 3 brands; soya protein based. Grilled 6-10 minutes",DR,15-331,"LGC, Fruit and vegetables, 1989-1990; and industry data, 2013. Vitamin K1 from Bolton-Smith et al, Br.J. Nutr 83, 2000",
15-657,15-657,1,2803,"Vegetable and cheese grill/burger, in crumbs, baked/grilled","vegetable and cheese grill/burger, in crumbs, baked/grilled 9 samples, 6 brands including cheese grills and cheese and onion crispbakes","9 samples, 6 brands including cheese grills and cheese and onion crispbakes",DR,15-363,"RHM, Nutrient analysis of manufactured foods for vegetarians, 1997; and industry data, 2013. Fats as Fatty Acids Supplement 15-359",
15-650,15-650,1,2804,"Vegetable bake, homemade","vegetable bake, homemade assorted vegetables topped with cheese sauce and breadcrumbs. recipe from dietary survey records",Assorted vegetables topped with cheese sauce and breadcrumbs. Recipe from dietary survey records,DR,15-382,Updated 2013,
15-344,15-344,1,2805,"Vegetable stir fry mix, fried in corn oil","vegetable stir fry mix, fried in corn oil 8 assorted frozen samples; stir-fried 4-7 minutes",8 assorted frozen samples; stir-fried 4-7 minutes,DR,,"Vegetable Dishes Supplement, 1992",
15-661,15-661,1,2806,"Vegetable stir fry mix, fried in rapeseed oil","vegetable stir fry mix, fried in rapeseed oil 8 assorted frozen samples; stir-fried 4-7 minutes, most unspecified vegetable oils are made from rapeseed oil","8 assorted frozen samples; stir-fried 4-7 minutes, most unspecified vegetable oils are made from rapeseed oil",DR,15-346,"Updated 2013. Vegetable Dishes Supplement, 1992",
15-345,15-345,1,2807,"Vegetable stir fry mix, fried in sunflower oil","vegetable stir fry mix, fried in sunflower oil 8 assorted frozen samples; stir fried 4-7 minutes",8 assorted frozen samples; stir fried 4-7 minutes,DR,,"Vegetable Dishes Supplement, 1992",
15-621,15-621,1,2808,"Vegetables, mixed, cooked with onion, spice and tomatoes, homemade","vegetables, mixed, cooked with onion, spice and tomatoes, homemade 4 samples, includes potato, carrots and swedes","4 samples, includes potato, carrots and swedes",DR,,"University of Leeds, Nutritional analysis of commonly consumed South Asian foods in the UK, 2007",
13-543,13-543,1,2809,"Vegetables, mixed, frozen, boiled in unsalted water","vegetables, mixed, frozen, boiled in unsalted water 10 samples. assorted varieties. simmered 3-7 minutes, based on boiled in salted water","10 samples. Assorted varieties. Simmered 3-7 minutes, based on boiled in salted water",DG,13-281,"Reviewed 2013. LGC, Fruit and vegetables, 1989-1990",
13-604,13-604,1,2810,"Vegetables, mixed, stir-fry type, frozen, fried in rapeseed oil","vegetables, mixed, stir-fry type, frozen, fried in rapeseed oil 8 samples. assorted varieties. stir-fried 4-7 minutes",8 samples. Assorted varieties. Stir-fried 4-7 minutes,DG,,"Vegetables, Herbs and Spices Supplement, 1991",
15-364,15-364,1,2811,"Vegetables, stir-fried, takeaway","vegetables, stir-fried, takeaway 10 samples from different outlets",10 samples from different outlets,DR,15-354,"Reviewed 2013. Aspland and James Ltd, 1997 'Nutrient analysis of ethnic and takeaway foods' Food Surveillance Information Sheet No.147. Fatty acids as Fatty Acids Supplement 15-354",
19-610,19-610,1,2812,"Venison in red wine and port, homemade","venison in red wine and port, homemade recipe",Recipe,MR,19-441,Updated 2014,
18-390,18-390,1,2813,"Venison, meat only, raw","venison, meat only, raw haunch",Haunch,MEE,18-467,"LGC, Poultry and game surveys, 1983-1984",
18-491,18-491,1,2814,"Venison, roast","venison, roast calculated from raw, 8 samples including diced and steaks","Calculated from raw, 8 samples including diced and steaks",MEE,18-391 50-471,"Reviewed 2013. LGC, Poultry and game surveys, 1983-1984; selenium estimated from ' Analysis of foods for Selenium', 1994",
17-239,17-239,1,2815,"Vermouth, dry","vermouth, dry 15-19% abv, 5 samples of different brands","15-19% ABV, 5 samples of different brands",QG,50-1117,"Reviewed 2013. Calculated from analytical data, 1984 and MW4, 1978. Additional data from 50-1117",
15-823,15-823,1,2816,"Vine leaves, stuffed with rice","vine leaves, stuffed with rice recipe. greek dish. recipe from a personal collection",Recipe. Greek dish. Recipe from a personal collection,DR,15-611,Updated 2014,
17-339,17-339,1,2817,Vinegar,"vinegar 4 samples including malt, cider and wine vinegar","4 samples including malt, cider and wine vinegar",WY,50-1185,"Reviewed 2013. LGC, Analysis of assorted foods, 1994",
11-800,11-800,1,2818,"Wafers, plain ice cream wafers, not filled","wafers, plain ice cream wafers, not filled 10 samples, 9 products, including cones, cornets and wafers","10 samples, 9 products, including cones, cornets and wafers",AM,12-212,"DH, Nutrient analysis of biscuits, buns, cakes and pastries, 2011",
11-1130,11-1130,1,2819,"Waffles, homemade","waffles, homemade recipe",Recipe,AP,11-679,Updated 2014,
14-879,14-879,1,2820,"Walnuts, kernel only","walnuts, kernel only 10 samples",10 samples,GA,14-850 14-860 50-997,"Reviewed 2013. LGC, Savoury snacks and nuts, 1989-1991; fatty acids from Fatty Acid Supplement, 1998 (14-860). Selenium from SAC Analysis of foods for Selenium 1994 MAFF Project 2B006",
14-887,14-887,1,2821,"Walnuts, kernel only, weighed with shells","walnuts, kernel only, weighed with shells calculated from 14-879",Calculated from 14-879,GA,14-851 50-998,"LGC, Savoury snacks and nuts, 1989-1991; fatty acids calculated from 14-879. Selenium calculated from Analysis of foods for Selenium 1994 MAFF Project 2B006",
13-394,13-394,1,2822,"Water chestnuts, raw","water chestnuts, raw literature sources",Literature sources,DG,,"Vegetables, Herbs and Spices Supplement, 1991",
17-377,17-377,1,2823,"Water, distilled","water, distilled included for recipe calculation",Included for recipe calculation,WY,50-1186,"Reviewed 2013. Miscellaneous Foods Supplement, 1994",
13-669__dup2,13-669,2,2824,"Watercress, raw","watercress, raw 11 samples, uk and imported","11 samples, UK and imported",DG,13-653,"PHE, Nutrient analysis of fresh and processed fruit and vegetables with respect to fibre, 2017",
11-1131,11-1131,1,2825,"Welsh cakes, homemade","welsh cakes, homemade recipe",Recipe,AN,11-649,Updated 2014,
11-1132,11-1132,1,2826,"Welsh cheesecakes, homemade","welsh cheesecakes, homemade recipe",Recipe,AP,11-680,Updated 2014,
12-602,12-602,1,2827,"Welsh rarebit, homemade","welsh rarebit, homemade recipe",Recipe,BV,12-458,Updated 2014,
12-603,12-603,1,2828,"Welsh rarebit, wholemeal, homemade","welsh rarebit, wholemeal, homemade recipe",Recipe,BV,12-459,Updated 2014,
11-904,11-904,1,2829,"Wheat, bulgur, raw","wheat, bulgur, raw 6 samples, 6 products","6 samples, 6 products",AA,11-007,Flours and grains project 2005,
11-907,11-907,1,2830,Wheatgerm,"wheatgerm 4 samples, 3 products","4 samples, 3 products",AA,11-622,"LGC, Nutrient survey of flours and grains, 2005",
16-268,16-268,1,2831,"Whelks, boiled","whelks, boiled 10 samples from assorted outlets, boiled in salted water","10 samples from assorted outlets, boiled in salted water",JM,,"Fish and Fish Products Supplement, 1993",
16-269,16-269,1,2832,"Whelks, boiled, weighed with shells","whelks, boiled, weighed with shells calculated from boiled 16-268",Calculated from boiled 16-268,JM,50-648,"Fish and Fish Products Supplement, 1993",
16-158,16-158,1,2833,"White fish, dried, salted","white fish, dried, salted samples purchased whole from west indian outlets",Samples purchased whole from West Indian outlets,JA,,"Fish and Fish Products Supplement, 1993",
17-667,17-667,1,2834,"White sauce, savoury, made with semi-skimmed milk, homemade","white sauce, savoury, made with semi-skimmed milk, homemade recipe",Recipe,WCD,17-528,Updated 2014,
17-778,17-778,1,2835,"White sauce, savoury, made with skimmed milk, homemade","white sauce, savoury, made with skimmed milk, homemade recipe",Recipe,WCD,17-573,Updated 2014,
17-779,17-779,1,2836,"White sauce, savoury, made with whole milk, homemade","white sauce, savoury, made with whole milk, homemade recipe",Recipe,WCD,17-527,Updated 2014,
17-841,17-841,1,2837,"White sauce, sweet, made with semi-skimmed milk, homemade","white sauce, sweet, made with semi-skimmed milk, homemade recipe",Recipe,WCD,17-530,Updated 2014,
17-842,17-842,1,2838,"White sauce, sweet, made with skimmed milk, homemade","white sauce, sweet, made with skimmed milk, homemade recipe",Recipe,WCD,17-574,Updated 2014,
17-843,17-843,1,2839,"White sauce, sweet, made with whole milk, homemade","white sauce, sweet, made with whole milk, homemade recipe",Recipe,WCD,,Updated 2014,
16-231,16-231,1,2840,"Whitebait, in flour, fried","whitebait, in flour, fried whole fish; rolled in flour and fried",Whole fish; rolled in flour and fried,JC,50-633,"MW4, 1978. Estimated values and fibre from Fish and Fish Products Supplement, 1993",
14-268,14-268,1,2841,"Whitecurrants, raw","whitecurrants, raw whole fruit, stalks removed","Whole fruit, stalks removed",FA,,"MW4, 1978. Values revised for Fruit and Nuts Supplement, 1992",
14-269,14-269,1,2842,"Whitecurrants, stewed with sugar","whitecurrants, stewed with sugar calculated from 700g fruit, 210g water, 84g sugar","Calculated from 700g fruit, 210g water, 84g sugar",FA,,"MW4, 1978. Values revised for Fruit and Nuts Supplement, 1992",
14-270,14-270,1,2843,"Whitecurrants, stewed without sugar","whitecurrants, stewed without sugar calculated from 700g fruit, 210g water","Calculated from 700g fruit, 210g water",FA,,"MW4, 1978. Values revised for Fruit and Nuts Supplement, 1992",
16-159,16-159,1,2844,"Whiting, flesh only, raw","whiting, flesh only, raw 11 samples from assorted outlets, whole fish and fillets","11 samples from assorted outlets, whole fish and fillets",JA,,"LGC, Nutritional survey fish and fish products, 1986-1987",
16-160,16-160,1,2845,"Whiting, flesh only, steamed","whiting, flesh only, steamed analysis and calculation from steamed, flesh only","Analysis and calculation from steamed, flesh only",JA,50-605,"LGC, Nutritional survey fish and fish products, 1986-1987",
16-161,16-161,1,2846,"Whiting, flesh only, steamed, weighed with bones and skin","whiting, flesh only, steamed, weighed with bones and skin calculated from steamed 16-160",Calculated from steamed 16-160,JA,50-606,"LGC, Nutritional survey fish and fish products, 1986-1987",
16-162,16-162,1,2847,"Whiting, in crumbs, fried in blended oil","whiting, in crumbs, fried in blended oil fillets coated in crumbs and fried",Fillets coated in crumbs and fried,JA,50-607,"LGC, Nutritional survey fish and fish products, 1986-1987",
16-163,16-163,1,2848,"Whiting, in crumbs, fried in blended oil, weighed with bones and skin","whiting, in crumbs, fried in blended oil, weighed with bones and skin calculated from fried in blended oil, 16-162","Calculated from fried in blended oil, 16-162",JA,50-608,"LGC, Nutritional survey fish and fish products, 1986-1987",
16-164,16-164,1,2849,"Whiting, in crumbs, fried in dripping","whiting, in crumbs, fried in dripping fillets coated in crumbs and fried",Fillets coated in crumbs and fried,JA,,"LGC, Nutritional survey fish and fish products, 1986-1987",
16-165,16-165,1,2850,"Whiting, in crumbs, fried in dripping, weighed with bones and skin","whiting, in crumbs, fried in dripping, weighed with bones and skin calculated from fried in dripping 16-164",Calculated from fried in dripping 16-164,JA,,"LGC, Nutritional survey fish and fish products, 1986-1987",
16-166,16-166,1,2851,"Whiting, in crumbs, fried in sunflower oil","whiting, in crumbs, fried in sunflower oil fillets coated in crumbs and fried",Fillets coated in crumbs and fried,JA,,"LGC, Nutritional survey fish and fish products, 1986-1987",
16-167,16-167,1,2852,"Whiting, in crumbs, fried in sunflower oil, weighed with bones and skin","whiting, in crumbs, fried in sunflower oil, weighed with bones and skin calculated from fried in sunflower oil 16-166",Calculated from fried in sunflower oil 16-166,JA,,"LGC, Nutritional survey fish and fish products, 1986-1987",
19-641,19-641,1,2853,"Wiener schnitzel, homemade","wiener schnitzel, homemade recipe",Recipe,MR,19-442,Updated 2014,
17-812,17-812,1,2854,"Wine, mulled wine, homemade","wine, mulled wine, homemade recipe",Recipe,QE,17-596,Updated 2013,
17-752,17-752,1,2855,"Wine, red","wine, red typically 11-15% abv. mixed sample from different countries",Typically 11-15% ABV. Mixed sample from different countries,QE,17-228,"Industry data 2010, 2013; and calculated from analytical data, 1984 and MW4. Vitamin K1 from Bolton-Smith et al Br.J. Nutr. 83, 2000",
17-754,17-754,1,2856,"Wine, rose, medium","wine, rose, medium 9.5-13.5% abv. 5 samples from different countries",9.5-13.5% ABV. 5 samples from different countries,QE,17-229,"MW4, 1978; and industry data 2013, 2013. Additional data from 50-1108",
17-755,17-755,1,2857,"Wine, white, dry","wine, white, dry 11-14% abv. 5 samples from different countries",11-14% ABV. 5 samples from different countries,QE,17-230,"MW4, 1978; and industry data 2010, 2013. Additional data from 50-1109",
17-756,17-756,1,2858,"Wine, white, medium","wine, white, medium 8-13% abv. mixed sample from different countries",8-13% ABV. Mixed sample from different countries,QE,17-231,"Industry data 2010, 2013; and calculated from analytical data, 1984 and MW4. Additional data from 50-1110",
17-757,17-757,1,2859,"Wine, white, sparkling","wine, white, sparkling approx. 11.5% abv. 5 samples from different countries, not including champagne","Approx. 11.5% ABV. 5 samples from different countries, not including champagne",QE,17-232,"LGC, Alcoholic beverages, soft drinks and tea and coffee survey, 1983-1984; and industry data, 2010, 2013",
17-233,17-233,1,2860,"Wine, white, sweet","wine, white, sweet 10-15% abv. mixed sample from different countries",10-15% ABV. Mixed sample from different countries,QE,50-1112,"Reviewed 2013. MW4, 1978. Additional data from 50-1112",
16-270,16-270,1,2861,"Winkles, boiled","winkles, boiled 11 samples,from stalls and fishmongers. purchased cooked","11 samples,from stalls and fishmongers. Purchased cooked",JM,50-649,"LGC, Nutritional survey fish and fish products, 1986-1987",
16-271,16-271,1,2862,"Winkles, boiled, weighed with shells","winkles, boiled, weighed with shells calculated from boiled 16-270",Calculated from boiled 16-270,JM,50-649,"LGC, Nutritional survey fish and fish products, 1986-1987",
17-723,17-723,1,2863,Worcestershire sauce,"worcestershire sauce 7 samples, 3 brands","7 samples, 3 brands",WCN,17-340,"LFRA, Nutrient analysis of miscellaneous foods, 1992; and industry data, 2013",
13-398,13-398,1,2864,"Yam, baked","yam, baked literature sources and calculation from raw; baked 30 minutes",Literature sources and calculation from raw; baked 30 minutes,DG,,"Vegetables, Herbs and Spices Supplement, 1991",
13-655,13-655,1,2865,"Yam, flesh only, boiled in unsalted water","yam, flesh only, boiled in unsalted water 8 samples, fresh, imported. peeled, cut into chunks and boiled for 20-30 minutes","8 samples, fresh, imported. Peeled, cut into chunks and boiled for 20-30 minutes",DG,13-400,"PHE, Nutrient analysis of fresh and processed fruit and vegetables with respect to fibre, 2017",
13-397,13-397,1,2866,"Yam, flesh only, raw","yam, flesh only, raw flesh only",flesh only,DG,50-836,"Vegetables, Herbs and Spices Supplement, 1991",
13-401,13-401,1,2867,"Yam, steamed","yam, steamed literature sources and calculation from raw, steamed 25 minutes","Literature sources and calculation from raw, steamed 25 minutes",DG,,"Vegetables, Herbs and Spices Supplement, 1991",
17-517,17-517,1,2868,Yeast extract,yeast extract mixed sample including marmite and own brands,Mixed sample including Marmite and own brands,WY,17-380 50-1179,"As Miscellaneous Foods Supplement 17-380 with folate from LGC 'Individual folates in foodstuffs' 1996, Food Surveillance Information Sheet No.92",
17-378,17-378,1,2869,"Yeast, bakers, compressed","yeast, bakers, compressed literature sources",Literature sources,WY,50-1187,"Reviewed 2013. MW4, 1978",
17-379,17-379,1,2870,"Yeast, dried","yeast, dried literature sources",Literature sources,WY,50-1188,"Reviewed 2013. MW4, 1978",
12-377,12-377,1,2871,"Yogurt, Greek style, fruit","yogurt, greek style, fruit 6 samples, 4 brands, including peach, apricot, strawberry and blackcurrant, made with whole milk","6 samples, 4 brands, including peach, apricot, strawberry and blackcurrant, made with whole milk",BN,,"Reviewed 2013. Campden and Chorleywood FRA, Nutrient analysis of yoghurts, fromage frais and chilled desserts, 1998; with fats, vitamins and some inorganics estimated from natural Greek style yogurt",
12-555,12-555,1,2872,"Yogurt, Greek style, plain","yogurt, greek style, plain 7 samples, 6 brands, made with whole milk","7 samples, 6 brands, made with whole milk",BN,12-376,"Reviewed 2013. Campden and Chorleywood FRA, Nutrient analysis of yoghurts, fromage frais and chilled desserts, 1998. Some vitamins estimated from 12-194, fats as Fatty Acids Supplement 12-872",
12-380,12-380,1,2873,"Yogurt, low fat, fruit","yogurt, low fat, fruit 21 samples, 9 brands, including french set","21 samples, 9 brands, including French set",BN,12-190 50-257,"Reviewed 2013. Campden and Chorleywood FRA, Nutrient analysis of yoghurts, fromage frais and chilled desserts, 1998. Cl, I and some vitamin values as 12-190. Vitamin K1 Bolton-Smith et al, Br J Nutr, 83, 2000",
12-904,12-904,1,2874,"Yogurt, low fat, hazelnut","yogurt, low fat, hazelnut 8 samples, 5 brands","8 samples, 5 brands",BNH,140,"Reviewed 2013. Campden and Chorleywood FRA, Nutrient analysis of yoghurts, fromage frais and chilled desserts, 1998",
12-379,12-379,1,2875,"Yogurt, low fat, plain","yogurt, low fat, plain 8 samples, 5 brands","8 samples, 5 brands",BN,12-188 12-870 50-255,"Reviewed 2013. Campden and Chorleywood FRA, Nutrient analysis of yoghurts, fromage frais and chilled desserts, 1998. Fatty acids as Fatty Acids Supplement (1998) 12-870. Vitamin K1 Bolton-Smith et al, Br J Nutr, 83, 2000",
12-905,12-905,1,2876,"Yogurt, low fat, toffee","yogurt, low fat, toffee 8 samples, 4 brands","8 samples, 4 brands",BNH,141,"Reviewed 2013. Campden and Chorleywood FRA, Nutrient analysis of yoghurts, fromage frais and chilled desserts, 1998",
12-609,12-609,1,2877,"Yogurt, soya, non-dairy alternative to yogurt, fruit, fortified","yogurt, soya, non-dairy alternative to yogurt, fruit, fortified 3 samples",3 samples,BN,12-381 12-529,"Campden and Chorleywood FRA, Nutrient analysis of yoghurts, fromage frais and chilled desserts, 1998. Fatty acids as published in Fatty Acids Supplement 12-873",
12-532,12-532,1,2878,"Yogurt, virtually fat free/diet, fruit","yogurt, virtually fat free/diet, fruit 14 samples, 10 brands, including bio varieties, flavours include strawberry, raspberry, black cherry and rhubarb","14 samples, 10 brands, including bio varieties, flavours include strawberry, raspberry, black cherry and rhubarb",BN,12-382,"Reviewed 2013. Data from CCFRA, Nutrient analysis of yoghurts, fromage frais and chilled desserts, 1998, with inorganics, vitamins, fats and sugars from LGC 1988 Yoghurt, very low fat/virtually fat free, fruit",
12-533,12-533,1,2879,"Yogurt, virtually fat free/diet, plain","yogurt, virtually fat free/diet, plain 6 samples, 4 brands, including bio varieties","6 samples, 4 brands, including bio varieties",BN,12-383,"Updated 2013. Campden and Chorleywood FRA, Nutrient analysis of yoghurts, fromage frais and chilled desserts, 1998; vitamin values as very low fat fruit yogurt LGC 88",
12-375,12-375,1,2880,"Yogurt, whole milk, fruit","yogurt, whole milk, fruit 9 samples, 5 brands, assorted flavours including bio varieties","9 samples, 5 brands, assorted flavours including bio varieties",BN,12-185 12-869 50-261,"Reviewed 2013. Campden and Chorleywood FRA, Nutrient analysis of yoghurts, fromage frais and chilled desserts, 1998. Fatty acids as published in Fatty Acid Supplement 12-869",
12-530,12-530,1,2881,"Yogurt, whole milk, infant, fruit flavour","yogurt, whole milk, infant, fruit flavour 8 samples, 4 brands, no fruit pieces","8 samples, 4 brands, no fruit pieces",BN,12-378,"Reviewed 2013. Campden and Chorleywood FRA, Nutrient analysis of yoghurts, fromage frais and chilled desserts, 1998. Fats as Fatty Acids Supplement (1998)12-903, missing inorganics and vitamins estimated from yogurt, whole milk, fruit",
12-184,12-184,1,2882,"Yogurt, whole milk, plain","yogurt, whole milk, plain 22 samples, 2 brands","22 samples, 2 brands",BNE,12-868 50-260,"Reviewed 2013. Milk Products and Eggs Supplement, 1989; fatty acids calculated from whole cows milk Fatty Acids Supplement 12-868",
12-515,12-515,1,2883,"Yogurt, whole milk, twin pot, not fruit","yogurt, whole milk, twin pot, not fruit with biscuit pieces and chocolate-coated cereal pieces",With biscuit pieces and chocolate-coated cereal pieces,BN,,Estimated from 2013 product label information,
12-531,12-531,1,2884,"Yogurt, whole milk, twin pot, thick and creamy with fruit","yogurt, whole milk, twin pot, thick and creamy with fruit 11 samples, 8 brands, various flavours","11 samples, 8 brands, various flavours",BN,12-374,"Reviewed 2013. LGC, Nutritional analysis of foods commonly consumed by schoolchildren, 1995, values calculated from 70% yogurt and 30% fruit",
11-960,11-960,1,2885,"Yorkshire pudding, made with semi-skimmed milk, homemade","yorkshire pudding, made with semi-skimmed milk, homemade recipe",Recipe,AT,,As MW6. Recalculated from 11-607 in 2013,
11-1135,11-1135,1,2886,"Yorkshire pudding, made with skimmed milk, homemade","yorkshire pudding, made with skimmed milk, homemade recipe",Recipe,AT,11-713,Updated 2014,
11-1146,11-1146,1,2887,"Yorkshire pudding, made with whole milk","yorkshire pudding, made with whole milk recipe",Recipe,AT,11-607,Recalculated 2014,
